bet_id,matchup_id,category,selection,published_book,available_book,offered_moneyline,estimated_win_probability,estimated_expected_return,threshold_met,comparison_book_count,source_quote_updated_at_utc,different_from_published_book,eligibility_basis
b5392d9bd5456136e909c804e04fc8e5a874c5de0571d2bc83bfcea3aa049f0a,matchup_0dc64302fb9aa1e8a2fefa3fcd256374a63542df95f08a12b53d18c5af710d5b,Total rounds,Over 3.5 rounds,BetOnline.ag,BetUS,210,0.7790103490210136,1.4149320819651425,True,3,2026-09-04T17:26:17.000000Z,True,same published selection; fresh saved prices; raw policy EV
b5392d9bd5456136e909c804e04fc8e5a874c5de0571d2bc83bfcea3aa049f0a,matchup_0dc64302fb9aa1e8a2fefa3fcd256374a63542df95f08a12b53d18c5af710d5b,Total rounds,Over 3.5 rounds,BetOnline.ag,BetOnline.ag,212,0.7790103490210136,1.4305122889455628,True,3,2026-09-04T17:26:25.000000Z,False,same published selection; fresh saved prices; raw policy EV
b5392d9bd5456136e909c804e04fc8e5a874c5de0571d2bc83bfcea3aa049f0a,matchup_0dc64302fb9aa1e8a2fefa3fcd256374a63542df95f08a12b53d18c5af710d5b,Total rounds,Over 3.5 rounds,BetOnline.ag,DraftKings,195,0.7790103490210136,1.2980805296119904,True,3,2026-09-04T17:26:15.000000Z,True,same published selection; fresh saved prices; raw policy EV
b5392d9bd5456136e909c804e04fc8e5a874c5de0571d2bc83bfcea3aa049f0a,matchup_0dc64302fb9aa1e8a2fefa3fcd256374a63542df95f08a12b53d18c5af710d5b,Total rounds,Over 3.5 rounds,BetOnline.ag,BetAnything,200,0.7790103490210136,1.337031047063041,True,3,2026-09-04T17:26:17.000000Z,True,same published selection; fresh saved prices; raw policy EV
6db050e16910691e22e7c9967884f6def70d37fae4d9a4a984ce8fe4e4492273,matchup_0dc64302fb9aa1e8a2fefa3fcd256374a63542df95f08a12b53d18c5af710d5b,Total rounds,Over 2.5 rounds,Bovada,Bovada,120,0.8429376274832738,0.8544627804632026,True,0,2026-09-04T17:23:47.000000Z,False,same published selection; fresh saved prices; raw policy EV
9f9268ea86192a8e9cd6b35f3e1209d068810b5d1b35efe0c6747247f2518801,matchup_28fea7b40a742271baa73e0e4459f1d5777e4498f310623c111e7397e38f7183,Total rounds,Over 1.5 rounds,Bovada,BetOnline.ag,111,0.6826153456050497,0.44031837922665495,True,3,2026-09-04T17:26:25.000000Z,True,same published selection; fresh saved prices; raw policy EV
9f9268ea86192a8e9cd6b35f3e1209d068810b5d1b35efe0c6747247f2518801,matchup_28fea7b40a742271baa73e0e4459f1d5777e4498f310623c111e7397e38f7183,Total rounds,Over 1.5 rounds,Bovada,BetAnything,105,0.6826153456050497,0.39936145849035176,True,3,2026-09-04T17:26:17.000000Z,True,same published selection; fresh saved prices; raw policy EV
9f9268ea86192a8e9cd6b35f3e1209d068810b5d1b35efe0c6747247f2518801,matchup_28fea7b40a742271baa73e0e4459f1d5777e4498f310623c111e7397e38f7183,Total rounds,Over 1.5 rounds,Bovada,BetUS,114,0.6826153456050497,0.4607968395948061,True,3,2026-09-04T17:26:17.000000Z,True,same published selection; fresh saved prices; raw policy EV
9f9268ea86192a8e9cd6b35f3e1209d068810b5d1b35efe0c6747247f2518801,matchup_28fea7b40a742271baa73e0e4459f1d5777e4498f310623c111e7397e38f7183,Total rounds,Over 1.5 rounds,Bovada,Bovada,115,0.6826153456050497,0.46762299305085664,True,3,2026-09-04T17:23:47.000000Z,False,same published selection; fresh saved prices; raw policy EV
5461e508ac16f66e5f0339d917165f846b04613313778908538c573b3393179c,matchup_5ba9978871b848d5b7445f82c33ad8b233afd688c6347983e72b3aec7be3e696,Total rounds,Under 2.5 rounds,BetOnline.ag,BetUS,142,0.5678962666990528,0.3743089654117078,True,4,2026-09-04T17:26:17.000000Z,True,same published selection; fresh saved prices; raw policy EV
5461e508ac16f66e5f0339d917165f846b04613313778908538c573b3393179c,matchup_5ba9978871b848d5b7445f82c33ad8b233afd688c6347983e72b3aec7be3e696,Total rounds,Under 2.5 rounds,BetOnline.ag,Bovada,140,0.5678962666990528,0.3629510400777267,True,4,2026-09-04T17:23:47.000000Z,True,same published selection; fresh saved prices; raw policy EV
5461e508ac16f66e5f0339d917165f846b04613313778908538c573b3393179c,matchup_5ba9978871b848d5b7445f82c33ad8b233afd688c6347983e72b3aec7be3e696,Total rounds,Under 2.5 rounds,BetOnline.ag,BetAnything,140,0.5678962666990528,0.3629510400777267,True,4,2026-09-04T17:26:17.000000Z,True,same published selection; fresh saved prices; raw policy EV
5461e508ac16f66e5f0339d917165f846b04613313778908538c573b3393179c,matchup_5ba9978871b848d5b7445f82c33ad8b233afd688c6347983e72b3aec7be3e696,Total rounds,Under 2.5 rounds,BetOnline.ag,DraftKings,145,0.5678962666990528,0.39134585341267947,True,4,2026-09-04T17:26:15.000000Z,True,same published selection; fresh saved prices; raw policy EV
5461e508ac16f66e5f0339d917165f846b04613313778908538c573b3393179c,matchup_5ba9978871b848d5b7445f82c33ad8b233afd688c6347983e72b3aec7be3e696,Total rounds,Under 2.5 rounds,BetOnline.ag,BetOnline.ag,145,0.5678962666990528,0.39134585341267947,True,4,2026-09-04T17:26:25.000000Z,False,same published selection; fresh saved prices; raw policy EV
f66117295e68bae8bf8eea623f35e6b92659b4545777857c5260cead8b175d33,matchup_cf3205b162a0dde589038b55f4225ba43c70eea4bcc574f1ed3694825204d030,Total rounds,Over 2.5 rounds,Bovada,Bovada,120,0.6275644867603729,0.38064187087282053,True,0,2026-09-04T17:23:47.000000Z,False,same published selection; fresh saved prices; raw policy EV
cbe9992fbe4b4f5905f9e772412877951afc30f3c3ff4c114ed0875a36d77d02,matchup_c6f99d827d99147ec40154996f5cd9c439402f8c1fe7b0c6d927bd3c81990c61,Total rounds,Under 2.5 rounds,BetUS,Bovada,200,0.44184081682171694,0.3255224504651508,True,4,2026-09-04T17:23:47.000000Z,True,same published selection; fresh saved prices; raw policy EV
cbe9992fbe4b4f5905f9e772412877951afc30f3c3ff4c114ed0875a36d77d02,matchup_c6f99d827d99147ec40154996f5cd9c439402f8c1fe7b0c6d927bd3c81990c61,Total rounds,Under 2.5 rounds,BetUS,BetAnything,190,0.44184081682171694,0.28133836878297913,True,4,2026-09-04T17:26:17.000000Z,True,same published selection; fresh saved prices; raw policy EV
cbe9992fbe4b4f5905f9e772412877951afc30f3c3ff4c114ed0875a36d77d02,matchup_c6f99d827d99147ec40154996f5cd9c439402f8c1fe7b0c6d927bd3c81990c61,Total rounds,Under 2.5 rounds,BetUS,DraftKings,195,0.44184081682171694,0.303430409624065,True,4,2026-09-04T17:26:15.000000Z,True,same published selection; fresh saved prices; raw policy EV
cbe9992fbe4b4f5905f9e772412877951afc30f3c3ff4c114ed0875a36d77d02,matchup_c6f99d827d99147ec40154996f5cd9c439402f8c1fe7b0c6d927bd3c81990c61,Total rounds,Under 2.5 rounds,BetUS,BetOnline.ag,196,0.44184081682171694,0.30784881779228224,True,4,2026-09-04T17:26:25.000000Z,True,same published selection; fresh saved prices; raw policy EV
cbe9992fbe4b4f5905f9e772412877951afc30f3c3ff4c114ed0875a36d77d02,matchup_c6f99d827d99147ec40154996f5cd9c439402f8c1fe7b0c6d927bd3c81990c61,Total rounds,Under 2.5 rounds,BetUS,BetUS,202,0.44184081682171694,0.3343592668015851,True,4,2026-09-04T17:26:17.000000Z,False,same published selection; fresh saved prices; raw policy EV
fc08f5539c8e11dfcc18a3e5ea7dc0ad62f2b836ac2f799cecc76db334e373fd,matchup_c4fdd2478b8f9bfba7f679889348ae3848153f5d11360f550d52e07349e29e17,Total rounds,Over 1.5 rounds,BetOnline.ag,BetUS,110,0.6160673917764953,0.29374152273064014,True,4,2026-09-04T17:26:17.000000Z,True,same published selection; fresh saved prices; raw policy EV
fc08f5539c8e11dfcc18a3e5ea7dc0ad62f2b836ac2f799cecc76db334e373fd,matchup_c4fdd2478b8f9bfba7f679889348ae3848153f5d11360f550d52e07349e29e17,Total rounds,Over 1.5 rounds,BetOnline.ag,DraftKings,105,0.6160673917764953,0.2629381531418151,True,4,2026-09-04T17:26:15.000000Z,True,same published selection; fresh saved prices; raw policy EV
fc08f5539c8e11dfcc18a3e5ea7dc0ad62f2b836ac2f799cecc76db334e373fd,matchup_c4fdd2478b8f9bfba7f679889348ae3848153f5d11360f550d52e07349e29e17,Total rounds,Over 1.5 rounds,BetOnline.ag,Bovada,105,0.6160673917764953,0.2629381531418151,True,4,2026-09-04T17:23:47.000000Z,True,same published selection; fresh saved prices; raw policy EV
fc08f5539c8e11dfcc18a3e5ea7dc0ad62f2b836ac2f799cecc76db334e373fd,matchup_c4fdd2478b8f9bfba7f679889348ae3848153f5d11360f550d52e07349e29e17,Total rounds,Over 1.5 rounds,BetOnline.ag,BetOnline.ag,110,0.6160673917764953,0.29374152273064014,True,4,2026-09-04T17:26:25.000000Z,False,same published selection; fresh saved prices; raw policy EV
fc08f5539c8e11dfcc18a3e5ea7dc0ad62f2b836ac2f799cecc76db334e373fd,matchup_c4fdd2478b8f9bfba7f679889348ae3848153f5d11360f550d52e07349e29e17,Total rounds,Over 1.5 rounds,BetOnline.ag,BetAnything,100,0.6160673917764953,0.23213478355299055,True,4,2026-09-04T17:26:17.000000Z,True,same published selection; fresh saved prices; raw policy EV
965dec1c615389cc94e7e21aebe340839694f8a4e29fb590b98f79314a47d8e8,matchup_1fce52baf78bc8d3d8b338f10139cc7aeb18fe188c5bae17140a9dcc62f262e6,Total rounds,Under 2.5 rounds,BetUS,Bovada,170,0.43038227299969145,0.16203213709916708,True,4,2026-09-04T17:23:47.000000Z,True,same published selection; fresh saved prices; raw policy EV
965dec1c615389cc94e7e21aebe340839694f8a4e29fb590b98f79314a47d8e8,matchup_1fce52baf78bc8d3d8b338f10139cc7aeb18fe188c5bae17140a9dcc62f262e6,Total rounds,Under 2.5 rounds,BetUS,DraftKings,165,0.43038227299969145,0.14051302344918226,True,4,2026-09-04T17:26:15.000000Z,True,same published selection; fresh saved prices; raw policy EV
965dec1c615389cc94e7e21aebe340839694f8a4e29fb590b98f79314a47d8e8,matchup_1fce52baf78bc8d3d8b338f10139cc7aeb18fe188c5bae17140a9dcc62f262e6,Total rounds,Under 2.5 rounds,BetUS,BetUS,186,0.43038227299969145,0.23089330077911763,True,4,2026-09-04T17:26:17.000000Z,False,same published selection; fresh saved prices; raw policy EV
965dec1c615389cc94e7e21aebe340839694f8a4e29fb590b98f79314a47d8e8,matchup_1fce52baf78bc8d3d8b338f10139cc7aeb18fe188c5bae17140a9dcc62f262e6,Total rounds,Under 2.5 rounds,BetUS,BetAnything,170,0.43038227299969145,0.16203213709916708,True,4,2026-09-04T17:26:17.000000Z,True,same published selection; fresh saved prices; raw policy EV
965dec1c615389cc94e7e21aebe340839694f8a4e29fb590b98f79314a47d8e8,matchup_1fce52baf78bc8d3d8b338f10139cc7aeb18fe188c5bae17140a9dcc62f262e6,Total rounds,Under 2.5 rounds,BetUS,BetOnline.ag,181,0.43038227299969145,0.20937418712913303,True,4,2026-09-04T17:26:25.000000Z,True,same published selection; fresh saved prices; raw policy EV
6b73b564805ab4e6fb125c5da4ad3f18ef7fdfa3334754c267a0c95c5a1a05a8,matchup_cf3205b162a0dde589038b55f4225ba43c70eea4bcc574f1ed3694825204d030,Total rounds,Over 1.5 rounds,BetAnything,DraftKings,-175,0.7524024830566337,0.18234675908899578,True,3,2026-09-04T17:26:15.000000Z,True,same published selection; fresh saved prices; raw policy EV
6b73b564805ab4e6fb125c5da4ad3f18ef7fdfa3334754c267a0c95c5a1a05a8,matchup_cf3205b162a0dde589038b55f4225ba43c70eea4bcc574f1ed3694825204d030,Total rounds,Over 1.5 rounds,BetAnything,BetOnline.ag,-170,0.7524024830566337,0.1949921789723006,True,3,2026-09-04T17:26:25.000000Z,True,same published selection; fresh saved prices; raw policy EV
6b73b564805ab4e6fb125c5da4ad3f18ef7fdfa3334754c267a0c95c5a1a05a8,matchup_cf3205b162a0dde589038b55f4225ba43c70eea4bcc574f1ed3694825204d030,Total rounds,Over 1.5 rounds,BetAnything,BetAnything,-170,0.7524024830566337,0.1949921789723006,True,3,2026-09-04T17:26:17.000000Z,False,same published selection; fresh saved prices; raw policy EV
6b73b564805ab4e6fb125c5da4ad3f18ef7fdfa3334754c267a0c95c5a1a05a8,matchup_cf3205b162a0dde589038b55f4225ba43c70eea4bcc574f1ed3694825204d030,Total rounds,Over 1.5 rounds,BetAnything,BetUS,-170,0.7524024830566337,0.1949921789723006,True,3,2026-09-04T17:26:17.000000Z,True,same published selection; fresh saved prices; raw policy EV
abe041c4a5d487cc2ea441e19818c4815a88c09f38b2b1eb7cfc3e0cdeb45063,matchup_41ba239087a241674fcd8f74181fb92a25ca542b10d45301b7c21c7489209f99,Moneyline,Tai Tuivasa,BetOnline.ag,Bally Bet,400,0.1834822540195663,-0.08258872990216848,False,6,2026-09-04T17:26:15.000000Z,True,same published selection; fresh saved prices; raw policy EV
abe041c4a5d487cc2ea441e19818c4815a88c09f38b2b1eb7cfc3e0cdeb45063,matchup_41ba239087a241674fcd8f74181fb92a25ca542b10d45301b7c21c7489209f99,Moneyline,Tai Tuivasa,BetOnline.ag,BetOnline.ag,505,0.18859436302939128,0.14099589632781728,True,6,2026-09-04T17:26:25.000000Z,False,same published selection; fresh saved prices; raw policy EV
abe041c4a5d487cc2ea441e19818c4815a88c09f38b2b1eb7cfc3e0cdeb45063,matchup_41ba239087a241674fcd8f74181fb92a25ca542b10d45301b7c21c7489209f99,Moneyline,Tai Tuivasa,BetOnline.ag,betPARX,400,0.1834822540195663,-0.08258872990216848,False,6,2026-09-04T17:24:57.000000Z,True,same published selection; fresh saved prices; raw policy EV
abe041c4a5d487cc2ea441e19818c4815a88c09f38b2b1eb7cfc3e0cdeb45063,matchup_41ba239087a241674fcd8f74181fb92a25ca542b10d45301b7c21c7489209f99,Moneyline,Tai Tuivasa,BetOnline.ag,BetRivers,400,0.1834822540195663,-0.08258872990216848,False,6,2026-09-04T17:26:16.000000Z,True,same published selection; fresh saved prices; raw policy EV
abe041c4a5d487cc2ea441e19818c4815a88c09f38b2b1eb7cfc3e0cdeb45063,matchup_41ba239087a241674fcd8f74181fb92a25ca542b10d45301b7c21c7489209f99,Moneyline,Tai Tuivasa,BetOnline.ag,DraftKings,470,0.18701729922127816,0.06599860556128556,True,6,2026-09-04T17:26:15.000000Z,True,same published selection; fresh saved prices; raw policy EV
abe041c4a5d487cc2ea441e19818c4815a88c09f38b2b1eb7cfc3e0cdeb45063,matchup_41ba239087a241674fcd8f74181fb92a25ca542b10d45301b7c21c7489209f99,Moneyline,Tai Tuivasa,BetOnline.ag,FanDuel,360,0.18085141028702764,-0.16808351267967292,False,6,2026-09-04T17:26:15.000000Z,True,same published selection; fresh saved prices; raw policy EV
abe041c4a5d487cc2ea441e19818c4815a88c09f38b2b1eb7cfc3e0cdeb45063,matchup_41ba239087a241674fcd8f74181fb92a25ca542b10d45301b7c21c7489209f99,Moneyline,Tai Tuivasa,BetOnline.ag,Hard Rock Bet,400,0.18354412908144135,-0.08227935459279323,False,6,2026-09-04T17:26:40.000000Z,True,same published selection; fresh saved prices; raw policy EV
058ea659efe422b41644d3452eea06c1b9ac951df179d79f0edf00efae571dcc,matchup_59d3204bd6591089d45ebe3e85e99fc60ec6d3301eb3884ceb1d0451d9599614,Total rounds,Under 2.5 rounds,BetOnline.ag,DraftKings,175,0.39214956654142863,0.07841130798892881,True,4,2026-09-04T17:26:15.000000Z,True,same published selection; fresh saved prices; raw policy EV
058ea659efe422b41644d3452eea06c1b9ac951df179d79f0edf00efae571dcc,matchup_59d3204bd6591089d45ebe3e85e99fc60ec6d3301eb3884ceb1d0451d9599614,Total rounds,Under 2.5 rounds,BetOnline.ag,BetUS,186,0.39214956654142863,0.12154776030848602,True,4,2026-09-04T17:26:17.000000Z,True,same published selection; fresh saved prices; raw policy EV
058ea659efe422b41644d3452eea06c1b9ac951df179d79f0edf00efae571dcc,matchup_59d3204bd6591089d45ebe3e85e99fc60ec6d3301eb3884ceb1d0451d9599614,Total rounds,Under 2.5 rounds,BetOnline.ag,Bovada,175,0.39214956654142863,0.07841130798892881,True,4,2026-09-04T17:23:47.000000Z,True,same published selection; fresh saved prices; raw policy EV
058ea659efe422b41644d3452eea06c1b9ac951df179d79f0edf00efae571dcc,matchup_59d3204bd6591089d45ebe3e85e99fc60ec6d3301eb3884ceb1d0451d9599614,Total rounds,Under 2.5 rounds,BetOnline.ag,BetOnline.ag,189,0.39214956654142863,0.13331224730472857,True,4,2026-09-04T17:26:25.000000Z,False,same published selection; fresh saved prices; raw policy EV
058ea659efe422b41644d3452eea06c1b9ac951df179d79f0edf00efae571dcc,matchup_59d3204bd6591089d45ebe3e85e99fc60ec6d3301eb3884ceb1d0451d9599614,Total rounds,Under 2.5 rounds,BetOnline.ag,BetAnything,170,0.39214956654142863,0.058803829661857376,True,4,2026-09-04T17:26:17.000000Z,True,same published selection; fresh saved prices; raw policy EV
1fe3ca51c194ae7e6e64d695639986d5d96396bec6cac1b3ada7281e22996064,matchup_a98b162dd2ff1d5415a572a5a20b0f37599fc71cd28b0ac30b961720373d1199,Total rounds,Under 2.5 rounds,Bovada,BetOnline.ag,124,0.47107138907760415,0.0551999115338333,True,4,2026-09-04T17:26:25.000000Z,True,same published selection; fresh saved prices; raw policy EV
1fe3ca51c194ae7e6e64d695639986d5d96396bec6cac1b3ada7281e22996064,matchup_a98b162dd2ff1d5415a572a5a20b0f37599fc71cd28b0ac30b961720373d1199,Total rounds,Under 2.5 rounds,Bovada,Bovada,125,0.47107138907760415,0.05991062542460934,True,4,2026-09-04T17:23:47.000000Z,False,same published selection; fresh saved prices; raw policy EV
1fe3ca51c194ae7e6e64d695639986d5d96396bec6cac1b3ada7281e22996064,matchup_a98b162dd2ff1d5415a572a5a20b0f37599fc71cd28b0ac30b961720373d1199,Total rounds,Under 2.5 rounds,Bovada,BetAnything,115,0.47107138907760415,0.012803486516848928,False,4,2026-09-04T17:26:17.000000Z,True,same published selection; fresh saved prices; raw policy EV
1fe3ca51c194ae7e6e64d695639986d5d96396bec6cac1b3ada7281e22996064,matchup_a98b162dd2ff1d5415a572a5a20b0f37599fc71cd28b0ac30b961720373d1199,Total rounds,Under 2.5 rounds,Bovada,DraftKings,124,0.47107138907760415,0.0551999115338333,True,4,2026-09-04T17:26:15.000000Z,True,same published selection; fresh saved prices; raw policy EV
1fe3ca51c194ae7e6e64d695639986d5d96396bec6cac1b3ada7281e22996064,matchup_a98b162dd2ff1d5415a572a5a20b0f37599fc71cd28b0ac30b961720373d1199,Total rounds,Under 2.5 rounds,Bovada,BetUS,122,0.47107138907760415,0.045778483752280996,False,4,2026-09-04T17:26:17.000000Z,True,same published selection; fresh saved prices; raw policy EV
