surface,matchup_id,selection,book,moneyline,estimated_probability,estimated_expected_return,observed_at_utc,comparison_only,on_qualified_board,price_contract_complete,settlement_status,paper_action
method_price_comparison,matchup_0dc64302fb9aa1e8a2fefa3fcd256374a63542df95f08a12b53d18c5af710d5b,Dan Hooker by KO/TKO,BetRivers,950,0.12054510487014498,0.26572360113652227,2026-09-02T17:28:02.040136Z,True,False,False,not_enabled_until_book_contracts_are_verified,
method_price_comparison,matchup_0dc64302fb9aa1e8a2fefa3fcd256374a63542df95f08a12b53d18c5af710d5b,Dan Hooker by SUBMISSION,BetRivers,1300,0.09830305465560253,0.37624276517843547,2026-09-02T17:28:02.040136Z,True,False,False,not_enabled_until_book_contracts_are_verified,
method_price_comparison,matchup_0dc64302fb9aa1e8a2fefa3fcd256374a63542df95f08a12b53d18c5af710d5b,Dan Hooker by DECISION,BetRivers,1400,0.5746580012396109,7.619870018594163,2026-09-02T17:28:02.040136Z,True,False,False,not_enabled_until_book_contracts_are_verified,
method_price_comparison,matchup_0dc64302fb9aa1e8a2fefa3fcd256374a63542df95f08a12b53d18c5af710d5b,Dan Hooker by KO/TKO,BetWay,800,0.12054510487014498,0.0849059438313049,2026-09-02T17:28:02.040136Z,True,False,False,not_enabled_until_book_contracts_are_verified,
method_price_comparison,matchup_0dc64302fb9aa1e8a2fefa3fcd256374a63542df95f08a12b53d18c5af710d5b,Dan Hooker by SUBMISSION,BetWay,1600,0.09830305465560253,0.671151929145243,2026-09-02T17:28:02.040136Z,True,False,False,not_enabled_until_book_contracts_are_verified,
method_price_comparison,matchup_0dc64302fb9aa1e8a2fefa3fcd256374a63542df95f08a12b53d18c5af710d5b,Dan Hooker by DECISION,BetWay,1200,0.5746580012396109,6.470554016114941,2026-09-02T17:28:02.040136Z,True,False,False,not_enabled_until_book_contracts_are_verified,
method_price_comparison,matchup_0dc64302fb9aa1e8a2fefa3fcd256374a63542df95f08a12b53d18c5af710d5b,Dan Hooker by KO/TKO,FanDuel,1000,0.12054510487014498,0.3259961535715947,2026-09-02T17:28:02.040136Z,True,False,False,not_enabled_until_book_contracts_are_verified,
method_price_comparison,matchup_0dc64302fb9aa1e8a2fefa3fcd256374a63542df95f08a12b53d18c5af710d5b,Dan Hooker by SUBMISSION,FanDuel,1500,0.09830305465560253,0.5728488744896405,2026-09-02T17:28:02.040136Z,True,False,False,not_enabled_until_book_contracts_are_verified,
method_price_comparison,matchup_0dc64302fb9aa1e8a2fefa3fcd256374a63542df95f08a12b53d18c5af710d5b,Dan Hooker by DECISION,FanDuel,1600,0.5746580012396109,8.769186021073384,2026-09-02T17:28:02.040136Z,True,False,False,not_enabled_until_book_contracts_are_verified,
method_price_comparison,matchup_0dc64302fb9aa1e8a2fefa3fcd256374a63542df95f08a12b53d18c5af710d5b,Dan Hooker by KO/TKO,Unibet,1000,0.12054510487014498,0.3259961535715947,2026-09-02T17:28:02.040136Z,True,False,False,not_enabled_until_book_contracts_are_verified,
method_price_comparison,matchup_0dc64302fb9aa1e8a2fefa3fcd256374a63542df95f08a12b53d18c5af710d5b,Dan Hooker by SUBMISSION,Unibet,1300,0.09830305465560253,0.37624276517843547,2026-09-02T17:28:02.040136Z,True,False,False,not_enabled_until_book_contracts_are_verified,
method_price_comparison,matchup_0dc64302fb9aa1e8a2fefa3fcd256374a63542df95f08a12b53d18c5af710d5b,Dan Hooker by DECISION,Unibet,1400,0.5746580012396109,7.619870018594163,2026-09-02T17:28:02.040136Z,True,False,False,not_enabled_until_book_contracts_are_verified,
method_price_comparison,matchup_59d3204bd6591089d45ebe3e85e99fc60ec6d3301eb3884ceb1d0451d9599614,Axel Sola by KO/TKO,BetRivers,700,0.12608629594979115,0.008690367598329196,2026-09-02T17:28:02.040136Z,True,False,False,not_enabled_until_book_contracts_are_verified,
method_price_comparison,matchup_59d3204bd6591089d45ebe3e85e99fc60ec6d3301eb3884ceb1d0451d9599614,Axel Sola by SUBMISSION,BetRivers,950,0.053951980118599155,-0.43350420875470885,2026-09-02T17:28:02.040136Z,True,False,False,not_enabled_until_book_contracts_are_verified,
method_price_comparison,matchup_59d3204bd6591089d45ebe3e85e99fc60ec6d3301eb3884ceb1d0451d9599614,Axel Sola by DECISION,BetRivers,265,0.19281276733178582,-0.29623339923898173,2026-09-02T17:28:02.040136Z,True,False,False,not_enabled_until_book_contracts_are_verified,
method_price_comparison,matchup_59d3204bd6591089d45ebe3e85e99fc60ec6d3301eb3884ceb1d0451d9599614,Axel Sola by KO/TKO,BetWay,600,0.12608629594979115,-0.11739592835146195,2026-09-02T17:28:02.040136Z,True,False,False,not_enabled_until_book_contracts_are_verified,
method_price_comparison,matchup_59d3204bd6591089d45ebe3e85e99fc60ec6d3301eb3884ceb1d0451d9599614,Axel Sola by SUBMISSION,BetWay,700,0.053951980118599155,-0.5683841590512068,2026-09-02T17:28:02.040136Z,True,False,False,not_enabled_until_book_contracts_are_verified,
method_price_comparison,matchup_59d3204bd6591089d45ebe3e85e99fc60ec6d3301eb3884ceb1d0451d9599614,Axel Sola by DECISION,BetWay,275,0.19281276733178582,-0.27695212250580314,2026-09-02T17:28:02.040136Z,True,False,False,not_enabled_until_book_contracts_are_verified,
method_price_comparison,matchup_59d3204bd6591089d45ebe3e85e99fc60ec6d3301eb3884ceb1d0451d9599614,Axel Sola by KO/TKO,FanDuel,800,0.12608629594979115,0.13477666354812046,2026-09-02T17:28:02.040136Z,True,False,False,not_enabled_until_book_contracts_are_verified,
method_price_comparison,matchup_59d3204bd6591089d45ebe3e85e99fc60ec6d3301eb3884ceb1d0451d9599614,Axel Sola by SUBMISSION,FanDuel,1000,0.053951980118599155,-0.40652821869540934,2026-09-02T17:28:02.040136Z,True,False,False,not_enabled_until_book_contracts_are_verified,
method_price_comparison,matchup_59d3204bd6591089d45ebe3e85e99fc60ec6d3301eb3884ceb1d0451d9599614,Axel Sola by DECISION,FanDuel,270,0.19281276733178582,-0.2865927608723925,2026-09-02T17:28:02.040136Z,True,False,False,not_enabled_until_book_contracts_are_verified,
method_price_comparison,matchup_59d3204bd6591089d45ebe3e85e99fc60ec6d3301eb3884ceb1d0451d9599614,Axel Sola by KO/TKO,Unibet,700,0.12608629594979115,0.008690367598329196,2026-09-02T17:28:02.040136Z,True,False,False,not_enabled_until_book_contracts_are_verified,
method_price_comparison,matchup_59d3204bd6591089d45ebe3e85e99fc60ec6d3301eb3884ceb1d0451d9599614,Axel Sola by SUBMISSION,Unibet,950,0.053951980118599155,-0.43350420875470885,2026-09-02T17:28:02.040136Z,True,False,False,not_enabled_until_book_contracts_are_verified,
method_price_comparison,matchup_59d3204bd6591089d45ebe3e85e99fc60ec6d3301eb3884ceb1d0451d9599614,Axel Sola by DECISION,Unibet,265,0.19281276733178582,-0.29623339923898173,2026-09-02T17:28:02.040136Z,True,False,False,not_enabled_until_book_contracts_are_verified,
method_price_comparison,matchup_51f9afe90b3c10f198f3b831550026bc05de06a230ace43ae9714acb3e53915e,Michael Page by KO/TKO,BetRivers,320,0.23260325350703542,-0.02306633527045121,2026-09-02T17:28:02.040136Z,True,False,False,not_enabled_until_book_contracts_are_verified,
method_price_comparison,matchup_51f9afe90b3c10f198f3b831550026bc05de06a230ace43ae9714acb3e53915e,Michael Page by SUBMISSION,BetRivers,2000,0.07077947358232566,0.48636894522883867,2026-09-02T17:28:02.040136Z,True,False,False,not_enabled_until_book_contracts_are_verified,
method_price_comparison,matchup_51f9afe90b3c10f198f3b831550026bc05de06a230ace43ae9714acb3e53915e,Michael Page by DECISION,BetRivers,133,0.2293337577818689,-0.46565234436824543,2026-09-02T17:28:02.040136Z,True,False,False,not_enabled_until_book_contracts_are_verified,
method_price_comparison,matchup_51f9afe90b3c10f198f3b831550026bc05de06a230ace43ae9714acb3e53915e,Michael Page by KO/TKO,BetWay,300,0.23260325350703542,-0.0695869859718583,2026-09-02T17:28:02.040136Z,True,False,False,not_enabled_until_book_contracts_are_verified,
method_price_comparison,matchup_51f9afe90b3c10f198f3b831550026bc05de06a230ace43ae9714acb3e53915e,Michael Page by SUBMISSION,BetWay,2500,0.07077947358232566,0.8402663131404671,2026-09-02T17:28:02.040136Z,True,False,False,not_enabled_until_book_contracts_are_verified,
method_price_comparison,matchup_51f9afe90b3c10f198f3b831550026bc05de06a230ace43ae9714acb3e53915e,Michael Page by DECISION,BetWay,110,0.2293337577818689,-0.5183991086580753,2026-09-02T17:28:02.040136Z,True,False,False,not_enabled_until_book_contracts_are_verified,
method_price_comparison,matchup_51f9afe90b3c10f198f3b831550026bc05de06a230ace43ae9714acb3e53915e,Michael Page by KO/TKO,FanDuel,330,0.23260325350703542,0.00019399008025233755,2026-09-02T17:28:02.040136Z,True,False,False,not_enabled_until_book_contracts_are_verified,
method_price_comparison,matchup_51f9afe90b3c10f198f3b831550026bc05de06a230ace43ae9714acb3e53915e,Michael Page by SUBMISSION,FanDuel,3300,0.07077947358232566,1.4065021017990724,2026-09-02T17:28:02.040136Z,True,False,False,not_enabled_until_book_contracts_are_verified,
method_price_comparison,matchup_51f9afe90b3c10f198f3b831550026bc05de06a230ace43ae9714acb3e53915e,Michael Page by DECISION,FanDuel,135,0.2293337577818689,-0.46106566921260805,2026-09-02T17:28:02.040136Z,True,False,False,not_enabled_until_book_contracts_are_verified,
method_price_comparison,matchup_51f9afe90b3c10f198f3b831550026bc05de06a230ace43ae9714acb3e53915e,Michael Page by KO/TKO,Unibet,320,0.23260325350703542,-0.02306633527045121,2026-09-02T17:28:02.040136Z,True,False,False,not_enabled_until_book_contracts_are_verified,
method_price_comparison,matchup_51f9afe90b3c10f198f3b831550026bc05de06a230ace43ae9714acb3e53915e,Michael Page by SUBMISSION,Unibet,2500,0.07077947358232566,0.8402663131404671,2026-09-02T17:28:02.040136Z,True,False,False,not_enabled_until_book_contracts_are_verified,
method_price_comparison,matchup_51f9afe90b3c10f198f3b831550026bc05de06a230ace43ae9714acb3e53915e,Michael Page by DECISION,Unibet,132,0.2293337577818689,-0.4679456819460641,2026-09-02T17:28:02.040136Z,True,False,False,not_enabled_until_book_contracts_are_verified,
method_price_comparison,matchup_86b2eb61db67ca8fa121533f6e961a913c37fc9cd4cd9b044b5534cfa1159816,Daniil Donchenko by KO/TKO,BetRivers,117,0.3604672316904732,-0.21778610723167324,2026-09-02T17:28:02.040136Z,True,False,False,not_enabled_until_book_contracts_are_verified,
method_price_comparison,matchup_86b2eb61db67ca8fa121533f6e961a913c37fc9cd4cd9b044b5534cfa1159816,Daniil Donchenko by SUBMISSION,BetRivers,1100,0.12811629178315354,0.5373955013978424,2026-09-02T17:28:02.040136Z,True,False,False,not_enabled_until_book_contracts_are_verified,
method_price_comparison,matchup_86b2eb61db67ca8fa121533f6e961a913c37fc9cd4cd9b044b5534cfa1159816,Daniil Donchenko by DECISION,BetRivers,325,0.24027509274886752,0.021169144182686894,2026-09-02T17:28:02.040136Z,True,False,False,not_enabled_until_book_contracts_are_verified,
method_price_comparison,matchup_86b2eb61db67ca8fa121533f6e961a913c37fc9cd4cd9b044b5534cfa1159816,Daniil Donchenko by KO/TKO,BetWay,-110,0.3604672316904732,-0.31183528495455115,2026-09-02T17:28:02.040136Z,True,False,False,not_enabled_until_book_contracts_are_verified,
method_price_comparison,matchup_86b2eb61db67ca8fa121533f6e961a913c37fc9cd4cd9b044b5534cfa1159816,Daniil Donchenko by SUBMISSION,BetWay,900,0.12811629178315354,0.28116291783153535,2026-09-02T17:28:02.040136Z,True,False,False,not_enabled_until_book_contracts_are_verified,
method_price_comparison,matchup_86b2eb61db67ca8fa121533f6e961a913c37fc9cd4cd9b044b5534cfa1159816,Daniil Donchenko by DECISION,BetWay,350,0.24027509274886752,0.08123791736990382,2026-09-02T17:28:02.040136Z,True,False,False,not_enabled_until_book_contracts_are_verified,
method_price_comparison,matchup_86b2eb61db67ca8fa121533f6e961a913c37fc9cd4cd9b044b5534cfa1159816,Daniil Donchenko by KO/TKO,FanDuel,105,0.3604672316904732,-0.2610421750345301,2026-09-02T17:28:02.040136Z,True,False,False,not_enabled_until_book_contracts_are_verified,
method_price_comparison,matchup_86b2eb61db67ca8fa121533f6e961a913c37fc9cd4cd9b044b5534cfa1159816,Daniil Donchenko by SUBMISSION,FanDuel,1400,0.12811629178315354,0.921744376747303,2026-09-02T17:28:02.040136Z,True,False,False,not_enabled_until_book_contracts_are_verified,
method_price_comparison,matchup_86b2eb61db67ca8fa121533f6e961a913c37fc9cd4cd9b044b5534cfa1159816,Daniil Donchenko by DECISION,FanDuel,370,0.24027509274886752,0.12929293591967728,2026-09-02T17:28:02.040136Z,True,False,False,not_enabled_until_book_contracts_are_verified,
method_price_comparison,matchup_86b2eb61db67ca8fa121533f6e961a913c37fc9cd4cd9b044b5534cfa1159816,Daniil Donchenko by KO/TKO,Unibet,117,0.3604672316904732,-0.21778610723167324,2026-09-02T17:28:02.040136Z,True,False,False,not_enabled_until_book_contracts_are_verified,
method_price_comparison,matchup_86b2eb61db67ca8fa121533f6e961a913c37fc9cd4cd9b044b5534cfa1159816,Daniil Donchenko by SUBMISSION,Unibet,1200,0.12811629178315354,0.665511793180996,2026-09-02T17:28:02.040136Z,True,False,False,not_enabled_until_book_contracts_are_verified,
method_price_comparison,matchup_86b2eb61db67ca8fa121533f6e961a913c37fc9cd4cd9b044b5534cfa1159816,Daniil Donchenko by DECISION,Unibet,325,0.24027509274886752,0.021169144182686894,2026-09-02T17:28:02.040136Z,True,False,False,not_enabled_until_book_contracts_are_verified,
method_price_comparison,matchup_cf3205b162a0dde589038b55f4225ba43c70eea4bcc574f1ed3694825204d030,Kurtis Campbell by KO/TKO,BetRivers,245,0.08134446521809259,-0.7193615949975806,2026-09-02T17:28:02.040136Z,True,False,False,not_enabled_until_book_contracts_are_verified,
method_price_comparison,matchup_cf3205b162a0dde589038b55f4225ba43c70eea4bcc574f1ed3694825204d030,Kurtis Campbell by SUBMISSION,BetRivers,260,0.12589599190857367,-0.5467744291291348,2026-09-02T17:28:02.040136Z,True,False,False,not_enabled_until_book_contracts_are_verified,
method_price_comparison,matchup_cf3205b162a0dde589038b55f4225ba43c70eea4bcc574f1ed3694825204d030,Kurtis Campbell by DECISION,BetRivers,235,0.39565830338776764,0.3254553163490217,2026-09-02T17:28:02.040136Z,True,False,False,not_enabled_until_book_contracts_are_verified,
method_price_comparison,matchup_cf3205b162a0dde589038b55f4225ba43c70eea4bcc574f1ed3694825204d030,Kurtis Campbell by KO/TKO,FanDuel,240,0.08134446521809259,-0.7234288182584852,2026-09-02T17:28:02.040136Z,True,False,False,not_enabled_until_book_contracts_are_verified,
method_price_comparison,matchup_cf3205b162a0dde589038b55f4225ba43c70eea4bcc574f1ed3694825204d030,Kurtis Campbell by SUBMISSION,FanDuel,260,0.12589599190857367,-0.5467744291291348,2026-09-02T17:28:02.040136Z,True,False,False,not_enabled_until_book_contracts_are_verified,
method_price_comparison,matchup_cf3205b162a0dde589038b55f4225ba43c70eea4bcc574f1ed3694825204d030,Kurtis Campbell by DECISION,FanDuel,250,0.39565830338776764,0.38480406185718685,2026-09-02T17:28:02.040136Z,True,False,False,not_enabled_until_book_contracts_are_verified,
method_price_comparison,matchup_cf3205b162a0dde589038b55f4225ba43c70eea4bcc574f1ed3694825204d030,Kurtis Campbell by KO/TKO,Unibet,245,0.08134446521809259,-0.7193615949975806,2026-09-02T17:28:02.040136Z,True,False,False,not_enabled_until_book_contracts_are_verified,
method_price_comparison,matchup_cf3205b162a0dde589038b55f4225ba43c70eea4bcc574f1ed3694825204d030,Kurtis Campbell by SUBMISSION,Unibet,260,0.12589599190857367,-0.5467744291291348,2026-09-02T17:28:02.040136Z,True,False,False,not_enabled_until_book_contracts_are_verified,
method_price_comparison,matchup_cf3205b162a0dde589038b55f4225ba43c70eea4bcc574f1ed3694825204d030,Kurtis Campbell by DECISION,Unibet,235,0.39565830338776764,0.3254553163490217,2026-09-02T17:28:02.040136Z,True,False,False,not_enabled_until_book_contracts_are_verified,
method_price_comparison,matchup_efceb8a2cf0faca403b487b7f86a45ed53496d69cfb44431d1fce10df1751431,Losene Keita by KO/TKO,BetRivers,102,0.3151026187018672,-0.3634927102222283,2026-09-02T17:28:02.040136Z,True,False,False,not_enabled_until_book_contracts_are_verified,
method_price_comparison,matchup_efceb8a2cf0faca403b487b7f86a45ed53496d69cfb44431d1fce10df1751431,Losene Keita by SUBMISSION,BetRivers,1700,0.10305886886044643,0.8550596394880359,2026-09-02T17:28:02.040136Z,True,False,False,not_enabled_until_book_contracts_are_verified,
method_price_comparison,matchup_efceb8a2cf0faca403b487b7f86a45ed53496d69cfb44431d1fce10df1751431,Losene Keita by DECISION,BetRivers,240,0.20767365747462116,-0.29390956458628803,2026-09-02T17:28:02.040136Z,True,False,False,not_enabled_until_book_contracts_are_verified,
method_price_comparison,matchup_efceb8a2cf0faca403b487b7f86a45ed53496d69cfb44431d1fce10df1751431,Losene Keita by KO/TKO,BetWay,-125,0.3151026187018672,-0.432815286336639,2026-09-02T17:28:02.040136Z,True,False,False,not_enabled_until_book_contracts_are_verified,
method_price_comparison,matchup_efceb8a2cf0faca403b487b7f86a45ed53496d69cfb44431d1fce10df1751431,Losene Keita by SUBMISSION,BetWay,2000,0.10305886886044643,1.164236246069375,2026-09-02T17:28:02.040136Z,True,False,False,not_enabled_until_book_contracts_are_verified,
method_price_comparison,matchup_efceb8a2cf0faca403b487b7f86a45ed53496d69cfb44431d1fce10df1751431,Losene Keita by DECISION,BetWay,225,0.20767365747462116,-0.32506061320748125,2026-09-02T17:28:02.040136Z,True,False,False,not_enabled_until_book_contracts_are_verified,
method_price_comparison,matchup_efceb8a2cf0faca403b487b7f86a45ed53496d69cfb44431d1fce10df1751431,Losene Keita by KO/TKO,FanDuel,105,0.3151026187018672,-0.35403963166117236,2026-09-02T17:28:02.040136Z,True,False,False,not_enabled_until_book_contracts_are_verified,
method_price_comparison,matchup_efceb8a2cf0faca403b487b7f86a45ed53496d69cfb44431d1fce10df1751431,Losene Keita by SUBMISSION,FanDuel,2000,0.10305886886044643,1.164236246069375,2026-09-02T17:28:02.040136Z,True,False,False,not_enabled_until_book_contracts_are_verified,
method_price_comparison,matchup_efceb8a2cf0faca403b487b7f86a45ed53496d69cfb44431d1fce10df1751431,Losene Keita by DECISION,FanDuel,230,0.20767365747462116,-0.3146769303337502,2026-09-02T17:28:02.040136Z,True,False,False,not_enabled_until_book_contracts_are_verified,
method_price_comparison,matchup_efceb8a2cf0faca403b487b7f86a45ed53496d69cfb44431d1fce10df1751431,Losene Keita by KO/TKO,Unibet,102,0.3151026187018672,-0.3634927102222283,2026-09-02T17:28:02.040136Z,True,False,False,not_enabled_until_book_contracts_are_verified,
method_price_comparison,matchup_efceb8a2cf0faca403b487b7f86a45ed53496d69cfb44431d1fce10df1751431,Losene Keita by SUBMISSION,Unibet,1800,0.10305886886044643,0.9581185083484822,2026-09-02T17:28:02.040136Z,True,False,False,not_enabled_until_book_contracts_are_verified,
method_price_comparison,matchup_efceb8a2cf0faca403b487b7f86a45ed53496d69cfb44431d1fce10df1751431,Losene Keita by DECISION,Unibet,240,0.20767365747462116,-0.29390956458628803,2026-09-02T17:28:02.040136Z,True,False,False,not_enabled_until_book_contracts_are_verified,
method_price_comparison,matchup_e77fa0e4f3862227418eef40fbbb1a99437034414985a81107bee615f9da08ca,Felipe Lima by KO/TKO,BetRivers,540,0.14391401915931962,-0.07895027738035443,2026-09-02T17:28:02.040136Z,True,False,False,not_enabled_until_book_contracts_are_verified,
method_price_comparison,matchup_e77fa0e4f3862227418eef40fbbb1a99437034414985a81107bee615f9da08ca,Felipe Lima by SUBMISSION,BetRivers,540,0.15650323814071254,0.0016207241005603557,2026-09-02T17:28:02.040136Z,True,False,False,not_enabled_until_book_contracts_are_verified,
method_price_comparison,matchup_e77fa0e4f3862227418eef40fbbb1a99437034414985a81107bee615f9da08ca,Felipe Lima by DECISION,BetRivers,138,0.31855782745851924,-0.2418323706487242,2026-09-02T17:28:02.040136Z,True,False,False,not_enabled_until_book_contracts_are_verified,
method_price_comparison,matchup_e77fa0e4f3862227418eef40fbbb1a99437034414985a81107bee615f9da08ca,Felipe Lima by KO/TKO,BetWay,600,0.14391401915931962,0.007398134115237376,2026-09-02T17:28:02.040136Z,True,False,False,not_enabled_until_book_contracts_are_verified,
method_price_comparison,matchup_e77fa0e4f3862227418eef40fbbb1a99437034414985a81107bee615f9da08ca,Felipe Lima by SUBMISSION,BetWay,600,0.15650323814071254,0.09552266698498779,2026-09-02T17:28:02.040136Z,True,False,False,not_enabled_until_book_contracts_are_verified,
method_price_comparison,matchup_e77fa0e4f3862227418eef40fbbb1a99437034414985a81107bee615f9da08ca,Felipe Lima by DECISION,BetWay,130,0.31855782745851924,-0.2673169968454058,2026-09-02T17:28:02.040136Z,True,False,False,not_enabled_until_book_contracts_are_verified,
method_price_comparison,matchup_e77fa0e4f3862227418eef40fbbb1a99437034414985a81107bee615f9da08ca,Felipe Lima by KO/TKO,FanDuel,550,0.14391401915931962,-0.06455887546442252,2026-09-02T17:28:02.040136Z,True,False,False,not_enabled_until_book_contracts_are_verified,
method_price_comparison,matchup_e77fa0e4f3862227418eef40fbbb1a99437034414985a81107bee615f9da08ca,Felipe Lima by SUBMISSION,FanDuel,600,0.15650323814071254,0.09552266698498779,2026-09-02T17:28:02.040136Z,True,False,False,not_enabled_until_book_contracts_are_verified,
method_price_comparison,matchup_e77fa0e4f3862227418eef40fbbb1a99437034414985a81107bee615f9da08ca,Felipe Lima by DECISION,FanDuel,145,0.31855782745851924,-0.21953332272662784,2026-09-02T17:28:02.040136Z,True,False,False,not_enabled_until_book_contracts_are_verified,
method_price_comparison,matchup_e77fa0e4f3862227418eef40fbbb1a99437034414985a81107bee615f9da08ca,Felipe Lima by KO/TKO,Unibet,550,0.14391401915931962,-0.06455887546442252,2026-09-02T17:28:02.040136Z,True,False,False,not_enabled_until_book_contracts_are_verified,
method_price_comparison,matchup_e77fa0e4f3862227418eef40fbbb1a99437034414985a81107bee615f9da08ca,Felipe Lima by SUBMISSION,Unibet,550,0.15650323814071254,0.01727104791463141,2026-09-02T17:28:02.040136Z,True,False,False,not_enabled_until_book_contracts_are_verified,
method_price_comparison,matchup_e77fa0e4f3862227418eef40fbbb1a99437034414985a81107bee615f9da08ca,Felipe Lima by DECISION,Unibet,138,0.31855782745851924,-0.2418323706487242,2026-09-02T17:28:02.040136Z,True,False,False,not_enabled_until_book_contracts_are_verified,
method_price_comparison,matchup_c4fdd2478b8f9bfba7f679889348ae3848153f5d11360f550d52e07349e29e17,Mario Pinto by KO/TKO,BetRivers,-118,0.26390945219602113,-0.5124384696717577,2026-09-02T17:28:02.040136Z,True,False,False,not_enabled_until_book_contracts_are_verified,
method_price_comparison,matchup_c4fdd2478b8f9bfba7f679889348ae3848153f5d11360f550d52e07349e29e17,Mario Pinto by SUBMISSION,BetRivers,750,0.12068514441615727,0.02582372753733675,2026-09-02T17:28:02.040136Z,True,False,False,not_enabled_until_book_contracts_are_verified,
method_price_comparison,matchup_c4fdd2478b8f9bfba7f679889348ae3848153f5d11360f550d52e07349e29e17,Mario Pinto by DECISION,BetRivers,550,0.3826797600975151,1.487418440633848,2026-09-02T17:28:02.040136Z,True,False,False,not_enabled_until_book_contracts_are_verified,
method_price_comparison,matchup_c4fdd2478b8f9bfba7f679889348ae3848153f5d11360f550d52e07349e29e17,Mario Pinto by KO/TKO,FanDuel,-110,0.26390945219602113,-0.4961728639894142,2026-09-02T17:28:02.040136Z,True,False,False,not_enabled_until_book_contracts_are_verified,
method_price_comparison,matchup_c4fdd2478b8f9bfba7f679889348ae3848153f5d11360f550d52e07349e29e17,Mario Pinto by SUBMISSION,FanDuel,800,0.12068514441615727,0.08616629974541534,2026-09-02T17:28:02.040136Z,True,False,False,not_enabled_until_book_contracts_are_verified,
method_price_comparison,matchup_c4fdd2478b8f9bfba7f679889348ae3848153f5d11360f550d52e07349e29e17,Mario Pinto by DECISION,FanDuel,500,0.3826797600975151,1.2960785605850904,2026-09-02T17:28:02.040136Z,True,False,False,not_enabled_until_book_contracts_are_verified,
method_price_comparison,matchup_c4fdd2478b8f9bfba7f679889348ae3848153f5d11360f550d52e07349e29e17,Mario Pinto by KO/TKO,Unibet,-118,0.26390945219602113,-0.5124384696717577,2026-09-02T17:28:02.040136Z,True,False,False,not_enabled_until_book_contracts_are_verified,
method_price_comparison,matchup_c4fdd2478b8f9bfba7f679889348ae3848153f5d11360f550d52e07349e29e17,Mario Pinto by SUBMISSION,Unibet,750,0.12068514441615727,0.02582372753733675,2026-09-02T17:28:02.040136Z,True,False,False,not_enabled_until_book_contracts_are_verified,
method_price_comparison,matchup_c4fdd2478b8f9bfba7f679889348ae3848153f5d11360f550d52e07349e29e17,Mario Pinto by DECISION,Unibet,550,0.3826797600975151,1.487418440633848,2026-09-02T17:28:02.040136Z,True,False,False,not_enabled_until_book_contracts_are_verified,
method_price_comparison,matchup_a98b162dd2ff1d5415a572a5a20b0f37599fc71cd28b0ac30b961720373d1199,Modestas Bukauskas by KO/TKO,FanDuel,650,0.11164568977566063,-0.1626573266825453,2026-09-02T17:28:02.040136Z,True,False,False,not_enabled_until_book_contracts_are_verified,
method_price_comparison,matchup_a98b162dd2ff1d5415a572a5a20b0f37599fc71cd28b0ac30b961720373d1199,Modestas Bukauskas by SUBMISSION,FanDuel,2200,0.04589184507086935,0.055512436629995054,2026-09-02T17:28:02.040136Z,True,False,False,not_enabled_until_book_contracts_are_verified,
method_price_comparison,matchup_a98b162dd2ff1d5415a572a5a20b0f37599fc71cd28b0ac30b961720373d1199,Modestas Bukauskas by DECISION,FanDuel,370,0.13271889772255313,-0.37622118070400024,2026-09-02T17:28:02.040136Z,True,False,False,not_enabled_until_book_contracts_are_verified,
current_moneyline_signal,matchup_0dc64302fb9aa1e8a2fefa3fcd256374a63542df95f08a12b53d18c5af710d5b,Dan Hooker,BetOnline.ag,451,0.18348748277784482,0.011016030105925001,2026-09-04T17:26:56.686757Z,False,False,,,pass
current_moneyline_signal,matchup_1fce52baf78bc8d3d8b338f10139cc7aeb18fe188c5bae17140a9dcc62f262e6,Nora Cornolle,BetOnline.ag,101,0.5047779115453093,0.014603602206071598,2026-09-04T17:26:56.686757Z,False,False,,,pass
current_moneyline_signal,matchup_28fea7b40a742271baa73e0e4459f1d5777e4498f310623c111e7397e38f7183,Matthieu Duclos,BetMGM,-110,0.5182770300577779,-0.010562033526060333,2026-09-04T17:26:56.686757Z,False,False,,,pass
current_moneyline_signal,matchup_4b14d6546c8101cf4e7844a682d653e6a80eb09ed63c589aec54a33e149df254,Michael Aljarouj,DraftKings,-118,0.5274555452937468,-0.025548229881043993,2026-09-04T17:26:56.686757Z,False,False,,,pass
current_moneyline_signal,matchup_59d3204bd6591089d45ebe3e85e99fc60ec6d3301eb3884ceb1d0451d9599614,Axel Sola,DraftKings,130,0.42189508401135295,-0.02964130677388821,2026-09-04T17:26:56.686757Z,False,False,,,pass
current_moneyline_signal,matchup_5ba9978871b848d5b7445f82c33ad8b233afd688c6347983e72b3aec7be3e696,Pavel Andrusca,BetOnline.ag,247,0.2809269952268647,-0.02518332656277944,2026-09-04T17:26:56.686757Z,False,False,,,pass
current_moneyline_signal,matchup_86b2eb61db67ca8fa121533f6e961a913c37fc9cd4cd9b044b5534cfa1159816,Punahele Soriano,BetMGM,200,0.3256603563813688,-0.023018930855893682,2026-09-04T17:26:56.686757Z,False,False,,,pass
current_moneyline_signal,matchup_a98b162dd2ff1d5415a572a5a20b0f37599fc71cd28b0ac30b961720373d1199,Modestas Bukauskas,BetOnline.ag,208,0.32972248424675477,0.01554525148000474,2026-09-04T17:26:56.686757Z,False,False,,,pass
current_moneyline_signal,matchup_c4fdd2478b8f9bfba7f679889348ae3848153f5d11360f550d52e07349e29e17,Ryan Spann,BetOnline.ag,284,0.2651805101465563,0.018293158962776168,2026-09-04T17:26:56.686757Z,False,False,,,pass
current_moneyline_signal,matchup_c6f99d827d99147ec40154996f5cd9c439402f8c1fe7b0c6d927bd3c81990c61,Sofia Montenegro,FanDuel,128,0.43560997530436163,-0.0068092563060553335,2026-09-04T17:26:56.686757Z,False,False,,,pass
current_moneyline_signal,matchup_cf3205b162a0dde589038b55f4225ba43c70eea4bcc574f1ed3694825204d030,Trevor Peek,DraftKings,320,0.2374610406217271,-0.0026636293887459805,2026-09-04T17:26:56.686757Z,False,False,,,pass
current_moneyline_signal,matchup_e77fa0e4f3862227418eef40fbbb1a99437034414985a81107bee615f9da08ca,Felipe Lima,FanDuel,-192,0.6436706278220856,-0.021084253520578078,2026-09-04T17:26:56.686757Z,False,False,,,pass
current_moneyline_signal,matchup_efceb8a2cf0faca403b487b7f86a45ed53496d69cfb44431d1fce10df1751431,Muhammad Naimov,FanDuel,310,0.24741127526739493,0.014386228596319217,2026-09-04T17:26:56.686757Z,False,False,,,pass
current_total_comparison,matchup_0dc64302fb9aa1e8a2fefa3fcd256374a63542df95f08a12b53d18c5af710d5b,Over 2.5 rounds,Bovada,120,0.8429376274832738,0.8544627804632026,2026-09-04T17:26:56.686757Z,True,True,,,
current_total_comparison,matchup_0dc64302fb9aa1e8a2fefa3fcd256374a63542df95f08a12b53d18c5af710d5b,Over 3.5 rounds,BetOnline.ag,212,0.7790103490210136,1.4305122889455624,2026-09-04T17:26:56.686757Z,True,True,,,
current_total_comparison,matchup_1fce52baf78bc8d3d8b338f10139cc7aeb18fe188c5bae17140a9dcc62f262e6,Under 2.5 rounds,BetUS,186,0.43038227299969145,0.23089330077911763,2026-09-04T17:26:56.686757Z,True,True,,,
current_total_comparison,matchup_28fea7b40a742271baa73e0e4459f1d5777e4498f310623c111e7397e38f7183,Over 1.5 rounds,Bovada,115,0.6826153456050497,0.46762299305085686,2026-09-04T17:26:56.686757Z,True,True,,,
current_total_comparison,matchup_4b14d6546c8101cf4e7844a682d653e6a80eb09ed63c589aec54a33e149df254,Over 1.5 rounds,BetOnline.ag,-205,0.7008097724374533,0.042668198016698966,2026-09-04T17:26:56.686757Z,True,False,,,
current_total_comparison,matchup_4b14d6546c8101cf4e7844a682d653e6a80eb09ed63c589aec54a33e149df254,Over 2.5 rounds,Bovada,-115,0.5581591831782831,0.04351499463765962,2026-09-04T17:26:56.686757Z,True,False,,,
current_total_comparison,matchup_59d3204bd6591089d45ebe3e85e99fc60ec6d3301eb3884ceb1d0451d9599614,Under 2.5 rounds,BetOnline.ag,189,0.39214956654142863,0.1333122473047288,2026-09-04T17:26:56.686757Z,True,True,,,
current_total_comparison,matchup_5ba9978871b848d5b7445f82c33ad8b233afd688c6347983e72b3aec7be3e696,Under 2.5 rounds,BetOnline.ag,145,0.5678962666990528,0.39134585341267925,2026-09-04T17:26:56.686757Z,True,True,,,
current_total_comparison,matchup_86b2eb61db67ca8fa121533f6e961a913c37fc9cd4cd9b044b5534cfa1159816,Under 1.5 rounds,BetUS,142,0.42188707934691083,0.020966732019524148,2026-09-04T17:26:56.686757Z,True,False,,,
current_total_comparison,matchup_86b2eb61db67ca8fa121533f6e961a913c37fc9cd4cd9b044b5534cfa1159816,Under 2.5 rounds,Bovada,-155,0.5896374731468376,-0.029951253855202586,2026-09-04T17:26:56.686757Z,True,False,,,
current_total_comparison,matchup_a98b162dd2ff1d5415a572a5a20b0f37599fc71cd28b0ac30b961720373d1199,Under 2.5 rounds,Bovada,125,0.47107138907760415,0.05991062542460934,2026-09-04T17:26:56.686757Z,True,True,,,
current_total_comparison,matchup_c4fdd2478b8f9bfba7f679889348ae3848153f5d11360f550d52e07349e29e17,Over 1.5 rounds,BetOnline.ag,110,0.6160673917764953,0.29374152273064014,2026-09-04T17:26:56.686757Z,True,True,,,
current_total_comparison,matchup_c6f99d827d99147ec40154996f5cd9c439402f8c1fe7b0c6d927bd3c81990c61,Under 2.5 rounds,BetUS,202,0.44184081682171694,0.3343592668015851,2026-09-04T17:26:56.686757Z,True,True,,,
current_total_comparison,matchup_cf3205b162a0dde589038b55f4225ba43c70eea4bcc574f1ed3694825204d030,Over 1.5 rounds,BetAnything,-170,0.7524024830566337,0.1949921789723006,2026-09-04T17:26:56.686757Z,True,True,,,
current_total_comparison,matchup_cf3205b162a0dde589038b55f4225ba43c70eea4bcc574f1ed3694825204d030,Over 2.5 rounds,Bovada,120,0.6275644867603729,0.38064187087282053,2026-09-04T17:26:56.686757Z,True,True,,,
current_total_comparison,matchup_e77fa0e4f3862227418eef40fbbb1a99437034414985a81107bee615f9da08ca,Under 2.5 rounds,BetOnline.ag,157,0.39879550851433654,0.02490445688184484,2026-09-04T17:26:56.686757Z,True,False,,,
current_total_comparison,matchup_efceb8a2cf0faca403b487b7f86a45ed53496d69cfb44431d1fce10df1751431,Over 2.5 rounds,BetUS,110,0.46274943931760065,-0.02822617743303857,2026-09-04T17:26:56.686757Z,True,False,,,
