schema_version,forecast_id,policy_version,matchup_id,event_id,event_date,timing_precision,event_start_utc,fighter_id,opponent_id,fighter_name,opponent_name,forecast_issued_at_utc,source_commit_sha,experiment_sha256,training_start,training_through,training_fights,training_fingerprint_sha256,model_id,published_model_id,published_model_probability,bayesian_probability,bayesian_lower_probability,bayesian_upper_probability,frozen_blend_probability,bayesian_weight,calibration_slope,fighter_prior_fights,opponent_prior_fights,mean_chain_difference,paper_only,candidate_only,execution_enabled
1,0cbf7cc57e952f4abd4261e4627695f2bd603ce43f574316094a01d729c94a48,bayesian-logistic-blend-shadow-v1,matchup_86b2eb61db67ca8fa121533f6e961a913c37fc9cd4cd9b044b5534cfa1159816,2144954270be834d,2026-09-05,date,,70dd69b6a703257e,64facb6cc564262d,Daniil Donchenko,Punahele Soriano,2026-09-02T00:18:14.000000Z,cfd9bb7bba47fcd36e634f9ae443f30749331131,dd277f070a1d48b5fe2f7269855b20868bc9264712e526d06255897238a7b1ea,2016-09-03,2026-08-29,4943,27f524aa150df27a647acfc7e50f23aad9d412cba31f29f945ab871452ebc183,e60fa90500184dd21744,35d1c5eb8e126b3c9563,0.7579750883195994,0.7723179500209542,0.6940128140151781,0.8408489860951727,0.7658853553756434,0.5462639465757038,1.2040055844545177,3,11,0.002244511610848304,True,True,False
1,3743adab6db01216f41eeec43edcaa29c50d9af583502fe6fcd1201ef8d513c1,bayesian-logistic-blend-shadow-v1,matchup_59d3204bd6591089d45ebe3e85e99fc60ec6d3301eb3884ceb1d0451d9599614,2144954270be834d,2026-09-05,date,,1e4f273069fb9e85,1d2d98ddd05b38fb,Fares Ziam,Axel Sola,2026-09-02T00:18:14.000000Z,cfd9bb7bba47fcd36e634f9ae443f30749331131,dd277f070a1d48b5fe2f7269855b20868bc9264712e526d06255897238a7b1ea,2016-09-03,2026-08-29,4943,27f524aa150df27a647acfc7e50f23aad9d412cba31f29f945ab871452ebc183,e60fa90500184dd21744,35d1c5eb8e126b3c9563,0.6634583966921859,0.6764299047970198,0.5910566859782601,0.7571373208105088,0.6705763515116264,0.5462639465757038,1.2040055844545177,11,3,0.002244511610848304,True,True,False
1,6e7c9b72d99912f6ff6f3f4e2944f9b388fcf49c82db0f85bf826175f2baf33b,bayesian-logistic-blend-shadow-v1,matchup_e77fa0e4f3862227418eef40fbbb1a99437034414985a81107bee615f9da08ca,2144954270be834d,2026-09-05,date,,5b03b61f9d90125e,9256f591b30c073e,Morgan Charriere,Felipe Lima,2026-09-02T00:18:14.000000Z,cfd9bb7bba47fcd36e634f9ae443f30749331131,dd277f070a1d48b5fe2f7269855b20868bc9264712e526d06255897238a7b1ea,2016-09-03,2026-08-29,4943,27f524aa150df27a647acfc7e50f23aad9d412cba31f29f945ab871452ebc183,e60fa90500184dd21744,35d1c5eb8e126b3c9563,0.3502396275298844,0.334625538815979,0.26351462130070474,0.4110144291843852,0.3416678654124531,0.5462639465757038,1.2040055844545177,6,3,0.002244511610848304,True,True,False
1,7352c23b88c082d8d1eea2be9812214872c73c1d03efc790018824a1d93a49a2,bayesian-logistic-blend-shadow-v1,matchup_4b14d6546c8101cf4e7844a682d653e6a80eb09ed63c589aec54a33e149df254,2144954270be834d,2026-09-05,date,,22e3458965d5d08a,9911989cf48b195d,Michael Aljarouj,Fabia Sintes,2026-09-02T00:18:14.000000Z,cfd9bb7bba47fcd36e634f9ae443f30749331131,dd277f070a1d48b5fe2f7269855b20868bc9264712e526d06255897238a7b1ea,2016-09-03,2026-08-29,4943,27f524aa150df27a647acfc7e50f23aad9d412cba31f29f945ab871452ebc183,e60fa90500184dd21744,35d1c5eb8e126b3c9563,0.5,0.5,0.5,0.5,0.5,0.5462639465757038,1.2040055844545177,0,0,0.002244511610848304,True,True,False
1,7b82e1c642b4275624640c5b5b372cb6ee56b55a15bf132a23bd2fe4fb99fe7f,bayesian-logistic-blend-shadow-v1,matchup_cf3205b162a0dde589038b55f4225ba43c70eea4bcc574f1ed3694825204d030,2144954270be834d,2026-09-05,date,,9d51798e61f2e0c7,0bc697c5936a2d0a,Kurtis Campbell,Trevor Peek,2026-09-02T00:18:14.000000Z,cfd9bb7bba47fcd36e634f9ae443f30749331131,dd277f070a1d48b5fe2f7269855b20868bc9264712e526d06255897238a7b1ea,2016-09-03,2026-08-29,4943,27f524aa150df27a647acfc7e50f23aad9d412cba31f29f945ab871452ebc183,e60fa90500184dd21744,35d1c5eb8e126b3c9563,0.640088929425059,0.6419093924255139,0.53078880125224,0.7428256058190643,0.6410838861203393,0.5462639465757038,1.2040055844545177,1,5,0.002244511610848304,True,True,False
1,8e94f37f5c7db606997be2426df199b31cc7453fb3c2261640e70b104dd2620a,bayesian-logistic-blend-shadow-v1,matchup_a98b162dd2ff1d5415a572a5a20b0f37599fc71cd28b0ac30b961720373d1199,2144954270be834d,2026-09-05,date,,46e2011d92463b7e,476fe566d2df676e,Oumar Sy,Modestas Bukauskas,2026-09-02T00:18:14.000000Z,cfd9bb7bba47fcd36e634f9ae443f30749331131,dd277f070a1d48b5fe2f7269855b20868bc9264712e526d06255897238a7b1ea,2016-09-03,2026-08-29,4943,27f524aa150df27a647acfc7e50f23aad9d412cba31f29f945ab871452ebc183,e60fa90500184dd21744,35d1c5eb8e126b3c9563,0.7513614163589328,0.7511253229393188,0.6881225194405782,0.8078845538036659,0.7512324656100068,0.5462639465757038,1.2040055844545177,5,13,0.002244511610848304,True,True,False
1,91255479cd7675be9451a987fe51acd245cc29b106757b1629d529c18b24e3ca,bayesian-logistic-blend-shadow-v1,matchup_5ba9978871b848d5b7445f82c33ad8b233afd688c6347983e72b3aec7be3e696,2144954270be834d,2026-09-05,date,,329e403448756217,93f9c19ae41d2a97,Nathaniel Wood,Pavel Andrusca,2026-09-02T00:18:14.000000Z,cfd9bb7bba47fcd36e634f9ae443f30749331131,dd277f070a1d48b5fe2f7269855b20868bc9264712e526d06255897238a7b1ea,2016-09-03,2026-08-29,4943,27f524aa150df27a647acfc7e50f23aad9d412cba31f29f945ab871452ebc183,e60fa90500184dd21744,35d1c5eb8e126b3c9563,0.937107845266822,0.9528000602174528,0.8874310974608963,0.9882453297213621,0.94620313492273,0.5462639465757038,1.2040055844545177,14,0,0.002244511610848304,True,True,False
1,9701f2d76678065d0b4153ab343909fc34905dacf03622b489082c452dd20820,bayesian-logistic-blend-shadow-v1,matchup_28fea7b40a742271baa73e0e4459f1d5777e4498f310623c111e7397e38f7183,2144954270be834d,2026-09-05,date,,ec322adbabbfa6e7,33a86e839ad202d8,Matthieu Duclos,Luis Felipe Dias,2026-09-02T00:18:14.000000Z,cfd9bb7bba47fcd36e634f9ae443f30749331131,dd277f070a1d48b5fe2f7269855b20868bc9264712e526d06255897238a7b1ea,2016-09-03,2026-08-29,4943,27f524aa150df27a647acfc7e50f23aad9d412cba31f29f945ab871452ebc183,e60fa90500184dd21744,35d1c5eb8e126b3c9563,0.07520272928353892,0.055862740657722974,0.014485500370641242,0.12405404120597956,0.0639784729568199,0.5462639465757038,1.2040055844545177,0,1,0.002244511610848304,True,True,False
1,a1cdd35f567ca689fb308ad08a3e382bf358be4b562b942def44b61983001fff,bayesian-logistic-blend-shadow-v1,matchup_efceb8a2cf0faca403b487b7f86a45ed53496d69cfb44431d1fce10df1751431,2144954270be834d,2026-09-05,date,,5b43d68174b6e2ab,8d11d9c13e2ccdf7,Losene Keita,Muhammad Naimov,2026-09-02T00:18:14.000000Z,cfd9bb7bba47fcd36e634f9ae443f30749331131,dd277f070a1d48b5fe2f7269855b20868bc9264712e526d06255897238a7b1ea,2016-09-03,2026-08-29,4943,27f524aa150df27a647acfc7e50f23aad9d412cba31f29f945ab871452ebc183,e60fa90500184dd21744,35d1c5eb8e126b3c9563,0.6449791241839086,0.6469684619515795,0.5647171933393444,0.7215376703676255,0.6460664538993803,0.5462639465757038,1.2040055844545177,1,7,0.002244511610848304,True,True,False
1,a49d8ef03b2485161538050a44388b724a1756605968092de50ef3254c8c8ebd,bayesian-logistic-blend-shadow-v1,matchup_c4fdd2478b8f9bfba7f679889348ae3848153f5d11360f550d52e07349e29e17,2144954270be834d,2026-09-05,date,,39d309957c5c210d,a67f5afa8d6a1b80,Mario Pinto,Ryan Spann,2026-09-02T00:18:14.000000Z,cfd9bb7bba47fcd36e634f9ae443f30749331131,dd277f070a1d48b5fe2f7269855b20868bc9264712e526d06255897238a7b1ea,2016-09-03,2026-08-29,4943,27f524aa150df27a647acfc7e50f23aad9d412cba31f29f945ab871452ebc183,e60fa90500184dd21744,35d1c5eb8e126b3c9563,0.8380788125565054,0.8556715411871043,0.8001009613673155,0.90237443069177,0.847894385485146,0.5462639465757038,1.2040055844545177,3,16,0.002244511610848304,True,True,False
1,bbd32385bb4fddb08f6f32b38b20f5320b4659d55df03b2fb596ebe00d833e8f,bayesian-logistic-blend-shadow-v1,matchup_c6f99d827d99147ec40154996f5cd9c439402f8c1fe7b0c6d927bd3c81990c61,2144954270be834d,2026-09-05,date,,3138df4d117ebc12,8b1b051038354655,Delphine Benouaich,Sofia Montenegro,2026-09-02T00:18:14.000000Z,cfd9bb7bba47fcd36e634f9ae443f30749331131,dd277f070a1d48b5fe2f7269855b20868bc9264712e526d06255897238a7b1ea,2016-09-03,2026-08-29,4943,27f524aa150df27a647acfc7e50f23aad9d412cba31f29f945ab871452ebc183,e60fa90500184dd21744,35d1c5eb8e126b3c9563,0.5,0.5,0.5,0.5,0.5,0.5462639465757038,1.2040055844545177,0,0,0.002244511610848304,True,True,False
1,ddea79f3468f8d67ac1975307b87e8dd28e652b1a1c60519d853cde854eddbd1,bayesian-logistic-blend-shadow-v1,matchup_1fce52baf78bc8d3d8b338f10139cc7aeb18fe188c5bae17140a9dcc62f262e6,2144954270be834d,2026-09-05,date,,f2b3f4ef3f780168,9f5e3c20ce40b344,Nora Cornolle,Klaudia Sygula,2026-09-02T00:18:14.000000Z,cfd9bb7bba47fcd36e634f9ae443f30749331131,dd277f070a1d48b5fe2f7269855b20868bc9264712e526d06255897238a7b1ea,2016-09-03,2026-08-29,4943,27f524aa150df27a647acfc7e50f23aad9d412cba31f29f945ab871452ebc183,e60fa90500184dd21744,35d1c5eb8e126b3c9563,0.34463156643160486,0.31912780529156715,0.2437751669337447,0.3995580120317449,0.33057723146788415,0.5462639465757038,1.2040055844545177,6,3,0.002244511610848304,True,True,False
1,defd992222e0531e5e797bfcac09eba46e9eac2a8dfe43b5106955c66c1d2164,bayesian-logistic-blend-shadow-v1,matchup_0dc64302fb9aa1e8a2fefa3fcd256374a63542df95f08a12b53d18c5af710d5b,2144954270be834d,2026-09-05,date,,193b9d1858bc4df3,b3cb9dfccff3be76,Dan Hooker,Salahdine Parnasse,2026-09-02T00:18:14.000000Z,cfd9bb7bba47fcd36e634f9ae443f30749331131,dd277f070a1d48b5fe2f7269855b20868bc9264712e526d06255897238a7b1ea,2016-09-03,2026-08-29,4943,27f524aa150df27a647acfc7e50f23aad9d412cba31f29f945ab871452ebc183,e60fa90500184dd21744,35d1c5eb8e126b3c9563,0.889080760135086,0.9171014536840205,0.807725313877279,0.9795743663365695,0.905286941618499,0.5462639465757038,1.2040055844545177,24,0,0.002244511610848304,True,True,False
1,f08f3274a88f6af5a1c3d88b540e4e51640b191dc4cd675901ed84b7246dfa00,bayesian-logistic-blend-shadow-v1,matchup_51f9afe90b3c10f198f3b831550026bc05de06a230ace43ae9714acb3e53915e,2144954270be834d,2026-09-05,date,,a67d071163962af8,49d2a08964c5eb11,Michael Page,Nursulton Ruziboev,2026-09-02T00:18:14.000000Z,cfd9bb7bba47fcd36e634f9ae443f30749331131,dd277f070a1d48b5fe2f7269855b20868bc9264712e526d06255897238a7b1ea,2016-09-03,2026-08-29,4943,27f524aa150df27a647acfc7e50f23aad9d412cba31f29f945ab871452ebc183,e60fa90500184dd21744,35d1c5eb8e126b3c9563,0.565907905042153,0.567766393873135,0.458352074890589,0.6707155018755513,0.5669233636247296,0.5462639465757038,1.2040055844545177,5,6,0.002244511610848304,True,True,False
1,1f2059e65f52e1247956cdfba86e980352183d4037999a7672732552dad61355,bayesian-logistic-blend-shadow-v1,matchup_9c495107c2bd33322a572d2016024690b02d02d2d0cc09fb890650971126b860,638cfec7ec559d6e,2026-09-12,date,,7674b836ce0698a0,312f7d7b2b2f7de4,Yousri Belgaroui,Djorden Santos,2026-09-06T14:43:14.000000Z,f062b187c1dfad68c4511d2d560c2af3a5daec84,dd277f070a1d48b5fe2f7269855b20868bc9264712e526d06255897238a7b1ea,2016-09-10,2026-09-05,4947,b94517252dba82366be7878065766aedea5a5661a379d5676ca5d70bc33ee91f,b14ded6412fccd93cbac,47629589f1b2a613c3cd,0.8921408298671283,0.8992935853893729,0.8551211296161305,0.934823926590239,0.896101828970671,0.5462639465757038,1.205319105359576,2,3,0.001991504585745865,True,True,False
1,25bbf68aa4bd820188b7c9a7c893c0f5737750b0ab4da389b486f736be75d800,bayesian-logistic-blend-shadow-v1,matchup_efc52791a801f4be7db8f27634cf0bb8892c9d043aa415db2ff02c6293d01725,638cfec7ec559d6e,2026-09-12,date,,6fd953151d981979,9f5609dba6584ab2,JJ Aldrich,Regina Tarin,2026-09-06T14:43:14.000000Z,f062b187c1dfad68c4511d2d560c2af3a5daec84,dd277f070a1d48b5fe2f7269855b20868bc9264712e526d06255897238a7b1ea,2016-09-10,2026-09-05,4947,b94517252dba82366be7878065766aedea5a5661a379d5676ca5d70bc33ee91f,b14ded6412fccd93cbac,47629589f1b2a613c3cd,0.372474790017837,0.35301156335134365,0.2848022841334168,0.4283531721172185,0.36178685297008434,0.5462639465757038,1.205319105359576,17,1,0.001991504585745865,True,True,False
1,2e284a9ab9a2498ce04af560bad63a7aa3d7db2fb3363a6799e899f7ff57cddb,bayesian-logistic-blend-shadow-v1,matchup_b464e7f36dcad5cc9c276270b36003a7ccb1aa0ec8407c2b3ef8618a633f4a75,638cfec7ec559d6e,2026-09-12,date,,34ff304266360297,e8b731feff72294b,Manon Fiorot,Alexa Grasso,2026-09-06T14:43:14.000000Z,f062b187c1dfad68c4511d2d560c2af3a5daec84,dd277f070a1d48b5fe2f7269855b20868bc9264712e526d06255897238a7b1ea,2016-09-10,2026-09-05,4947,b94517252dba82366be7878065766aedea5a5661a379d5676ca5d70bc33ee91f,b14ded6412fccd93cbac,47629589f1b2a613c3cd,0.6586839007868485,0.6494934888840281,0.5677652768004798,0.7285033492407632,0.6536777587700128,0.5462639465757038,1.205319105359576,9,15,0.001991504585745865,True,True,False
1,3e37ab878b0391c1df1bcf35a4d08c2a60d95d9dbe6453fa9c2e25ded1202dd6,bayesian-logistic-blend-shadow-v1,matchup_f3409c8960623b60db41650f26f238caea2b314befb8164c73c2b21187a7deb4,638cfec7ec559d6e,2026-09-12,date,,9a97acbfd5a08bfa,82a5152216251682,David Martinez,Dan Ige,2026-09-06T14:43:14.000000Z,f062b187c1dfad68c4511d2d560c2af3a5daec84,dd277f070a1d48b5fe2f7269855b20868bc9264712e526d06255897238a7b1ea,2016-09-10,2026-09-05,4947,b94517252dba82366be7878065766aedea5a5661a379d5676ca5d70bc33ee91f,b14ded6412fccd93cbac,47629589f1b2a613c3cd,0.7752280388997835,0.7871342990511413,0.7142440742577527,0.8513886416372362,0.7817898169891576,0.5462639465757038,1.205319105359576,3,21,0.001991504585745865,True,True,False
1,3e96f9b37e5cd8a9c407669251fabace0367f3011286654afb4c2d6497f6e2df,bayesian-logistic-blend-shadow-v1,matchup_8b54193e4f8a1587878a18998f44d167604b46e87b456e16b350cf7661b60711,638cfec7ec559d6e,2026-09-12,date,,e132d47bd9efbbe0,a13d755965a4ec9f,Rafa Garcia,Rongzhu,2026-09-06T14:43:14.000000Z,f062b187c1dfad68c4511d2d560c2af3a5daec84,dd277f070a1d48b5fe2f7269855b20868bc9264712e526d06255897238a7b1ea,2016-09-10,2026-09-05,4947,b94517252dba82366be7878065766aedea5a5661a379d5676ca5d70bc33ee91f,b14ded6412fccd93cbac,47629589f1b2a613c3cd,0.6305434806764414,0.652319584656634,0.5647352718803992,0.7327259552539107,0.6425114385962994,0.5462639465757038,1.205319105359576,11,6,0.001991504585745865,True,True,False
1,45b1237c10466686136a7d81f7b7141eb0aee46050cec5905c34409e87e2d819,bayesian-logistic-blend-shadow-v1,matchup_c64265c64920cec9a00bd1f9240a24eed73020e493f2b7d88bb0c8477a8eaf14,638cfec7ec559d6e,2026-09-12,date,,c96d9178c9ed9e62,5ef94841c4bc3f86,Tim Elliott,Edgar Chairez,2026-09-06T14:43:14.000000Z,f062b187c1dfad68c4511d2d560c2af3a5daec84,dd277f070a1d48b5fe2f7269855b20868bc9264712e526d06255897238a7b1ea,2016-09-10,2026-09-05,4947,b94517252dba82366be7878065766aedea5a5661a379d5676ca5d70bc33ee91f,b14ded6412fccd93cbac,47629589f1b2a613c3cd,0.45640186635778146,0.42534103338329976,0.3197111897606969,0.5283408511571458,0.4393765852272972,0.5462639465757038,1.205319105359576,22,7,0.001991504585745865,True,True,False
1,46cd13f6cc154bd0bea1aae9133e9a05447e55f193819992daca9ada41b97475,bayesian-logistic-blend-shadow-v1,matchup_66db0c6413cc98507cd0e1876233d66b36cf6017b3a96e40b1fd60441fcffa0f,638cfec7ec559d6e,2026-09-12,date,,52ef95b5860fb28c,7d6ceff6747f2de2,Jean Silva,Jose Delgado,2026-09-06T14:43:14.000000Z,f062b187c1dfad68c4511d2d560c2af3a5daec84,dd277f070a1d48b5fe2f7269855b20868bc9264712e526d06255897238a7b1ea,2016-09-10,2026-09-05,4947,b94517252dba82366be7878065766aedea5a5661a379d5676ca5d70bc33ee91f,b14ded6412fccd93cbac,47629589f1b2a613c3cd,0.4524940840147934,0.45932844851209326,0.38566624862345045,0.5360435157592526,0.4562253979936405,0.5462639465757038,1.205319105359576,7,5,0.001991504585745865,True,True,False
1,5ba3a7ee63e54c4f48133a113b0538c299bc14d9fadd47facaa00dd241647919,bayesian-logistic-blend-shadow-v1,matchup_937f5cfa3486c033c8191c9de80a2cc81dec1d3ce7f087edbd9121364a4239a3,638cfec7ec559d6e,2026-09-12,date,,6b0a6def604de298,6eedb757f13b9978,Tommy McMillen,Marwan Rahiki,2026-09-06T14:43:14.000000Z,f062b187c1dfad68c4511d2d560c2af3a5daec84,dd277f070a1d48b5fe2f7269855b20868bc9264712e526d06255897238a7b1ea,2016-09-10,2026-09-05,4947,b94517252dba82366be7878065766aedea5a5661a379d5676ca5d70bc33ee91f,b14ded6412fccd93cbac,47629589f1b2a613c3cd,0.6099133218569918,0.6039628483022932,0.5025199856650447,0.7065906612097191,0.6066667238032577,0.5462639465757038,1.205319105359576,2,2,0.001991504585745865,True,True,False
1,7439d09db388bacb0ed80f7b2ad2533c079c2d2b541a3c54705a2ab8c5823d7f,bayesian-logistic-blend-shadow-v1,matchup_2eff2435db7496ee92cfbb0bba997a7f2342807dc8f08b889daa4902ba093ae4,638cfec7ec559d6e,2026-09-12,date,,41523699f37d400c,d1026588fa65693f,Sean King III,Jessie Rosas,2026-09-06T14:43:14.000000Z,f062b187c1dfad68c4511d2d560c2af3a5daec84,dd277f070a1d48b5fe2f7269855b20868bc9264712e526d06255897238a7b1ea,2016-09-10,2026-09-05,4947,b94517252dba82366be7878065766aedea5a5661a379d5676ca5d70bc33ee91f,b14ded6412fccd93cbac,47629589f1b2a613c3cd,0.5,0.5,0.5,0.5,0.5,0.5462639465757038,1.205319105359576,0,0,0.001991504585745865,True,True,False
1,de3e2aacc80c5da2aae7e1c09237a9a53edcdad6d8ac48acb5e2eff9a78fa8fe,bayesian-logistic-blend-shadow-v1,matchup_7a11d1373c50e9cbe7af10195864810d4b1c4ebbc188faf9130ebe6994b34f70,638cfec7ec559d6e,2026-09-12,date,,7cbf7c78d3b34218,de83f920fd302871,Drakkar Klose,Tommy Gantt,2026-09-06T14:43:14.000000Z,f062b187c1dfad68c4511d2d560c2af3a5daec84,dd277f070a1d48b5fe2f7269855b20868bc9264712e526d06255897238a7b1ea,2016-09-10,2026-09-05,4947,b94517252dba82366be7878065766aedea5a5661a379d5676ca5d70bc33ee91f,b14ded6412fccd93cbac,47629589f1b2a613c3cd,0.27748673929379347,0.27591628160251386,0.20018418733377955,0.35716605608590696,0.2766281727895921,0.5462639465757038,1.205319105359576,13,1,0.001991504585745865,True,True,False
1,deb600ea6a55acc23c43c4a0f0e796d931b6256ab6a649706748ea8d27e406f5,bayesian-logistic-blend-shadow-v1,matchup_1795f0f9b8401650217d3518f508681af01a56f2d856f666f6a286be6bb24b4e,638cfec7ec559d6e,2026-09-12,date,,e4a47b07044ddd72,447f9858ae78f921,Ignacio Bahamondes,Muslim Salikhov,2026-09-06T14:43:14.000000Z,f062b187c1dfad68c4511d2d560c2af3a5daec84,dd277f070a1d48b5fe2f7269855b20868bc9264712e526d06255897238a7b1ea,2016-09-10,2026-09-05,4947,b94517252dba82366be7878065766aedea5a5661a379d5676ca5d70bc33ee91f,b14ded6412fccd93cbac,47629589f1b2a613c3cd,0.6842526558627736,0.7136787938338727,0.6216314613262568,0.7974307115686182,0.700530575244556,0.5462639465757038,1.205319105359576,10,14,0.001991504585745865,True,True,False
1,e7e122f32ec4181129b832e463713b43a4742abb9d55d629fe16cc22349573ce,bayesian-logistic-blend-shadow-v1,matchup_abc39e40cf108721027025feb07e881cfd6cdcf3cbb5ac9f60e3b80d0b606c6b,638cfec7ec559d6e,2026-09-12,date,,fc08099550072fe4,fa6796c55d6c5440,Waldo Cortes Acosta,Curtis Blaydes,2026-09-06T14:43:14.000000Z,f062b187c1dfad68c4511d2d560c2af3a5daec84,dd277f070a1d48b5fe2f7269855b20868bc9264712e526d06255897238a7b1ea,2016-09-10,2026-09-05,4947,b94517252dba82366be7878065766aedea5a5661a379d5676ca5d70bc33ee91f,b14ded6412fccd93cbac,47629589f1b2a613c3cd,0.4051253555935283,0.4243431054064436,0.301081891749528,0.5576680402038703,0.4155912559645303,0.5462639465757038,1.205319105359576,13,21,0.001991504585745865,True,True,False
1,f8f95b1e596a0321d28a1740c13ca75030788fdee260ae6e54b4ab6c8a363200,bayesian-logistic-blend-shadow-v1,matchup_d2991ba39eeb0b23aafb0230892c0807c82ad3247da4834b997399065a0f2efb,638cfec7ec559d6e,2026-09-12,date,,792be9a24df82ed6,2fe9032955c2e013,Brandon Moreno,Joseph Morales,2026-09-06T14:43:14.000000Z,f062b187c1dfad68c4511d2d560c2af3a5daec84,dd277f070a1d48b5fe2f7269855b20868bc9264712e526d06255897238a7b1ea,2016-09-10,2026-09-05,4947,b94517252dba82366be7878065766aedea5a5661a379d5676ca5d70bc33ee91f,b14ded6412fccd93cbac,47629589f1b2a613c3cd,0.6692397581190549,0.6798174038680699,0.5797672304592201,0.7690805887808416,0.6750400090790762,0.5462639465757038,1.205319105359576,20,5,0.001991504585745865,True,True,False
1,3088359e7298a58f26412076f309ea35a42f22202a7ae8fd0d9f978782181289,bayesian-logistic-blend-shadow-v1,matchup_5b75d6b29b94ef096db1dd93571feaf46134f07f9341c05258a44c34dcd700ec,8a0a35e7c74bebcc,2026-09-19,date,,b6452706b373eea1,def8166ff24bd237,Renato Moicano,Brian Ortega,2026-09-13T14:44:13.000000Z,fd25fd9b3a84a37ba9b2d66d84c30dda47437dce,dd277f070a1d48b5fe2f7269855b20868bc9264712e526d06255897238a7b1ea,2016-09-17,2026-09-12,4950,a589a7a577c740e3d04ec33bf8cb6cb37890a058f58fafdc91133634c30037b4,bcf495b4e10e8573d5c4,35e4ecfdff7cbda98fa3,0.7261976156502801,0.7440921267386568,0.6360807082451624,0.8319837717637071,0.7360686925721532,0.5462639465757038,1.2106521382419773,20,14,0.0022349672005085907,True,True,False
1,3105a8d9f9b8b60a055f89c9f679b1b8be44bfff7a191f8f11d910ed19441c07,bayesian-logistic-blend-shadow-v1,matchup_46acdff5f3e3f7792daa1d5df06232e0e473168e2b7cb8890421fed3e858632b,8a0a35e7c74bebcc,2026-09-19,date,,eae48ff31db420c2,9c393e836a852f30,Arman Tsarukyan,Mauricio Ruffy,2026-09-13T14:44:13.000000Z,fd25fd9b3a84a37ba9b2d66d84c30dda47437dce,dd277f070a1d48b5fe2f7269855b20868bc9264712e526d06255897238a7b1ea,2016-09-17,2026-09-12,4950,a589a7a577c740e3d04ec33bf8cb6cb37890a058f58fafdc91133634c30037b4,bcf495b4e10e8573d5c4,35e4ecfdff7cbda98fa3,0.7476876699147714,0.7638933930385267,0.6781571796136807,0.8358651715012574,0.7566305529008515,0.5462639465757038,1.2106521382419773,12,6,0.0022349672005085907,True,True,False
1,42d072dc561aad485fda06d011189814f6e542d4f44b5b0d0389960ae16e4b68,bayesian-logistic-blend-shadow-v1,matchup_6e355a8ad7d197cbe29ce642d75d50d2a8e45844e42d87852e64e4bf6ec40b9c,8a0a35e7c74bebcc,2026-09-19,date,,17e97649403ba428,a0f0004aadf10b71,Joshua Van,Alexandre Pantoja,2026-09-13T14:44:13.000000Z,fd25fd9b3a84a37ba9b2d66d84c30dda47437dce,dd277f070a1d48b5fe2f7269855b20868bc9264712e526d06255897238a7b1ea,2016-09-17,2026-09-12,4950,a589a7a577c740e3d04ec33bf8cb6cb37890a058f58fafdc91133634c30037b4,bcf495b4e10e8573d5c4,35e4ecfdff7cbda98fa3,0.7779829298970758,0.7941254985043725,0.7149619572616949,0.8595114764124031,0.78691095966272,0.5462639465757038,1.2106521382419773,11,18,0.0022349672005085907,True,True,False
1,510ebf049e06fe012be97d1a6eb26f9bb77dec6ce9db70a06bed3ca1a36294f0,bayesian-logistic-blend-shadow-v1,matchup_41ba239087a241674fcd8f74181fb92a25ca542b10d45301b7c21c7489209f99,8a0a35e7c74bebcc,2026-09-19,date,,c62fbc117d57b943,140567899d98978a,Tai Tuivasa,Robelis Despaigne,2026-09-13T14:44:13.000000Z,fd25fd9b3a84a37ba9b2d66d84c30dda47437dce,dd277f070a1d48b5fe2f7269855b20868bc9264712e526d06255897238a7b1ea,2016-09-17,2026-09-12,4950,a589a7a577c740e3d04ec33bf8cb6cb37890a058f58fafdc91133634c30037b4,bcf495b4e10e8573d5c4,35e4ecfdff7cbda98fa3,0.46462286399038044,0.47051732632934623,0.3494645510969968,0.5914108708150886,0.4678416774900044,0.5462639465757038,1.2106521382419773,18,3,0.0022349672005085907,True,True,False
1,5462aa2b33847197cfe8069512610de0aa88baea7137a082ea797df53af0e095,bayesian-logistic-blend-shadow-v1,matchup_c79dcc9635165d1f4a1e239bf9c5b598ecfcf90c75e2f49b00cff1c9260a3fd4,8a0a35e7c74bebcc,2026-09-19,date,,e463ce0a2ca474f4,6967153c7edb4d87,Ryan Gandra,Ozzy Diaz,2026-09-13T14:44:13.000000Z,fd25fd9b3a84a37ba9b2d66d84c30dda47437dce,dd277f070a1d48b5fe2f7269855b20868bc9264712e526d06255897238a7b1ea,2016-09-17,2026-09-12,4950,a589a7a577c740e3d04ec33bf8cb6cb37890a058f58fafdc91133634c30037b4,bcf495b4e10e8573d5c4,35e4ecfdff7cbda98fa3,0.6349236359436917,0.6514447723086424,0.5542482651220931,0.7394664538833272,0.6439908210317243,0.5462639465757038,1.2106521382419773,2,3,0.0022349672005085907,True,True,False
1,6166c70fb581f4f60d625251d5ea64a54dac32cff670b90e29a1b076b3e5d966,bayesian-logistic-blend-shadow-v1,matchup_acd0e6b31a1c8fb3bae358145f988d378eaf334300bf13546996916eed3530b8,8a0a35e7c74bebcc,2026-09-19,date,,4144798612ef96e5,1e719d4b676dc19a,Edmen Shahbazyan,Brunno Ferreira,2026-09-13T14:44:13.000000Z,fd25fd9b3a84a37ba9b2d66d84c30dda47437dce,dd277f070a1d48b5fe2f7269855b20868bc9264712e526d06255897238a7b1ea,2016-09-17,2026-09-12,4950,a589a7a577c740e3d04ec33bf8cb6cb37890a058f58fafdc91133634c30037b4,bcf495b4e10e8573d5c4,35e4ecfdff7cbda98fa3,0.7069627320636744,0.7182477208857648,0.6610013382649926,0.7714285083558113,0.7131601040883128,0.5462639465757038,1.2106521382419773,15,10,0.0022349672005085907,True,True,False
1,7d12e2de4ae75916fbab38c6787ebe9119387e993ed231112ff8c0aaa7e96d3d,bayesian-logistic-blend-shadow-v1,matchup_730df33900ec43538f5d7a9c368cd8fc9d91aef0d76aae08a2e109ea2630641f,8a0a35e7c74bebcc,2026-09-19,date,,9560ff14eb3129f7,791c8437b341fba5,Giga Chikadze,Joanderson Brito,2026-09-13T14:44:13.000000Z,fd25fd9b3a84a37ba9b2d66d84c30dda47437dce,dd277f070a1d48b5fe2f7269855b20868bc9264712e526d06255897238a7b1ea,2016-09-17,2026-09-12,4950,a589a7a577c740e3d04ec33bf8cb6cb37890a058f58fafdc91133634c30037b4,bcf495b4e10e8573d5c4,35e4ecfdff7cbda98fa3,0.2491676135769652,0.23046896855741386,0.1638504872043508,0.3067377528977213,0.23882942061211898,0.5462639465757038,1.2106521382419773,12,10,0.0022349672005085907,True,True,False
1,98f76aab2c7f11442c9651556be5cb79961795f3be020e262664240b463a173e,bayesian-logistic-blend-shadow-v1,matchup_ae4469d6e6c383f48dab6d33688d521769dc4791855bdb3c6cf4abaa090c38c7,8a0a35e7c74bebcc,2026-09-19,date,,7c7332319c14094c,f1d64ae34e088832,Marlon Vera,Charles Jourdain,2026-09-13T14:44:13.000000Z,fd25fd9b3a84a37ba9b2d66d84c30dda47437dce,dd277f070a1d48b5fe2f7269855b20868bc9264712e526d06255897238a7b1ea,2016-09-17,2026-09-12,4950,a589a7a577c740e3d04ec33bf8cb6cb37890a058f58fafdc91133634c30037b4,bcf495b4e10e8573d5c4,35e4ecfdff7cbda98fa3,0.27233642434766164,0.2633432328796453,0.17899882151814792,0.36695095189610377,0.2674000262858926,0.5462639465757038,1.2106521382419773,26,17,0.0022349672005085907,True,True,False
1,9cb04fbb7d140c93e61ed6a0d962958e1bc9535974dfa43b4a22b3ce02ae4229,bayesian-logistic-blend-shadow-v1,matchup_476907300c352a3007df1648d5891307dad34b5ffaf7f0940510328bb5dda3c1,8a0a35e7c74bebcc,2026-09-19,date,,a495f599e787614f,1c23ec2f1b71be40,Alonzo Menifield,Iwo Baraniewski,2026-09-13T14:44:13.000000Z,fd25fd9b3a84a37ba9b2d66d84c30dda47437dce,dd277f070a1d48b5fe2f7269855b20868bc9264712e526d06255897238a7b1ea,2016-09-17,2026-09-12,4950,a589a7a577c740e3d04ec33bf8cb6cb37890a058f58fafdc91133634c30037b4,bcf495b4e10e8573d5c4,35e4ecfdff7cbda98fa3,0.2915670778980615,0.28546212363689705,0.1955373322868512,0.3890506479721565,0.288222641198601,0.5462639465757038,1.2106521382419773,18,3,0.0022349672005085907,True,True,False
1,a79e4d5b43368566d8603dd52823eb4845967bdc55f55004a6f4f3367624c681,bayesian-logistic-blend-shadow-v1,matchup_8cb639734e70349cede5526c9186ce46910e1a9fe372bc84895459f47f63314c,8a0a35e7c74bebcc,2026-09-19,date,,04835018f90b118c,de594b35c45c2e9a,Casey O'Neill,Eduarda Moura,2026-09-13T14:44:13.000000Z,fd25fd9b3a84a37ba9b2d66d84c30dda47437dce,dd277f070a1d48b5fe2f7269855b20868bc9264712e526d06255897238a7b1ea,2016-09-17,2026-09-12,4950,a589a7a577c740e3d04ec33bf8cb6cb37890a058f58fafdc91133634c30037b4,bcf495b4e10e8573d5c4,35e4ecfdff7cbda98fa3,0.5531087990538595,0.5752338609227745,0.4640822728351271,0.6758603512957142,0.5652267670796415,0.5462639465757038,1.2106521382419773,8,5,0.0022349672005085907,True,True,False
1,d9be892e8dcf3da3b50db206fde1d9f585aebf747ac5c614449a20a0dd49761d,bayesian-logistic-blend-shadow-v1,matchup_bec90fe45f91dcb38f05be1a35565a02b9c8e1ca4de8ffb24483749c9958aa9c,8a0a35e7c74bebcc,2026-09-19,date,,98a58c26c5b1ed17,e93b04e308913c2e,Patricio Pitbull,Dooho Choi,2026-09-13T14:44:13.000000Z,fd25fd9b3a84a37ba9b2d66d84c30dda47437dce,dd277f070a1d48b5fe2f7269855b20868bc9264712e526d06255897238a7b1ea,2016-09-17,2026-09-12,4950,a589a7a577c740e3d04ec33bf8cb6cb37890a058f58fafdc91133634c30037b4,bcf495b4e10e8573d5c4,35e4ecfdff7cbda98fa3,0.24533110896835317,0.21122397353425906,0.15005234355359892,0.2853254683569204,0.22625370094003167,0.5462639465757038,1.2106521382419773,3,10,0.0022349672005085907,True,True,False
1,f8d4da03194d056065771c983179607d062a4fee4a10c604c84158c853e2ed8e,bayesian-logistic-blend-shadow-v1,matchup_24d2abb788a1cd512c495fdc548d6e73ba97540b84f658b9ddefdfce49e378d6,8a0a35e7c74bebcc,2026-09-19,date,,f7e856a73c96048e,0f3a990526c5e706,Gable Steveson,Sean Sharaf,2026-09-13T14:44:13.000000Z,fd25fd9b3a84a37ba9b2d66d84c30dda47437dce,dd277f070a1d48b5fe2f7269855b20868bc9264712e526d06255897238a7b1ea,2016-09-17,2026-09-12,4950,a589a7a577c740e3d04ec33bf8cb6cb37890a058f58fafdc91133634c30037b4,bcf495b4e10e8573d5c4,35e4ecfdff7cbda98fa3,0.9131991737681066,0.9232805708571242,0.8867147227994496,0.951785031136294,0.9188465824501064,0.5462639465757038,1.2106521382419773,1,2,0.0022349672005085907,True,True,False
1,fc71e874a5532e0561a711dc0bd741b8e46392cd613d07a655128a2469487cca,bayesian-logistic-blend-shadow-v1,matchup_64662e7a0fea918232991cd5b3b9a6443ccdbb6294a39815865673e66d201e52,8a0a35e7c74bebcc,2026-09-19,date,,01c9e4013afce141,a44020ea2e8cd026,Michael Aswell Jr.,JooSang Yoo,2026-09-13T14:44:13.000000Z,fd25fd9b3a84a37ba9b2d66d84c30dda47437dce,dd277f070a1d48b5fe2f7269855b20868bc9264712e526d06255897238a7b1ea,2016-09-17,2026-09-12,4950,a589a7a577c740e3d04ec33bf8cb6cb37890a058f58fafdc91133634c30037b4,bcf495b4e10e8573d5c4,35e4ecfdff7cbda98fa3,0.4700427732069418,0.47967861777558274,0.39459614179626107,0.5650686295473696,0.4753041810662622,0.5462639465757038,1.2106521382419773,4,2,0.0022349672005085907,True,True,False
1,0550f8986cad4853ce55153f1e1641ba2fb42567ee3a4d46ebf6a0360a13fe9c,bayesian-logistic-blend-shadow-v1,matchup_e7c500b651f8f8feef8228bdb897ec8da3fd58afb4035308f5df77b252e53330,7e654edcddd71550,2026-09-26,date,,69898645d600abdb,f5d82eccdea4e2dd,Rodolfo Bellato,Christian Edwards,2026-09-20T14:43:29.000000Z,289bc69c1e33e48931031741f175154d0cc329e4,dd277f070a1d48b5fe2f7269855b20868bc9264712e526d06255897238a7b1ea,2016-09-24,2026-09-19,4951,368e057c4a383453ad9aec619d1854be46418be8a567ab13a20ad969bdaeb7a5,ec9f985a70af66b3259a,bcc801e0c35c7cce7271,0.42521038159963076,0.42434963514508495,0.34354261283233156,0.5061467682951734,0.4247401303031762,0.5462639465757038,1.209413972632071,5,1,0.001700455648163177,True,True,False
1,12689e3ef77a96b8ae972f4f85ea7c123c8297e86a59c6db172b24f560a927b0,bayesian-logistic-blend-shadow-v1,matchup_7aa95ba68484517158ef35e7f68d68ddaa97e6998cad2e106c8088000ff50d60,7e654edcddd71550,2026-09-26,date,,d3f5d33d61cd00c9,06e4245d16fc5315,Norma Dumont,Ailin Perez,2026-09-20T14:43:29.000000Z,289bc69c1e33e48931031741f175154d0cc329e4,dd277f070a1d48b5fe2f7269855b20868bc9264712e526d06255897238a7b1ea,2016-09-24,2026-09-19,4951,368e057c4a383453ad9aec619d1854be46418be8a567ab13a20ad969bdaeb7a5,ec9f985a70af66b3259a,bcc801e0c35c7cce7271,0.4146935365013182,0.4172061731526316,0.3504643224043955,0.4860961046301435,0.41606555815334084,0.5462639465757038,1.209413972632071,12,7,0.001700455648163177,True,True,False
1,1c6ce3e54c95e147bb415bc210c422903cf561191e59ccae5e30f763d18b6cc5,bayesian-logistic-blend-shadow-v1,matchup_098d1e9838086ebc04614119e7c923e8f8c8b3dfb3e34717af46f8dbbe05441f,7e654edcddd71550,2026-09-26,date,,2bbdbc925f4323ac,130b65b53f30f33c,Mehemmedeli Osmanli,Ilimbek Akylbek,2026-09-20T14:43:29.000000Z,289bc69c1e33e48931031741f175154d0cc329e4,dd277f070a1d48b5fe2f7269855b20868bc9264712e526d06255897238a7b1ea,2016-09-24,2026-09-19,4951,368e057c4a383453ad9aec619d1854be46418be8a567ab13a20ad969bdaeb7a5,ec9f985a70af66b3259a,bcc801e0c35c7cce7271,0.5,0.5,0.5,0.5,0.5,0.5462639465757038,1.209413972632071,0,0,0.001700455648163177,True,True,False
1,27434042ab863acac3f26cc0c31cf90e362fd64dacfd6e7494c7c53a94713f53,bayesian-logistic-blend-shadow-v1,matchup_bd37b6457569db68ac2f9d98f3c91207a45248f8fc97c57786bba8dce606713e,7e654edcddd71550,2026-09-26,date,,7af33fc4435017f1,d8c811df0386d5e8,Brady Hiestand,Rinya Nakamura,2026-09-20T14:43:29.000000Z,289bc69c1e33e48931031741f175154d0cc329e4,dd277f070a1d48b5fe2f7269855b20868bc9264712e526d06255897238a7b1ea,2016-09-24,2026-09-19,4951,368e057c4a383453ad9aec619d1854be46418be8a567ab13a20ad969bdaeb7a5,ec9f985a70af66b3259a,bcc801e0c35c7cce7271,0.5720518408092182,0.5777994694127183,0.4715079156414377,0.6820438494153701,0.5751940763801003,0.5462639465757038,1.209413972632071,4,5,0.001700455648163177,True,True,False
1,694fc165951d8824528a10fc34c69bb9571f38e14df5518a87c8fef0d584f91c,bayesian-logistic-blend-shadow-v1,matchup_d14c691a367e024e5705220669d896edb1db21b218621339498702e2778d28e0,7e654edcddd71550,2026-09-26,date,,260e9e0d4954aea6,f96856f9d69fd7e4,Rodolfo Vieira,Robert Bryczek,2026-09-20T14:43:29.000000Z,289bc69c1e33e48931031741f175154d0cc329e4,dd277f070a1d48b5fe2f7269855b20868bc9264712e526d06255897238a7b1ea,2016-09-24,2026-09-19,4951,368e057c4a383453ad9aec619d1854be46418be8a567ab13a20ad969bdaeb7a5,ec9f985a70af66b3259a,bcc801e0c35c7cce7271,0.5491061679787413,0.5501562533381411,0.4485197513759321,0.647811201813389,0.5496798465676905,0.5462639465757038,1.209413972632071,11,3,0.001700455648163177,True,True,False
1,791f7e76d192541c23cb4f4fb6c28cec49a74dfd9f5db21202706c09b8fd01ca,bayesian-logistic-blend-shadow-v1,matchup_50b56a933aa83f084b2be180a850b64e878952362d2dda8728394275dd91bb02,7e654edcddd71550,2026-09-26,date,,48a9a128784d53d1,e5864a42c80294f6,Elves Brener,Josiah Harrell,2026-09-20T14:43:29.000000Z,289bc69c1e33e48931031741f175154d0cc329e4,dd277f070a1d48b5fe2f7269855b20868bc9264712e526d06255897238a7b1ea,2016-09-24,2026-09-19,4951,368e057c4a383453ad9aec619d1854be46418be8a567ab13a20ad969bdaeb7a5,ec9f985a70af66b3259a,bcc801e0c35c7cce7271,0.5561445861848774,0.5659927783826793,0.4743252677230345,0.6564015522962001,0.561530274568533,0.5462639465757038,1.209413972632071,6,1,0.001700455648163177,True,True,False
1,79fbfbe15079e59b320887ed0ba5812f7eb1e435cd4d9b805e4f00d87baed569,bayesian-logistic-blend-shadow-v1,matchup_34028b84a7ec0b53a2fa9219c106e593df1824e7fab7bcebd62d525afd645b53,7e654edcddd71550,2026-09-26,date,,2c483cf443f38ece,40cb680ae1cd331f,Vanessa Demopoulos,Yazmin Jauregui,2026-09-20T14:43:29.000000Z,289bc69c1e33e48931031741f175154d0cc329e4,dd277f070a1d48b5fe2f7269855b20868bc9264712e526d06255897238a7b1ea,2016-09-24,2026-09-19,4951,368e057c4a383453ad9aec619d1854be46418be8a567ab13a20ad969bdaeb7a5,ec9f985a70af66b3259a,bcc801e0c35c7cce7271,0.14917013107170982,0.139329059332646,0.0965171683431425,0.19402024824268885,0.14372513296932332,0.5462639465757038,1.209413972632071,10,5,0.001700455648163177,True,True,False
1,b61f44cb9d45cad7275934e42483c10e35339af55bbaa1cc492ce61154ae3a5a,bayesian-logistic-blend-shadow-v1,matchup_18ab440feed6f9f325ffa5ed3e9df4506ddd14a36d46c45bc60ff2e433f67a5d,7e654edcddd71550,2026-09-26,date,,71758ab9f337716c,a1a91dbf41a029c4,Melissa Amaya,Valesca Machado,2026-09-20T14:43:29.000000Z,289bc69c1e33e48931031741f175154d0cc329e4,dd277f070a1d48b5fe2f7269855b20868bc9264712e526d06255897238a7b1ea,2016-09-24,2026-09-19,4951,368e057c4a383453ad9aec619d1854be46418be8a567ab13a20ad969bdaeb7a5,ec9f985a70af66b3259a,bcc801e0c35c7cce7271,0.5,0.5,0.5,0.5,0.5,0.5462639465757038,1.209413972632071,0,0,0.001700455648163177,True,True,False
1,e3646888863ff2568dcda77cf75ea294bdb23dfe96ac26a7ca8579f29607780a,bayesian-logistic-blend-shadow-v1,matchup_e6fbd5b4ed13b05288ca09bebeb9979c204884c0b08d8693b89a0d3ae9faae5a,7e654edcddd71550,2026-09-26,date,,cc1a8b4b38b92c6d,5987b2458f4b5290,Montel Jackson,Ricky Simon,2026-09-20T14:43:29.000000Z,289bc69c1e33e48931031741f175154d0cc329e4,dd277f070a1d48b5fe2f7269855b20868bc9264712e526d06255897238a7b1ea,2016-09-24,2026-09-19,4951,368e057c4a383453ad9aec619d1854be46418be8a567ab13a20ad969bdaeb7a5,ec9f985a70af66b3259a,bcc801e0c35c7cce7271,0.6433932696142373,0.6515721826744608,0.5635250592515509,0.7355088210636741,0.6478718366686826,0.5462639465757038,1.209413972632071,13,17,0.001700455648163177,True,True,False
1,e3f97aa526ffb89539e9b83bfd9d62377928fcb6b2f6b724200e8762c917c63e,bayesian-logistic-blend-shadow-v1,matchup_77abcf3c53b775efe29136d638e75a9874c26ecf33cd29728d274597c66b3704,7e654edcddd71550,2026-09-26,date,,5fa2974cbd18e05c,1897b7b913736a7c,John Castaneda,Alatengheili,2026-09-20T14:43:29.000000Z,289bc69c1e33e48931031741f175154d0cc329e4,dd277f070a1d48b5fe2f7269855b20868bc9264712e526d06255897238a7b1ea,2016-09-24,2026-09-19,4951,368e057c4a383453ad9aec619d1854be46418be8a567ab13a20ad969bdaeb7a5,ec9f985a70af66b3259a,bcc801e0c35c7cce7271,0.6929021947239036,0.6901220204215592,0.6183344485806733,0.7560506075448442,0.6913852054226923,0.5462639465757038,1.209413972632071,9,9,0.001700455648163177,True,True,False
1,fbcee21187908c4387f89a7d7519d7581821bef1f69effea1598b6cb430cc23e,bayesian-logistic-blend-shadow-v1,matchup_042134cedb6f21a8eb042d8dc73eac5be6b00b6b6b138181d1757414332e4aee,7e654edcddd71550,2026-09-26,date,,fe2babf95de24fb1,b9f28e7045fdfce7,Raul Rosas Jr.,Raoni Barcelos,2026-09-20T14:43:29.000000Z,289bc69c1e33e48931031741f175154d0cc329e4,dd277f070a1d48b5fe2f7269855b20868bc9264712e526d06255897238a7b1ea,2016-09-24,2026-09-19,4951,368e057c4a383453ad9aec619d1854be46418be8a567ab13a20ad969bdaeb7a5,ec9f985a70af66b3259a,bcc801e0c35c7cce7271,0.6856238385028046,0.7088298091728016,0.6182016095840409,0.7874940721570439,0.6984253641612485,0.5462639465757038,1.209413972632071,7,15,0.001700455648163177,True,True,False
