schema_version,link_id,first_linked_at_utc,first_capture_id,source,source_event_id,source_commence_time_utc,source_fighter_name,source_opponent_name,ufc_event_id,matchup_id,source_fighter_ufcstats_id,source_opponent_ufcstats_id,source_is_reversed,paper_only,execution_enabled
1,0628519700da0fc7048049965715a9395cd4a4260e0ab762ca627331438c43a6,2026-09-02T17:27:54.327138Z,capture_20260902T172753987187Z_33660857080_1_225a01f962bd,the-odds-api.com,d38f223a17f96a4665c34339105a4abd,2026-09-05T16:00:00.000000Z,Ryan Spann,Mario Pinto,2144954270be834d,matchup_c4fdd2478b8f9bfba7f679889348ae3848153f5d11360f550d52e07349e29e17,a67f5afa8d6a1b80,39d309957c5c210d,True,True,False
1,09a733eb33ac71a759a6e63d5f5b28b0cb00bbc6b96cb9ece43ac3bb7b5f3459,2026-09-02T17:27:54.327138Z,capture_20260902T172753987187Z_33660857080_1_225a01f962bd,the-odds-api.com,2e6e3aeccdbc709aaf6aac50c3211e31,2026-09-05T16:00:00.000000Z,Sofia Montenegro,Delphine Benouaich,2144954270be834d,matchup_c6f99d827d99147ec40154996f5cd9c439402f8c1fe7b0c6d927bd3c81990c61,8b1b051038354655,3138df4d117ebc12,True,True,False
1,1cb8823077f7190b8344a6f3e6633638ee087a58bc6c42c8e3600cfa43f52173,2026-09-02T17:27:54.327138Z,capture_20260902T172753987187Z_33660857080_1_225a01f962bd,the-odds-api.com,4dff987ef20dbb0f1dcb9f622fcbe656,2026-09-05T16:00:00.000000Z,Modestas Bukauskas,Oumar Sy,2144954270be834d,matchup_a98b162dd2ff1d5415a572a5a20b0f37599fc71cd28b0ac30b961720373d1199,476fe566d2df676e,46e2011d92463b7e,True,True,False
1,21d3dc5216d5fb50366db0702cf2fa75c40e60bfece6ea0f8e8eef762a045d90,2026-09-02T17:27:54.327138Z,capture_20260902T172753987187Z_33660857080_1_225a01f962bd,the-odds-api.com,491eeaaefc21f2d4e1eac3301acff51d,2026-09-05T16:00:00.000000Z,Punahele Soriano,Daniil Donchenko,2144954270be834d,matchup_86b2eb61db67ca8fa121533f6e961a913c37fc9cd4cd9b044b5534cfa1159816,64facb6cc564262d,70dd69b6a703257e,True,True,False
1,3c8e910cba20a5dca37e5b53964a316e214c54840d1410d778f8f14a98bb4890,2026-09-02T17:27:54.327138Z,capture_20260902T172753987187Z_33660857080_1_225a01f962bd,the-odds-api.com,230dd5147588e631a9fb9bfa0a3ac398,2026-09-05T16:00:00.000000Z,Luis Felipe Dias,Matthieu Duclos,2144954270be834d,matchup_28fea7b40a742271baa73e0e4459f1d5777e4498f310623c111e7397e38f7183,33a86e839ad202d8,ec322adbabbfa6e7,True,True,False
1,3e944d340ca6999a400b9a3859b3845ca5102176b8b8b96685418e36365e4053,2026-09-02T17:27:54.327138Z,capture_20260902T172753987187Z_33660857080_1_225a01f962bd,the-odds-api.com,9db9ad2aa0e316efefc749b48d86f5bd,2026-09-05T16:00:00.000000Z,Fabia Sintes,Michael Aljarouj,2144954270be834d,matchup_4b14d6546c8101cf4e7844a682d653e6a80eb09ed63c589aec54a33e149df254,9911989cf48b195d,22e3458965d5d08a,True,True,False
1,7385853073a15ac64e59bdd57dc0a34fa90e68027ba0afbbe18cd8cfcd04b17e,2026-09-02T17:27:54.327138Z,capture_20260902T172753987187Z_33660857080_1_225a01f962bd,the-odds-api.com,c514cbb30fc0bdd53539319c2329c239,2026-09-05T16:00:00.000000Z,Axel Sola,Fares Ziam,2144954270be834d,matchup_59d3204bd6591089d45ebe3e85e99fc60ec6d3301eb3884ceb1d0451d9599614,1d2d98ddd05b38fb,1e4f273069fb9e85,True,True,False
1,84cf9fae7d0b9cea3fe5c794b544270f15359c9f02567c4541dac5dd9aec596b,2026-09-02T17:27:54.327138Z,capture_20260902T172753987187Z_33660857080_1_225a01f962bd,the-odds-api.com,7b49976b5438d6a95ac9bced980f553a,2026-09-05T16:00:00.000000Z,Klaudia Syguła,Nora Cornolle,2144954270be834d,matchup_1fce52baf78bc8d3d8b338f10139cc7aeb18fe188c5bae17140a9dcc62f262e6,9f5e3c20ce40b344,f2b3f4ef3f780168,True,True,False
1,8815a7283ba30e7b9200d6a132eaa2b1c0b780130c85269aa7cca43066234b67,2026-09-02T17:27:54.327138Z,capture_20260902T172753987187Z_33660857080_1_225a01f962bd,the-odds-api.com,5eb22c517ccfa8964161ed8627da8762,2026-09-05T16:00:00.000000Z,Muhammadjon Naimov,Losene Keita,2144954270be834d,matchup_efceb8a2cf0faca403b487b7f86a45ed53496d69cfb44431d1fce10df1751431,8d11d9c13e2ccdf7,5b43d68174b6e2ab,True,True,False
1,8b428c0afab4fbe936b8e1b3604de764ebe8e74d1a288406142e262446bb27f3,2026-09-02T17:27:54.327138Z,capture_20260902T172753987187Z_33660857080_1_225a01f962bd,the-odds-api.com,ae159a0bfa4bdc221c81d9a30c3af3af,2026-09-05T16:00:00.000000Z,Felipe Lima,Morgan Charriere,2144954270be834d,matchup_e77fa0e4f3862227418eef40fbbb1a99437034414985a81107bee615f9da08ca,9256f591b30c073e,5b03b61f9d90125e,True,True,False
1,b038e0c8166106badfd057eb012136eee817b75675faa861bac1b44ab19bf5b6,2026-09-02T17:27:54.327138Z,capture_20260902T172753987187Z_33660857080_1_225a01f962bd,the-odds-api.com,041c76b77557af271e8c9aa4aa72dc31,2026-09-05T16:00:00.000000Z,Salahdine Parnasse,Daniel Hooker,2144954270be834d,matchup_0dc64302fb9aa1e8a2fefa3fcd256374a63542df95f08a12b53d18c5af710d5b,b3cb9dfccff3be76,193b9d1858bc4df3,True,True,False
1,f46e3380c1b3530de39a48ad7571f9fe21db3bcf9ce398a9c9e717fb6ba9245f,2026-09-02T17:27:54.327138Z,capture_20260902T172753987187Z_33660857080_1_225a01f962bd,the-odds-api.com,a86614c0bbce5f30221abc558f15f2a5,2026-09-05T16:00:00.000000Z,Trevor Peek,Kurtis Campbell,2144954270be834d,matchup_cf3205b162a0dde589038b55f4225ba43c70eea4bcc574f1ed3694825204d030,0bc697c5936a2d0a,9d51798e61f2e0c7,True,True,False
1,f05f311a6987007a503fc18734554e0d5ae366b191fb52bd2e39e8a52703204d,2026-09-03T17:28:10.528291Z,capture_20260903T172810099053Z_33784441292_1_1199c180c261,the-odds-api.com,d1a30cd27e6abbb9892fa698f1a1c2f7,2026-09-05T16:00:00.000000Z,Pavel Andrusca,Nathaniel Wood,2144954270be834d,matchup_5ba9978871b848d5b7445f82c33ad8b233afd688c6347983e72b3aec7be3e696,93f9c19ae41d2a97,329e403448756217,True,True,False
1,0e9a7a170184590d8f4f3caf2edee266a23fc4ee9f6cd4a16210eff053c28913,2026-09-06T15:27:36.965981Z,capture_20260906T152736600585Z_34042159855_1_fc9de2c24085,the-odds-api.com,b7208db4dd497f87e102ddb22295ffce,2026-09-12T20:15:00.000000Z,Yousri Belgaroui,Djorden Santos,638cfec7ec559d6e,matchup_9c495107c2bd33322a572d2016024690b02d02d2d0cc09fb890650971126b860,7674b836ce0698a0,312f7d7b2b2f7de4,False,True,False
1,395ddcb603ad4e8063c84d1dc0a77f27e6f925a34dc875f8adf86053014c5eab,2026-09-06T15:27:36.965981Z,capture_20260906T152736600585Z_34042159855_1_fc9de2c24085,the-odds-api.com,55c4492479c6bd10aacd993219179119,2026-09-12T20:45:00.000000Z,Tim Elliott,Edgar Chairez,638cfec7ec559d6e,matchup_c64265c64920cec9a00bd1f9240a24eed73020e493f2b7d88bb0c8477a8eaf14,c96d9178c9ed9e62,5ef94841c4bc3f86,False,True,False
1,59a737e608df77ecef338c55cc42b5410c164bd6b33070b92318faa54739916c,2026-09-06T15:27:36.965981Z,capture_20260906T152736600585Z_34042159855_1_fc9de2c24085,the-odds-api.com,6e6cb994b418806cf161af83bf19c97b,2026-09-12T23:45:00.000000Z,Jean Silva,Jose Delgado,638cfec7ec559d6e,matchup_66db0c6413cc98507cd0e1876233d66b36cf6017b3a96e40b1fd60441fcffa0f,52ef95b5860fb28c,7d6ceff6747f2de2,False,True,False
1,78afae347a7749cfd96ca39bd3d3b1903658bfce78cbb38ca77b63fbf7fdce59,2026-09-06T15:27:36.965981Z,capture_20260906T152736600585Z_34042159855_1_fc9de2c24085,the-odds-api.com,47fb77592048ad5a788c211bde8e848a,2026-09-12T21:15:00.000000Z,David Martinez,Dan Ige,638cfec7ec559d6e,matchup_f3409c8960623b60db41650f26f238caea2b314befb8164c73c2b21187a7deb4,9a97acbfd5a08bfa,82a5152216251682,False,True,False
1,85791514140a88813de1855bd7c90e9fffb80a50ad636d25d24e37a6eaca79c5,2026-09-06T15:27:36.965981Z,capture_20260906T152736600585Z_34042159855_1_fc9de2c24085,the-odds-api.com,b34ea4f97b4f5e0269662aac3000de4a,2026-09-12T21:45:00.000000Z,Waldo Cortes-Acosta,Curtis Blaydes,638cfec7ec559d6e,matchup_abc39e40cf108721027025feb07e881cfd6cdcf3cbb5ac9f60e3b80d0b606c6b,fc08099550072fe4,fa6796c55d6c5440,False,True,False
1,85916da4909db14a2201c569abc17a1186d69b3cb0994b342a914abdefd2684c,2026-09-06T15:27:36.965981Z,capture_20260906T152736600585Z_34042159855_1_fc9de2c24085,the-odds-api.com,fc0f5ecf0f53e7bb434ee19e0dc77226,2026-09-12T19:15:00.000000Z,Rafa Garcia,Zhu Rong,638cfec7ec559d6e,matchup_8b54193e4f8a1587878a18998f44d167604b46e87b456e16b350cf7661b60711,e132d47bd9efbbe0,a13d755965a4ec9f,False,True,False
1,8e9703d86f5772a8ea3406a68e43963c4a8b6a287a08ee88d474b1b64bebd379,2026-09-06T15:27:36.965981Z,capture_20260906T152736600585Z_34042159855_1_fc9de2c24085,the-odds-api.com,fd52af3d1430f8caff510dfdb66597c3,2026-09-12T20:30:00.000000Z,Ignacio Bahamondes,Muslim Salikhov,638cfec7ec559d6e,matchup_1795f0f9b8401650217d3518f508681af01a56f2d856f666f6a286be6bb24b4e,e4a47b07044ddd72,447f9858ae78f921,False,True,False
1,91fccdf5c13bba490fa6cf6e8a82cd31a2d1f8bf2f7aced3eaa5155db53a80f0,2026-09-06T15:27:36.965981Z,capture_20260906T152736600585Z_34042159855_1_fc9de2c24085,the-odds-api.com,82ab63fc7383b2b739a01100f09e0b11,2026-09-13T00:00:00.000000Z,J.J. Aldrich,Regina Tarin,638cfec7ec559d6e,matchup_efc52791a801f4be7db8f27634cf0bb8892c9d043aa415db2ff02c6293d01725,6fd953151d981979,9f5609dba6584ab2,False,True,False
1,93bfd17334cacd52ef687be437f04a14da0db6b307dd372f10f1c646bed6bb4a,2026-09-06T15:27:36.965981Z,capture_20260906T152736600585Z_34042159855_1_fc9de2c24085,the-odds-api.com,b0da40c6c04b2fa69ee5d46c509d160f,2026-09-12T22:45:00.000000Z,Tommy McMillen,Marwan Rahiki,638cfec7ec559d6e,matchup_937f5cfa3486c033c8191c9de80a2cc81dec1d3ce7f087edbd9121364a4239a3,6b0a6def604de298,6eedb757f13b9978,False,True,False
1,999b82f6333bfb964e0e9317b7d13fbe099c623f4f4ad42e248a2bc2e6254877,2026-09-06T15:27:36.965981Z,capture_20260906T152736600585Z_34042159855_1_fc9de2c24085,the-odds-api.com,1c075185d91e84c1317a9f6bdad39e6b,2026-09-12T22:15:00.000000Z,Manon Fiorot,Alexa Grasso,638cfec7ec559d6e,matchup_b464e7f36dcad5cc9c276270b36003a7ccb1aa0ec8407c2b3ef8618a633f4a75,34ff304266360297,e8b731feff72294b,False,True,False
1,ce8f628b351cab4366d2624c602553e69425a4d5732643b14da956cfee979f0c,2026-09-06T15:27:36.965981Z,capture_20260906T152736600585Z_34042159855_1_fc9de2c24085,the-odds-api.com,a6c08d78970d712f2fc421fa3b69382f,2026-09-12T23:15:00.000000Z,Brandon Moreno,Joseph Morales,638cfec7ec559d6e,matchup_d2991ba39eeb0b23aafb0230892c0807c82ad3247da4834b997399065a0f2efb,792be9a24df82ed6,2fe9032955c2e013,False,True,False
1,1bd16310244d71c18dc3e2b3362c993f823fbfd15bb6bb3ded339490a74f3354,2026-09-08T17:29:02.447536Z,capture_20260908T172902153664Z_34257014604_1_8cf8769ab883,the-odds-api.com,82ab63fc7383b2b739a01100f09e0b11,2026-09-12T21:00:00.000000Z,Regina Tarin,J.J. Aldrich,638cfec7ec559d6e,matchup_efc52791a801f4be7db8f27634cf0bb8892c9d043aa415db2ff02c6293d01725,9f5609dba6584ab2,6fd953151d981979,True,True,False
1,06e64b97bc98a30ef7b7ff487826cb13c2ab01d0e5676bc8a3bfa8b99111b717,2026-09-13T15:28:12.478574Z,capture_20260913T152812157990Z_34765489329_1_591acddd7a69,the-odds-api.com,9c81899bd5c97424298cb75824aa9b39,2026-09-20T02:45:00.000000Z,Arman Tsarukyan,Mauricio Ruffy,8a0a35e7c74bebcc,matchup_46acdff5f3e3f7792daa1d5df06232e0e473168e2b7cb8890421fed3e858632b,eae48ff31db420c2,9c393e836a852f30,False,True,False
1,121104931d3cff396ca7c99ee61e983c7762c406e68181e09d3d7149035f7e2e,2026-09-13T15:28:12.478574Z,capture_20260913T152812157990Z_34765489329_1_591acddd7a69,the-odds-api.com,35495c892bf6e3997d2725df4ca003df,2026-09-19T23:45:00.000000Z,Tai Tuivasa,Robelis Despaigne,8a0a35e7c74bebcc,matchup_41ba239087a241674fcd8f74181fb92a25ca542b10d45301b7c21c7489209f99,c62fbc117d57b943,140567899d98978a,False,True,False
1,309279fa9a3fb4eb39c0004a95b8a9c9b5516c23da3af6361f9c048ca70d526b,2026-09-13T15:28:12.478574Z,capture_20260913T152812157990Z_34765489329_1_591acddd7a69,the-odds-api.com,f00933726f831e1aea9060837d70c555,2026-09-20T01:15:00.000000Z,Alonzo Menifield,Iwo Baraniewski,8a0a35e7c74bebcc,matchup_476907300c352a3007df1648d5891307dad34b5ffaf7f0940510328bb5dda3c1,a495f599e787614f,1c23ec2f1b71be40,False,True,False
1,37be2b13f8a03a780a1b163ae99a5f94d5faa6273e4206dc24bb26fa4bbf4034,2026-09-13T15:28:12.478574Z,capture_20260913T152812157990Z_34765489329_1_591acddd7a69,the-odds-api.com,72bc9fad0569290a723199450ccce949,2026-09-19T21:15:00.000000Z,Giga Chikadze,Joanderson Brito,8a0a35e7c74bebcc,matchup_730df33900ec43538f5d7a9c368cd8fc9d91aef0d76aae08a2e109ea2630641f,9560ff14eb3129f7,791c8437b341fba5,False,True,False
1,991e88075b5bad8132945d5ab14f06d986b985277e4cb7301460e7f59dfb10b4,2026-09-13T15:28:12.478574Z,capture_20260913T152812157990Z_34765489329_1_591acddd7a69,the-odds-api.com,aa7a874d175da620f7fa265b29b064c3,2026-09-20T00:15:00.000000Z,Marlon Vera,Charles Jourdain,8a0a35e7c74bebcc,matchup_ae4469d6e6c383f48dab6d33688d521769dc4791855bdb3c6cf4abaa090c38c7,7c7332319c14094c,f1d64ae34e088832,False,True,False
1,a66fd5fd014e3bfdbf11586a31d45c889cb0c2998e7f1964dec0c6ec40fb111d,2026-09-13T15:28:12.478574Z,capture_20260913T152812157990Z_34765489329_1_591acddd7a69,the-odds-api.com,097259d4c82c4ae646995fc8d665c410,2026-09-20T03:15:00.000000Z,Joshua Van,Alexandre Pantoja,8a0a35e7c74bebcc,matchup_6e355a8ad7d197cbe29ce642d75d50d2a8e45844e42d87852e64e4bf6ec40b9c,17e97649403ba428,a0f0004aadf10b71,False,True,False
1,b9407374d4601ff13a59dcc77202d09a8aeb9d1b0a85dd7db7cab9caef26bb97,2026-09-13T15:28:12.478574Z,capture_20260913T152812157990Z_34765489329_1_591acddd7a69,the-odds-api.com,90384c76e624bee791627fb9a4594e68,2026-09-19T22:15:00.000000Z,Edmen Shahbazyan,Brunno Ferreira,8a0a35e7c74bebcc,matchup_acd0e6b31a1c8fb3bae358145f988d378eaf334300bf13546996916eed3530b8,4144798612ef96e5,1e719d4b676dc19a,False,True,False
1,dc374c599ffcad57d9b5b9c74c54894ca5e918b24881a0b9b4160c033378aed5,2026-09-13T15:28:12.478574Z,capture_20260913T152812157990Z_34765489329_1_591acddd7a69,the-odds-api.com,05b660335ff8c2960dd384c9739654f7,2026-09-20T02:15:00.000000Z,Patricio Pitbull,Dooho Choi,8a0a35e7c74bebcc,matchup_bec90fe45f91dcb38f05be1a35565a02b9c8e1ca4de8ffb24483749c9958aa9c,98a58c26c5b1ed17,e93b04e308913c2e,False,True,False
1,e035d016657efff41c58abb6e575ddda19e765e50b6e1e0a152b2bfca316d0a4,2026-09-13T15:28:12.478574Z,capture_20260913T152812157990Z_34765489329_1_591acddd7a69,the-odds-api.com,bc257ce1122b16fe0efc528b5f527954,2026-09-19T21:45:00.000000Z,Casey O'Neill,Eduarda Moura,8a0a35e7c74bebcc,matchup_8cb639734e70349cede5526c9186ce46910e1a9fe372bc84895459f47f63314c,04835018f90b118c,de594b35c45c2e9a,False,True,False
1,f2fcf026c0008de7fc6607f388539bbaa805930a4ed0f32ad9d434df3b532170,2026-09-13T15:28:12.478574Z,capture_20260913T152812157990Z_34765489329_1_591acddd7a69,the-odds-api.com,430372943e1a714088d294f9501e2c06,2026-09-20T00:45:00.000000Z,Gable Steveson,Sean Sharaf,8a0a35e7c74bebcc,matchup_24d2abb788a1cd512c495fdc548d6e73ba97540b84f658b9ddefdfce49e378d6,f7e856a73c96048e,0f3a990526c5e706,False,True,False
1,f9de3795e98c0b9d87f4f1aeef8e34b8011494951ddbd6086fc499dd88e1b19b,2026-09-13T15:28:12.478574Z,capture_20260913T152812157990Z_34765489329_1_591acddd7a69,the-odds-api.com,21b05997d2987720b8f0e79d765b4a1d,2026-09-20T01:45:00.000000Z,Renato Moicano,Brian Ortega,8a0a35e7c74bebcc,matchup_5b75d6b29b94ef096db1dd93571feaf46134f07f9341c05258a44c34dcd700ec,b6452706b373eea1,def8166ff24bd237,False,True,False
1,6433e39fbbdcbd71f4b90853bfe444f7f48b5bb80c1ec29a6fc84eaea917eff4,2026-09-15T04:35:18.829706Z,capture_20260915T043518516983Z_34929161501_1_4228060dcdad,the-odds-api.com,21b05997d2987720b8f0e79d765b4a1d,2026-09-19T21:00:00.000000Z,Brian Ortega,Renato Moicano,8a0a35e7c74bebcc,matchup_5b75d6b29b94ef096db1dd93571feaf46134f07f9341c05258a44c34dcd700ec,def8166ff24bd237,b6452706b373eea1,True,True,False
1,be214c329c9a0e77c7c910eb5eddd0505bdc905406b605927b619823226f0523,2026-09-15T04:35:18.829706Z,capture_20260915T043518516983Z_34929161501_1_4228060dcdad,the-odds-api.com,2c47e541ab2e5fa5cef2e7d8b563d484,2026-09-19T21:00:00.000000Z,Ozzy Diaz,Ryan Gandra,8a0a35e7c74bebcc,matchup_c79dcc9635165d1f4a1e239bf9c5b598ecfcf90c75e2f49b00cff1c9260a3fd4,6967153c7edb4d87,e463ce0a2ca474f4,True,True,False
1,32a36a9424e76a956bc9e55cd9c3826269326d8d59c3e9b08a9eef9e1039b879,2026-09-20T15:27:28.301651Z,capture_20260920T152728100707Z_35519478641_1_02cf0d344cbc,the-odds-api.com,1a8d67638d14ff509c758b0cf2169be9,2026-09-26T22:00:00.000000Z,Rodolfo Vieira,Robert Bryczek,7e654edcddd71550,matchup_d14c691a367e024e5705220669d896edb1db21b218621339498702e2778d28e0,260e9e0d4954aea6,f96856f9d69fd7e4,False,True,False
1,3adcd8b51bd9f7aee1ba2b9001e1af96fee94634d8b238a2b484129b8cf5fa46,2026-09-20T15:27:28.301651Z,capture_20260920T152728100707Z_35519478641_1_02cf0d344cbc,the-odds-api.com,6f3c1a639a936970430aea6d73e5a623,2026-09-26T22:00:00.000000Z,Montel Jackson,Ricky Simon,7e654edcddd71550,matchup_e6fbd5b4ed13b05288ca09bebeb9979c204884c0b08d8693b89a0d3ae9faae5a,cc1a8b4b38b92c6d,5987b2458f4b5290,False,True,False
1,50ba8c40577848e982c761a9d3c0603306b9472ca215c1283eb4e0f84ffa7286,2026-09-20T15:27:28.301651Z,capture_20260920T152728100707Z_35519478641_1_02cf0d344cbc,the-odds-api.com,1b7e33cc503c137ed5ca5b3f8a59886d,2026-09-26T22:00:00.000000Z,John Castaneda,Heili Alateng,7e654edcddd71550,matchup_77abcf3c53b775efe29136d638e75a9874c26ecf33cd29728d274597c66b3704,5fa2974cbd18e05c,1897b7b913736a7c,False,True,False
1,65b5edd0ba409be231ba0e138be2305360b1b10a77a2a6a4eeb5eb7b26b8f148,2026-09-20T15:27:28.301651Z,capture_20260920T152728100707Z_35519478641_1_02cf0d344cbc,the-odds-api.com,953ac6d64890d0a1281b5eef9828b0f3,2026-09-26T22:00:00.000000Z,Brady Hiestand,Rinya Nakamura,7e654edcddd71550,matchup_bd37b6457569db68ac2f9d98f3c91207a45248f8fc97c57786bba8dce606713e,7af33fc4435017f1,d8c811df0386d5e8,False,True,False
1,65f6341b8fbce69a6b937a82aaa96e81ed54dc10c6b7abd76d08f6c99f779b01,2026-09-20T15:27:28.301651Z,capture_20260920T152728100707Z_35519478641_1_02cf0d344cbc,the-odds-api.com,b2fd84a075459bb3c9eed2b6ea214d05,2026-09-26T22:00:00.000000Z,Rodolfo Bellato,Christian Edwards,7e654edcddd71550,matchup_e7c500b651f8f8feef8228bdb897ec8da3fd58afb4035308f5df77b252e53330,69898645d600abdb,f5d82eccdea4e2dd,False,True,False
1,794cd57f45a1cba83cfefb700112513d95c9a8c3c49984b6ce2ff9ed56abfd24,2026-09-20T15:27:28.301651Z,capture_20260920T152728100707Z_35519478641_1_02cf0d344cbc,the-odds-api.com,bc8e38ecf51476858112f513ef4bdf60,2026-09-26T22:00:00.000000Z,Vanessa Demopoulos,Yazmin Jauregui,7e654edcddd71550,matchup_34028b84a7ec0b53a2fa9219c106e593df1824e7fab7bcebd62d525afd645b53,2c483cf443f38ece,40cb680ae1cd331f,False,True,False
1,af090b205347a25497588852775b1e942b62a9384083206143d1b8361381f58d,2026-09-20T15:27:28.301651Z,capture_20260920T152728100707Z_35519478641_1_02cf0d344cbc,the-odds-api.com,c456af9a78c8fa31786fa73aad7ccccc,2026-09-26T22:00:00.000000Z,Melissa Amaya,Valesca Machado,7e654edcddd71550,matchup_18ab440feed6f9f325ffa5ed3e9df4506ddd14a36d46c45bc60ff2e433f67a5d,71758ab9f337716c,a1a91dbf41a029c4,False,True,False
1,e76d5c8a091596aacc26f6b0a1feedb9e4d34f7759543645f501b75487e214ae,2026-09-20T15:27:28.301651Z,capture_20260920T152728100707Z_35519478641_1_02cf0d344cbc,the-odds-api.com,2d70bc6a094923644fe1ff5bf1613d6e,2026-09-26T22:00:00.000000Z,Mehemmedeli Osmanli,Ilimbek Akylbek,7e654edcddd71550,matchup_098d1e9838086ebc04614119e7c923e8f8c8b3dfb3e34717af46f8dbbe05441f,2bbdbc925f4323ac,130b65b53f30f33c,False,True,False
1,ee447af6c8daeb29e44b119a67ae8ede7c926a4d53a15b4742fa1469ac235cb9,2026-09-20T15:27:28.301651Z,capture_20260920T152728100707Z_35519478641_1_02cf0d344cbc,the-odds-api.com,57b634143a11a7138be2ed61dd1f36d8,2026-09-26T22:00:00.000000Z,Norma Dumont,Ailin Perez,7e654edcddd71550,matchup_7aa95ba68484517158ef35e7f68d68ddaa97e6998cad2e106c8088000ff50d60,d3f5d33d61cd00c9,06e4245d16fc5315,False,True,False
1,094601ab3520df71ed0cd4c7c00152ec01d032e2adfafdbe016404fd5509bd8d,2026-09-22T04:34:21.873725Z,capture_20260922T043421566766Z_35687185897_1_02da45e1531a,the-odds-api.com,953ac6d64890d0a1281b5eef9828b0f3,2026-09-26T19:00:00.000000Z,Rinya Nakamura,Brady Hiestand,7e654edcddd71550,matchup_bd37b6457569db68ac2f9d98f3c91207a45248f8fc97c57786bba8dce606713e,d8c811df0386d5e8,7af33fc4435017f1,True,True,False
1,26f848c87f748711438466102982a8ade99df3375e3aa659c290fbb425c7d985,2026-09-22T04:34:21.873725Z,capture_20260922T043421566766Z_35687185897_1_02da45e1531a,the-odds-api.com,6f3c1a639a936970430aea6d73e5a623,2026-09-26T19:00:00.000000Z,Ricky Simon,Montel Jackson,7e654edcddd71550,matchup_e6fbd5b4ed13b05288ca09bebeb9979c204884c0b08d8693b89a0d3ae9faae5a,5987b2458f4b5290,cc1a8b4b38b92c6d,True,True,False
1,2ff4547feadcafe955d575a737ec0e237d6574c1df81f4a2eb22a057e7395099,2026-09-22T04:34:21.873725Z,capture_20260922T043421566766Z_35687185897_1_02da45e1531a,the-odds-api.com,57b634143a11a7138be2ed61dd1f36d8,2026-09-26T19:00:00.000000Z,Ailin Perez,Norma Dumont,7e654edcddd71550,matchup_7aa95ba68484517158ef35e7f68d68ddaa97e6998cad2e106c8088000ff50d60,06e4245d16fc5315,d3f5d33d61cd00c9,True,True,False
1,bada304f497e1d0284c14eba3ff40ab04a1862fd1eb0156f39c266d53c85f848,2026-09-22T04:34:21.873725Z,capture_20260922T043421566766Z_35687185897_1_02da45e1531a,the-odds-api.com,1b7e33cc503c137ed5ca5b3f8a59886d,2026-09-26T19:00:00.000000Z,Heili Alateng,John Castaneda,7e654edcddd71550,matchup_77abcf3c53b775efe29136d638e75a9874c26ecf33cd29728d274597c66b3704,1897b7b913736a7c,5fa2974cbd18e05c,True,True,False
1,c1a639717f86bfed30fc770bd3dbd248b2f39fe7275280c2365cfd556facd563,2026-09-22T04:34:21.873725Z,capture_20260922T043421566766Z_35687185897_1_02da45e1531a,the-odds-api.com,bc8e38ecf51476858112f513ef4bdf60,2026-09-26T19:00:00.000000Z,Yazmin Jauregui,Vanessa Demopoulos,7e654edcddd71550,matchup_34028b84a7ec0b53a2fa9219c106e593df1824e7fab7bcebd62d525afd645b53,40cb680ae1cd331f,2c483cf443f38ece,True,True,False
1,db5ea3fe11c9df15fa2aa30a5513dedf443932da60ea3cce57396e7c00f33d43,2026-09-22T04:34:21.873725Z,capture_20260922T043421566766Z_35687185897_1_02da45e1531a,the-odds-api.com,b2fd84a075459bb3c9eed2b6ea214d05,2026-09-26T19:00:00.000000Z,Christian Edwards,Rodolfo Bellato,7e654edcddd71550,matchup_e7c500b651f8f8feef8228bdb897ec8da3fd58afb4035308f5df77b252e53330,f5d82eccdea4e2dd,69898645d600abdb,True,True,False
1,f3b7687422f063bbdaba5cc8fccf0e532a0108313f873a2866d002e379fe74db,2026-09-22T04:34:21.873725Z,capture_20260922T043421566766Z_35687185897_1_02da45e1531a,the-odds-api.com,1a8d67638d14ff509c758b0cf2169be9,2026-09-26T19:00:00.000000Z,Robert Bryczek,Rodolfo Vieira,7e654edcddd71550,matchup_d14c691a367e024e5705220669d896edb1db21b218621339498702e2778d28e0,f96856f9d69fd7e4,260e9e0d4954aea6,True,True,False
1,5f3c36ef8ee5299fb4ab411b572e5056fc4a3317219f75aab55fb28fd4468717,2026-09-24T17:29:46.772245Z,capture_20260924T172946534842Z_36034228310_1_b5a01bedb790,the-odds-api.com,511f9bd9b57841eb508a343e66844a87,2026-09-26T19:00:00.000000Z,Sedriques Dumas,Mickey Gall,7e654edcddd71550,matchup_468f5629caddc5fc8eb661456e4d61fb081f9b95d841f3c7fa85f952229d295b,4e6738062d469256,9e50097a89442158,True,True,False
1,147b2b7960625c4a27331dc91c6921fc5ec3534c6ca5388c96a59a882ae29485,2026-09-27T15:30:10.592891Z,capture_20260927T153010342754Z_36329537877_1_9bd7c404392c,the-odds-api.com,e831957ecc850d7e3b1b0748f33b2db5,2026-10-04T01:00:00.000000Z,Ateba Gautier,Roman Kopylov,ad3fdba28a7540cf,matchup_2f017da39e97cecb240cde1f4cc8bd428e1f1ba43c6fe898e2ed8a48bb787fb5,2f815ed5f8278ba6,9d83f6da776ff7d6,False,True,False
1,1e8de409d2039658bf543e1ce47085c65a9a563fa01954a2463a93b758e7d1ef,2026-09-27T15:30:10.592891Z,capture_20260927T153010342754Z_36329537877_1_9bd7c404392c,the-odds-api.com,fbd72b9ed9f11e1f0180eaf505ea092f,2026-10-04T04:30:00.000000Z,Natalia Silva,Wang Cong,ad3fdba28a7540cf,matchup_4811f9d3f9bbc6c0085c39682d7c0cc84ddb3131c2e89dc00d9fe12cbb965472,262d32ebda89efc4,2997e7fe3c9d3d4a,False,True,False
1,22295a3d4457c3898bbb28b191c8c8603f87f25cbb142187da66941b040a2614,2026-09-27T15:30:10.592891Z,capture_20260927T153010342754Z_36329537877_1_9bd7c404392c,the-odds-api.com,7a8092331d35b9457d042b5f59db3df0,2026-10-04T00:00:00.000000Z,King Green,Esteban Ribovics,ad3fdba28a7540cf,matchup_03086047eba4d3b8053fce964b47c70aa4cc3ea154511951d73e1508fefec1b2,887961364be5ceb3,323d4ca260dfa0ba,False,True,False
1,7c22db96408f1ecbf0ae7aab1c00b6d080ffb98bf14084b863f7849a6aac4c73,2026-09-27T15:30:10.592891Z,capture_20260927T153010342754Z_36329537877_1_9bd7c404392c,the-odds-api.com,4a469d6a287808bf75aa8a246197f51d,2026-10-04T00:00:00.000000Z,Marvin Vettori,Ismail Naurdiev,ad3fdba28a7540cf,matchup_b1e9339d567d33747815ea9ee232b8c84cb2ee38d345a6b3a0f442fb0ed390bc,7acbb0972e75281a,6a96ad1bc34fb113,False,True,False
1,825e6ded7a8b85da445a6bb2dc32a05ff36307f1aaef719eca68357c92e54abd,2026-09-27T15:30:10.592891Z,capture_20260927T153010342754Z_36329537877_1_9bd7c404392c,the-odds-api.com,a835a9c619b6366ce8aa5050386b16d5,2026-10-04T00:00:00.000000Z,Marcus McGhee,Benardo Sopaj,ad3fdba28a7540cf,matchup_8cc7c30730e9a7a5ab0a997277ece873abad1d333aa10a63d90e3989aec151d7,c0ac37a4a1133da9,b6c37948cb226e8c,False,True,False
1,8bf04ecb79720efbd9ae8c3887e05b5066bac8a5fb6cbfb40a1b70ada9d0cc1b,2026-09-27T15:30:10.592891Z,capture_20260927T153010342754Z_36329537877_1_9bd7c404392c,the-odds-api.com,e3cae8581a512ff400398f8427d19014,2026-10-04T00:00:00.000000Z,Imanol Rodriguez,Alden Coria,ad3fdba28a7540cf,matchup_47771d7cdbcd1a079df9c13cdaaefafabc66f27fe0f5a9955af59c7bcc43e4b5,6e8349a0a0476d60,5e9ca8dd7d783a75,False,True,False
1,a4b23ff891e06e9d5ecb0fb37fc6586f4e976dfb95fa308411c513d4344f67aa,2026-09-27T15:30:10.592891Z,capture_20260927T153010342754Z_36329537877_1_9bd7c404392c,the-odds-api.com,af18f4a95ffdda242727be5c8f70b144,2026-10-04T00:00:00.000000Z,Court McGee,Eric Nolan,ad3fdba28a7540cf,matchup_ae0ef3e530a55bf48ed14f36581c97d6bdd70675620ae2bc4f9937ffe3a70da3,523fa774700d7d3f,64b12fe31be7560c,False,True,False
1,d997d6f18eb8abc5316252e0a62a7c07ed2ad024bc55997fac37237882740061,2026-09-27T15:30:10.592891Z,capture_20260927T153010342754Z_36329537877_1_9bd7c404392c,the-odds-api.com,695fcee69269ceddce48f88971461ded,2026-10-04T00:00:00.000000Z,Damian Pinas,Andrey Pulyaev,ad3fdba28a7540cf,matchup_2262ab8db3220297f56095b4d9b401e1da328c568e1c75089d05cb062284a744,fdd22e895a70e4a8,22e07d3da1aa3475,False,True,False
1,e7849da7dc8a0f7bdd3c5be52dad845a19b5ba81f2cfa4d5fcb06f62c2e891d7,2026-09-27T15:30:10.592891Z,capture_20260927T153010342754Z_36329537877_1_9bd7c404392c,the-odds-api.com,96e3358cd42ab238e7b471c8fedc75f2,2026-10-04T01:00:00.000000Z,Deiveson Figueiredo,Payton Talbott,ad3fdba28a7540cf,matchup_7d336af9109719eb87c6700a284cb685965411a9a8b650072f0e59998fa0c99b,aa72b0f831d0bfe5,6e743a33d56bdaa4,False,True,False
1,d15efac24151d0956cc82bf3aedacb2064ab5b7c80f7e702d435d7e917b895b9,2026-09-29T04:38:03.277218Z,capture_20260929T043802989170Z_36522193131_1_8b23125214a3,the-odds-api.com,8a75f347e3469e40dbc8f3075ad4e2a7,2026-10-04T00:00:00.000000Z,Khaos Williams,Roberto Soldic,ad3fdba28a7540cf,matchup_f84fdeccea811e8a8d8d7634ec81040e40757e251636341c6e5e24a26fe1c2d1,2558ae2e5671e318,5a229cbd9cdd28ca,True,True,False
1,32d8cf7b0e185c80fa007b81091c230738d0e78a2f60835b839b8310f01a2eba,2026-09-29T17:30:37.541999Z,capture_20260929T173037202183Z_36605072621_1_afbd29b51a6b,the-odds-api.com,76a1ed2645781ce922f06024d5849aed,2026-10-03T21:00:00.000000Z,Lucas Armand,Anthony Wint,ad3fdba28a7540cf,matchup_ed41d7d1cb3097c77c7076f680f2cb3681e8e5c75938bd485e15ed89e97731bf,20e04625a5395a06,b34976c022b24568,True,True,False
1,adc0980f30114bcef9fb2cf23e9315391104f111502beb57baa421a841d55f60,2026-10-01T15:50:33.277758Z,capture_20261001T155033007026Z_36886864389_1_631efd2fb238,the-odds-api.com,6ef3d90fcb1c708a2d25c4284867142f,2026-10-04T00:00:00.000000Z,Jacobe Smith,Bruce Whitehead,ad3fdba28a7540cf,matchup_2af7bc98c3d9b6e7473054b59710c038af09974d8f8ab4201ae8b92e6a32cc1b,85497ffd934ecf7e,6c39d016053601ee,False,True,False
1,b1dc23bba297a6713632f0b512afae082a6f3425b6ed3c00a23765e3dc62f7ab,2026-10-01T15:50:33.277758Z,capture_20261001T155033007026Z_36886864389_1_631efd2fb238,the-odds-api.com,b440c48817ad933ed4ba622a4ea0283b,2026-10-03T22:45:00.000000Z,Marcus McGhee,Anthony Romero,ad3fdba28a7540cf,matchup_45f81cc18a58b8e7b4de3d623dee6a0fa0c900c04c78e3ffa9d439c784117462,c0ac37a4a1133da9,4419acb81e6f0ea4,False,True,False
1,130ca6fd8f1c69dae56f49a8589911dddadb5483f5c39eb42d1bc07aada72bd0,2026-10-04T16:53:23.461606Z,capture_20261004T165323182738Z_37218271029_1_fbcbf77228d9,the-odds-api.com,54eb2b65ad150a0f63370ff9cf4fd438,2026-10-11T00:00:00.000000Z,Brendan Allen,Christian Leroy Duncan,7f98d9d5a10fa25c,matchup_2916e2a1137a9f46867912975d53d3cc382cc9c8a0a4f6f60aea1af78eedc5b9,2f181c0467965b98,a93f94c923c3a9cb,False,True,False
1,1b1ef25c7a9835a6afa98eb2e1511b5f25583511767b9cdd4b88a38c4895231a,2026-10-04T16:53:23.461606Z,capture_20261004T165323182738Z_37218271029_1_fbcbf77228d9,the-odds-api.com,4a51ec3c678f2916c4dacbe15130eb08,2026-10-11T00:00:00.000000Z,Matheus Camilo,Jai Herbert,7f98d9d5a10fa25c,matchup_3815313d75461ad4f580e31d97b34c4f96a2b95e7feaa9dad6f1b1598a4ae6d4,72f890c5d421e705,4c88a1db5a46c6a4,False,True,False
1,39477f8db4b4a9bfb1ad8f0516b4e11eedb8c3b9de40bf538b8e0dd4962f867b,2026-10-04T16:53:23.461606Z,capture_20261004T165323182738Z_37218271029_1_fbcbf77228d9,the-odds-api.com,d493d51082ad931bd9d1f360f00be8dd,2026-10-11T00:00:00.000000Z,Julius Walker,Gerald Meerschaert,7f98d9d5a10fa25c,matchup_5a7aced940bbc65d40cfaec54ebe112b336024fb40707c1f173f344a1bbd703c,6add18754930182b,6ac9bc2953c47345,False,True,False
1,58a26f11bdeb05244426a5e903d9f21211c97da9ad989ab08fd9e5f77517f585,2026-10-04T16:53:23.461606Z,capture_20261004T165323182738Z_37218271029_1_fbcbf77228d9,the-odds-api.com,889b8db83a7b1960ad2e835d549c378d,2026-10-11T00:00:00.000000Z,Niko Price,Leon Shahbazyan,7f98d9d5a10fa25c,matchup_f60b0e8b92d59f3c979c349b7c7d0a0be344d9fadda483656c34bef0f0599935,d8da10db80131bec,9eed2bcc9e0b92af,False,True,False
1,794cad51b3ac45d435e42e2db4d8f9e968a7a7960dc0c9bacf607f66405a421e,2026-10-04T16:53:23.461606Z,capture_20261004T165323182738Z_37218271029_1_fbcbf77228d9,the-odds-api.com,0005e79ed9a14e77ba06dfe8f0c0fb95,2026-10-11T00:00:00.000000Z,Francisco Prado,Ismael Bonfim,7f98d9d5a10fa25c,matchup_b9f14afd48d3dff974055c857c24935e120f4b38020c5d1a2d3543ee496a17b9,3920d0cc288f9b0d,eb393afdbe3293d5,False,True,False
1,9e38a1a0510f214a8a2e4c2e2b8990bba2780116f29b626771c2524e827bdf17,2026-10-04T16:53:23.461606Z,capture_20261004T165323182738Z_37218271029_1_fbcbf77228d9,the-odds-api.com,8151e63de9e4479d89a08298717b84e4,2026-10-11T00:00:00.000000Z,Malcolm Wellmaker,Otari Tanzilovi,7f98d9d5a10fa25c,matchup_5350e3108f063f484783274acc3c6f0fe64dc5d72cd2b3592189b7b5c827c5b1,2e45d08b3f2f02c8,b9124c308671e303,False,True,False
1,aa52c0da5cfc2d72199fedd60bf4188f2e324a7355e6a7139a9454af7e55cf94,2026-10-04T16:53:23.461606Z,capture_20261004T165323182738Z_37218271029_1_fbcbf77228d9,the-odds-api.com,ce7ddca9b475c56a5a312b8e563bba12,2026-10-11T00:00:00.000000Z,Lupita Godinez,Ketlen Souza,7f98d9d5a10fa25c,matchup_a898945dda470deeab1a6f9b1aaa43150af371b375b91df555ae4e1e463abb9b,8e5d953bdb9ae5e7,8bd4200561c77a62,False,True,False
1,b02f41d2c55be8604faa2ef52f13168a468a373766a5df225d0862bb37aabbd2,2026-10-04T16:53:23.461606Z,capture_20261004T165323182738Z_37218271029_1_fbcbf77228d9,the-odds-api.com,0d0024c22885cf7dda47d4c44146c574,2026-10-11T00:00:00.000000Z,Ernesta Kareckaite,Melissa Gatto,7f98d9d5a10fa25c,matchup_e1995d7bf8ef963edca8edab8e2fb6dbca663fbcaa7de8259ecc8a0ca98916a5,e4faa79383c9f214,a4a80dd7336ffd59,False,True,False
1,b78b3686695445e3a199c0b8a95a0ecd6963b552c49ca400411b20e676b94cad,2026-10-04T16:53:23.461606Z,capture_20261004T165323182738Z_37218271029_1_fbcbf77228d9,the-odds-api.com,a2ca46633a2a8f5f299bcfdbf74e1113,2026-10-11T00:00:00.000000Z,Felipe Franco,Brendson Ribeiro,7f98d9d5a10fa25c,matchup_76785daf326c3fa54c9333930072e02259b0fabee70f182f6a2924f929cac690,e564146b9cf6dbef,49edd0d90f60fb7d,False,True,False
1,ff43a2f4bc72b2f6fb21c978c579a8a14ac91326b8f7c85d8d2a562b76a63b58,2026-10-04T16:53:23.461606Z,capture_20261004T165323182738Z_37218271029_1_fbcbf77228d9,the-odds-api.com,b9c671498bbbdba2985209aedf81053e,2026-10-11T00:00:00.000000Z,Allen Frye Jr.,RJ Harris,7f98d9d5a10fa25c,matchup_492f585054460be1337a231c1e29704b8323c9cbbdc460e186c9be0eb3f3526d,73a78713bd899f4c,e03187ec8b5b6abc,False,True,False
1,adcc2b6349e27a0a12d1ca918a4106ddb807495b2b03e01a9de28ca1f4a19b96,2026-10-08T23:32:12.323357Z,capture_20261008T233211782932Z_37859570780_1_7e9af63b894f,the-odds-api.com,b9c671498bbbdba2985209aedf81053e,2026-10-10T21:00:00.000000Z,RJ Harris,Allen Frye Jr.,7f98d9d5a10fa25c,matchup_492f585054460be1337a231c1e29704b8323c9cbbdc460e186c9be0eb3f3526d,e03187ec8b5b6abc,73a78713bd899f4c,True,True,False
