schema_version,decision_id,betting_status,paper_only,candidate_only,execution_enabled,policy_version,policy_artifact_sha256,capture_id,matchup_id,fight_id,event_id,fighter_id,opponent_id,fighter_name,opponent_name,event_date,timing_precision,event_start_utc,decision_issued_at_utc,market_as_of_utc,reference_quote_id,reference_book,market_consensus_id,forecast_capture_id,model_id,other_book_count,market_probability,model_probability,book_probability_range,candidate_probability,model_disagreement_scale,model_disagreement_coefficient,book_disagreement_scale,book_disagreement_coefficient,minimum_expected_return,fighter_reference_moneyline,opponent_reference_moneyline,fighter_expected_return,opponent_expected_return,paper_action,action_probability,action_reference_moneyline,hypothetical_risk_units
1,09c51977727108b1c192d3b3356ae85f339009476259dd9cbe7b2a9122cd5ffd,disabled_paper_only_no_execution,True,True,False,market-first-t24-paper-v1,863831b9b628e1bd62bdcaf76a5c939883f76af4b717e9d13d13a3a346841d04,capture_20260904T172656316630Z_33900328517_1_edfac4e1ad8c,matchup_4b14d6546c8101cf4e7844a682d653e6a80eb09ed63c589aec54a33e149df254,,2144954270be834d,22e3458965d5d08a,9911989cf48b195d,Michael Aljarouj,Fabia Sintes,2026-09-05,timestamp,2026-09-05T16:10:00.000000Z,2026-09-04T17:26:56.686757Z,2026-09-04T17:26:56.686757Z,ab0477395d4a2c056009566417ef75ab55e1c1d1befaf7988127fe536015065f,FanDuel,89f58f213fb6abc6340e2df81d75bb319061fae703fbd5a071cf058b3f001028,6a6bb7152dbbed88a6147b2cb307dd33bc754c5e932e1dad2f5f6373bc8a5535,a045d30a0223107ddda6,10,0.5272095790107483,0.5,0.015103406751262427,0.5278401335947004,0.6042406350000243,0.11205825243703335,0.01997338794459617,0.27596003625481824,0.025,-118,100,-0.024837719291146754,-0.05568026718940078,pass,,,0.0
1,17fee00ad83952ec81e7b087f7d19e3149237f38f06999450f1bb072a5981b9b,disabled_paper_only_no_execution,True,True,False,market-first-t24-paper-v1,863831b9b628e1bd62bdcaf76a5c939883f76af4b717e9d13d13a3a346841d04,capture_20260904T172656316630Z_33900328517_1_edfac4e1ad8c,matchup_1fce52baf78bc8d3d8b338f10139cc7aeb18fe188c5bae17140a9dcc62f262e6,,2144954270be834d,9f5e3c20ce40b344,f2b3f4ef3f780168,Klaudia Sygula,Nora Cornolle,2026-09-05,timestamp,2026-09-05T16:10:00.000000Z,2026-09-04T17:26:56.686757Z,2026-09-04T17:26:56.686757Z,4392891cda5de9e32dd88712ce0d0b2eef570eea2428e7bc9dedeb5aae3895fe,Hard Rock Bet,3fd40f603d3a4b8b08416d57b63b729566556bfe76ad7893d587c87d2bc7ab78,7dc0a9f4058757389e30b782bf03828f8bb4079eaf83458ddadd4a77802edbd9,a045d30a0223107ddda6,9,0.49997850164197793,0.6553684336,0.041013163326381274,0.5297338497458179,0.6042406350000243,0.11205825243703335,0.01997338794459617,0.27596003625481824,0.025,100,-120,0.059467699491635884,-0.1378453912006662,fighter,0.5297338497458179,100,1.0
1,213904a2893ef021cb7ea83cb46e23e54022066b2604555a4d630693f098df7b,disabled_paper_only_no_execution,True,True,False,market-first-t24-paper-v1,863831b9b628e1bd62bdcaf76a5c939883f76af4b717e9d13d13a3a346841d04,capture_20260904T172656316630Z_33900328517_1_edfac4e1ad8c,matchup_59d3204bd6591089d45ebe3e85e99fc60ec6d3301eb3884ceb1d0451d9599614,,2144954270be834d,1d2d98ddd05b38fb,1e4f273069fb9e85,Axel Sola,Fares Ziam,2026-09-05,timestamp,2026-09-05T16:10:00.000000Z,2026-09-04T17:26:56.686757Z,2026-09-04T17:26:56.686757Z,a00344fe59b774c3085dacd346e7b60b331ac493bbaa91a4add17e1bcb02a04d,BetUS,d0d053f7464062091c1271eb81cd11463dd6eae239f2114344a82b7be1f09b52,2366927c569f71f02c9d02a66630d9945f6b9a2cd211b8e5b6b00b605e2600a8,a045d30a0223107ddda6,10,0.4211509981749435,0.33654160329999994,0.01051707101403343,0.3938500244093463,0.6042406350000243,0.11205825243703335,0.01997338794459617,0.27596003625481824,0.025,126,-150,-0.1098989448348775,0.010249959317756074,pass,,,0.0
1,257f9d4eb82d2395145f14c7c52b9ceadb82aa395266c77b680eda7b6f49e5e2,disabled_paper_only_no_execution,True,True,False,market-first-t24-paper-v1,863831b9b628e1bd62bdcaf76a5c939883f76af4b717e9d13d13a3a346841d04,capture_20260904T172656316630Z_33900328517_1_edfac4e1ad8c,matchup_86b2eb61db67ca8fa121533f6e961a913c37fc9cd4cd9b044b5534cfa1159816,,2144954270be834d,64facb6cc564262d,70dd69b6a703257e,Punahele Soriano,Daniil Donchenko,2026-09-05,timestamp,2026-09-05T16:10:00.000000Z,2026-09-04T17:26:56.686757Z,2026-09-04T17:26:56.686757Z,33f8b540e123c26b74cf65b5699f305b2685eec741eb420f52db0b89b4c542ba,DraftKings,10a1ebcb1d2a173fea1d231cce3c0b291c7134ce67422d9f770379e9e0e78f86,3c4a935ce6313eed68f2c5159d2cbbc07789655fd2d2a60f29e6fbfcce818dd6,a045d30a0223107ddda6,10,0.32437924030586957,0.24202491169999996,0.015234454522834784,0.27611799941767196,0.6042406350000243,0.11205825243703335,0.01997338794459617,0.27596003625481824,0.025,190,-230,-0.1992578016887514,0.03861330518334016,opponent,0.7238820005823281,-230,1.0
1,3725276d11aafd1af4d482475b305374e4d4c487c682b045a76e92d9c514423a,disabled_paper_only_no_execution,True,True,False,market-first-t24-paper-v1,863831b9b628e1bd62bdcaf76a5c939883f76af4b717e9d13d13a3a346841d04,capture_20260904T172656316630Z_33900328517_1_edfac4e1ad8c,matchup_e77fa0e4f3862227418eef40fbbb1a99437034414985a81107bee615f9da08ca,,2144954270be834d,5b03b61f9d90125e,9256f591b30c073e,Morgan Charriere,Felipe Lima,2026-09-05,timestamp,2026-09-05T16:10:00.000000Z,2026-09-04T17:26:56.686757Z,2026-09-04T17:26:56.686757Z,1f7d6636f9eedea4abbb003dd3ef4eb54109f9a60724f1d606e74a22c6f5d48c,BetAnything,8fbd5d7bba7a5b160bebca6a2898d7c0d6b7a84e6b9fd827424bdd82968cc87d,ef32c3cbb8b11562420fc017ca5e888c502373e0677d502c85beaf38b94448a5,a045d30a0223107ddda6,10,0.35781809320305547,0.35023962750000004,0.022753826592432802,0.3154299714744788,0.6042406350000243,0.11205825243703335,0.01997338794459617,0.27596003625481824,0.025,168,-198,-0.15464767644839683,0.030312467174774316,opponent,0.6845700285255212,-198,1.0
1,595d0e38ace34a0d1183c1585f101f84f093a318193c7c6beb12c87bc47cd9f7,disabled_paper_only_no_execution,True,True,False,market-first-t24-paper-v1,863831b9b628e1bd62bdcaf76a5c939883f76af4b717e9d13d13a3a346841d04,capture_20260904T172656316630Z_33900328517_1_edfac4e1ad8c,matchup_a98b162dd2ff1d5415a572a5a20b0f37599fc71cd28b0ac30b961720373d1199,,2144954270be834d,46e2011d92463b7e,476fe566d2df676e,Oumar Sy,Modestas Bukauskas,2026-09-05,timestamp,2026-09-05T16:10:00.000000Z,2026-09-04T17:26:56.686757Z,2026-09-04T17:26:56.686757Z,2375fee7ee55270d91a3faba6a496e1221124a26935516315a4d68c348ea00ea,FanDuel,4418dfe1674c346c5ea809a60ddea5f6954d83e3d50bf6c00185315cf8f5de2c,a511b13a32079d2953b1574f088ebb808e3bc93062237eeea05bed2a9c36eda2,a045d30a0223107ddda6,10,0.6725913888207798,0.7513614164,0.029380341880341998,0.7472023918216024,0.6042406350000243,0.11205825243703335,0.01997338794459617,0.27596003625481824,0.025,-230,184,0.07207299696142955,-0.2820547927733509,fighter,0.7472023918216024,-230,1.0
1,5f52e48d4bd4420c6731739b89cea8821f70a30dc22dbbd061b4b00c0eaf9382,disabled_paper_only_no_execution,True,True,False,market-first-t24-paper-v1,863831b9b628e1bd62bdcaf76a5c939883f76af4b717e9d13d13a3a346841d04,capture_20260904T172656316630Z_33900328517_1_edfac4e1ad8c,matchup_c6f99d827d99147ec40154996f5cd9c439402f8c1fe7b0c6d927bd3c81990c61,,2144954270be834d,3138df4d117ebc12,8b1b051038354655,Delphine Benouaich,Sofia Montenegro,2026-09-05,timestamp,2026-09-05T16:10:00.000000Z,2026-09-04T17:26:56.686757Z,2026-09-04T17:26:56.686757Z,48c1eaef55caff6857543b7cf468c01527dd4e589eb58f7458861dde149e3f3d,Bovada,7767a335bf01946bb54f436c85bee363481405dbd59dca6ba5244bc55232f501,21cf5479dec6c27213e8b4f8993019d23ea6450a364a6c89d61dec8c2fe99bca,a045d30a0223107ddda6,10,0.5670295819080552,0.5,0.02842777722714296,0.5807039756901146,0.6042406350000243,0.11205825243703335,0.01997338794459617,0.27596003625481824,0.025,-135,115,0.010855068793903078,-0.09851354773374632,pass,,,0.0
1,612caf1fcbd1210a324edbd43b8c2adf6ba1266f92d0891d1ffd3dd9da7785fd,disabled_paper_only_no_execution,True,True,False,market-first-t24-paper-v1,863831b9b628e1bd62bdcaf76a5c939883f76af4b717e9d13d13a3a346841d04,capture_20260904T172656316630Z_33900328517_1_edfac4e1ad8c,matchup_c4fdd2478b8f9bfba7f679889348ae3848153f5d11360f550d52e07349e29e17,,2144954270be834d,39d309957c5c210d,a67f5afa8d6a1b80,Mario Pinto,Ryan Spann,2026-09-05,timestamp,2026-09-05T16:10:00.000000Z,2026-09-04T17:26:56.686757Z,2026-09-04T17:26:56.686757Z,d553b2d346ff3b13b1b298e67b483f01983b17588fe8049e092be47ed85dcb54,BetMGM,d1584d274e82dadefe4f5fd10818a360a0a0c03cd047ca0b88175875ee283d5c,ba0c9a57a8a4850dd6540857d7811fead64c32fec7bc866074bc3903ea88fab3,a045d30a0223107ddda6,10,0.7363816458383882,0.8380788126000001,0.021163879598662172,0.8087642855795236,0.6042406350000243,0.11205825243703335,0.01997338794459617,0.27596003625481824,0.025,-325,260,0.057614834988607866,-0.311551428086285,fighter,0.8087642855795236,-325,1.0
1,726bb53513a9f8e3751b5e5d0339702d73994ad2b44a4f1c4b70d2831ead9d0d,disabled_paper_only_no_execution,True,True,False,market-first-t24-paper-v1,863831b9b628e1bd62bdcaf76a5c939883f76af4b717e9d13d13a3a346841d04,capture_20260904T172656316630Z_33900328517_1_edfac4e1ad8c,matchup_5ba9978871b848d5b7445f82c33ad8b233afd688c6347983e72b3aec7be3e696,,2144954270be834d,329e403448756217,93f9c19ae41d2a97,Nathaniel Wood,Pavel Andrusca,2026-09-05,timestamp,2026-09-05T16:10:00.000000Z,2026-09-04T17:26:56.686757Z,2026-09-04T17:26:56.686757Z,b8cbcbc62105149c9b5baf28267998531e3f88d39af4c5146304ea79c50b7988,Bovada,115bd895c5c438cc0eadf01381cca252796fdbaf32ac1573a3a344778c4fd12c,b19b070410e1ea36e8b706fbf6dc1241b327ba8be9efb28b0e5e6f37c36dc2ef,a045d30a0223107ddda6,10,0.7196575269880056,0.9371078453,0.01018477376322402,0.802432315728526,0.6042406350000243,0.11205825243703335,0.01997338794459617,0.27596003625481824,0.025,-290,240,0.07913311425560399,-0.32826987347698855,fighter,0.802432315728526,-290,1.0
1,73c2face3c0e1c82a43d27d68600a959603a405b9a455be56513091fb754eb44,disabled_paper_only_no_execution,True,True,False,market-first-t24-paper-v1,863831b9b628e1bd62bdcaf76a5c939883f76af4b717e9d13d13a3a346841d04,capture_20260904T172656316630Z_33900328517_1_edfac4e1ad8c,matchup_28fea7b40a742271baa73e0e4459f1d5777e4498f310623c111e7397e38f7183,,2144954270be834d,33a86e839ad202d8,ec322adbabbfa6e7,Luis Felipe Dias,Matthieu Duclos,2026-09-05,timestamp,2026-09-05T16:10:00.000000Z,2026-09-04T17:26:56.686757Z,2026-09-04T17:26:56.686757Z,7e1fb2783fae013de1cd622c24a87b422c295f59a8b5785907511d8727ecc4c6,BetOnline.ag,716cb44edfe4f2b6471234e1f3c179417116c791b7f9607b8f923775015e967a,450511f05a1c601d5bcacf612ce5ca9fa1c4a088613159e4a3d829063b82fd85,a045d30a0223107ddda6,8,0.4849045920302289,0.9247972707,0.021739130434782594,0.5982150406218145,0.6042406350000243,0.11205825243703335,0.01997338794459617,0.27596003625481824,0.025,103,-120,0.21437653246228372,-0.2633942411399932,fighter,0.5982150406218145,103,1.0
1,a0eccd37d0bd309bc6d2f0661114b6ef5ed250d09c57cd4c4f9741b6ccc2b673,disabled_paper_only_no_execution,True,True,False,market-first-t24-paper-v1,863831b9b628e1bd62bdcaf76a5c939883f76af4b717e9d13d13a3a346841d04,capture_20260904T172656316630Z_33900328517_1_edfac4e1ad8c,matchup_cf3205b162a0dde589038b55f4225ba43c70eea4bcc574f1ed3694825204d030,,2144954270be834d,0bc697c5936a2d0a,9d51798e61f2e0c7,Trevor Peek,Kurtis Campbell,2026-09-05,timestamp,2026-09-05T16:10:00.000000Z,2026-09-04T17:26:56.686757Z,2026-09-04T17:26:56.686757Z,6ff796cf88536e9b1fcef9fc221e17673f8049758928c21f10e42a9a27834c71,Bally Bet,007bc952357b56835909ef63f4b4260b39a211b07856a1c1324e8f70a21dda85,583876fada7d6d9a9dd49dccf1d739365ea1522dcb91adad2be9852bbe767d5e,a045d30a0223107ddda6,10,0.2365009791777947,0.35991107059999994,0.026607417160412594,0.18358808043739472,0.6042406350000243,0.11205825243703335,0.01997338794459617,0.27596003625481824,0.025,300,-400,-0.2656476782504211,0.020514899453256685,pass,,,0.0
1,c1a99656820e151f84794020bd93939b34f5c32bb4a1fd8aaf27ec4cebacd97b,disabled_paper_only_no_execution,True,True,False,market-first-t24-paper-v1,863831b9b628e1bd62bdcaf76a5c939883f76af4b717e9d13d13a3a346841d04,capture_20260904T172656316630Z_33900328517_1_edfac4e1ad8c,matchup_0dc64302fb9aa1e8a2fefa3fcd256374a63542df95f08a12b53d18c5af710d5b,,2144954270be834d,193b9d1858bc4df3,b3cb9dfccff3be76,Dan Hooker,Salahdine Parnasse,2026-09-05,timestamp,2026-09-05T16:10:00.000000Z,2026-09-04T17:26:56.686757Z,2026-09-04T17:26:56.686757Z,3be8c0919dd56fa579b9770357c045258e0c1684c81b47413b302543cf56d4e9,BetOnline.ag,3fe0b9051eb234f511078da53c47e3b0c4ce404368b255b1fcec1980b7457150,ec6125e0b0ce5f77685dfb0d5f7117c2baa6e49e388720d4e210931139ec1bf0,a045d30a0223107ddda6,7,0.18348748277784482,0.8890807601,0.023863636363636365,0.21044320312645592,0.6042406350000243,0.11205825243703335,0.01997338794459617,0.27596003625481824,0.025,451,-600,0.15954204922677206,-0.07885040364753182,fighter,0.21044320312645592,451,1.0
1,d86a09a5667ea042cd7c47273b7cfb426ee8363d50e79bfdd0af99227a73c464,disabled_paper_only_no_execution,True,True,False,market-first-t24-paper-v1,863831b9b628e1bd62bdcaf76a5c939883f76af4b717e9d13d13a3a346841d04,capture_20260904T172656316630Z_33900328517_1_edfac4e1ad8c,matchup_efceb8a2cf0faca403b487b7f86a45ed53496d69cfb44431d1fce10df1751431,,2144954270be834d,5b43d68174b6e2ab,8d11d9c13e2ccdf7,Losene Keita,Muhammad Naimov,2026-09-05,timestamp,2026-09-05T16:10:00.000000Z,2026-09-04T17:26:56.686757Z,2026-09-04T17:26:56.686757Z,5d9aba5ef1bb451872cc0f0875a697ab0be4d1160d4a89c530cc0de00efee495,BetOnline.ag,ec73d38e6dfa337c42c61bb092b9111be29145051a31fa093d093c02a7861b96,c4cd924d93066d7f589015f752c3fd59530e8756b69962776fc425aa5f3b3778,a045d30a0223107ddda6,9,0.7546887634847014,0.6449791242,0.03325759853327481,0.823823281003383,0.6042406350000243,0.11205825243703335,0.01997338794459617,0.27596003625481824,0.025,-350,284,0.0592013612900637,-0.32348139905299067,fighter,0.823823281003383,-350,1.0
1,0b62304a4edbf3bd888748b470d6e4f2b8e3080d6f9aaa18c14a7321294e41ce,disabled_paper_only_no_execution,True,True,False,market-first-t24-paper-v1,863831b9b628e1bd62bdcaf76a5c939883f76af4b717e9d13d13a3a346841d04,capture_20260918T232830347226Z_35405613816_1_71cb2a01e5ef,matchup_bec90fe45f91dcb38f05be1a35565a02b9c8e1ca4de8ffb24483749c9958aa9c,,8a0a35e7c74bebcc,98a58c26c5b1ed17,e93b04e308913c2e,Patricio Pitbull,Dooho Choi,2026-09-19,timestamp,2026-09-19T21:45:00.000000Z,2026-09-18T23:28:30.715570Z,2026-09-18T23:28:30.715570Z,23e9392b7b842c2c3c14c054efaecb86dcd31e510b847a3a873a3a0d7a6479b0,DraftKings,8719dc130bcf3c538e3d8ef278a758d610a08d42c79d29b5a48b899304868749,a7ec94123789caf1178b205b847486a145dba2112c5bec0c641b1d02bd26a648,5ca0c9b4a2b142fb5faf,8,0.29929509843309443,0.24533110900000002,0.012816054840792845,0.25885751779533456,0.6042406350000243,0.11205825243703335,0.01997338794459617,0.27596003625481824,0.025,220,-270,-0.17165594305492937,0.015639697836022926,pass,,,0.0
1,1e78f442d5925669fa48390288017df53f6887de2885b9e012aaff5e79ffefdf,disabled_paper_only_no_execution,True,True,False,market-first-t24-paper-v1,863831b9b628e1bd62bdcaf76a5c939883f76af4b717e9d13d13a3a346841d04,capture_20260918T232830347226Z_35405613816_1_71cb2a01e5ef,matchup_476907300c352a3007df1648d5891307dad34b5ffaf7f0940510328bb5dda3c1,,8a0a35e7c74bebcc,1c23ec2f1b71be40,a495f599e787614f,Iwo Baraniewski,Alonzo Menifield,2026-09-19,timestamp,2026-09-19T21:45:00.000000Z,2026-09-18T23:28:30.715570Z,2026-09-18T23:28:30.715570Z,7e531fa59158eb8f241ac89625b0937a37cd0cf9bd7173ad166d69909b404331,BetAnything,e76983c5387e3fed1fda4a5e67f967cac333d97cb40849e2c76c66bddf908927,9ce165ca0e042f972d63537f6886314952270815ad8b0d5e65776fa2fa6527ff,5ca0c9b4a2b142fb5faf,9,0.68417236176681,0.7084329221,0.0349706246752729,0.7627458725509881,0.6042406350000243,0.11205825243703335,0.01997338794459617,0.27596003625481824,0.025,-245,195,0.074070718490167,-0.300100324025415,fighter,0.7627458725509881,-245,1.0
1,4d5f48a94126e0ed00b98fea2ebe7d9f580d2a7304f1beeca9017cdcd135928d,disabled_paper_only_no_execution,True,True,False,market-first-t24-paper-v1,863831b9b628e1bd62bdcaf76a5c939883f76af4b717e9d13d13a3a346841d04,capture_20260918T232830347226Z_35405613816_1_71cb2a01e5ef,matchup_24d2abb788a1cd512c495fdc548d6e73ba97540b84f658b9ddefdfce49e378d6,,8a0a35e7c74bebcc,0f3a990526c5e706,f7e856a73c96048e,Sean Sharaf,Gable Steveson,2026-09-19,timestamp,2026-09-19T21:45:00.000000Z,2026-09-18T23:28:30.715570Z,2026-09-18T23:28:30.715570Z,6598dc622e8c4c1b82adc478e745c2862bcae395b5bba75ffd050034c439800e,DraftKings,436a2a0b216e9589797435886fe2fe45349a9e56bc5582c22fef15bba7104248,90e5da0c2c4112c517665af575329ac981632458da7ccdd3bda930a61df67d82,5ca0c9b4a2b142fb5faf,9,0.08400686121695741,0.08680082619999996,0.028646582589943584,0.03462075615586232,0.6042406350000243,0.11205825243703335,0.01997338794459617,0.27596003625481824,0.025,1200,-2400,-0.5499301699737899,0.005603379004310183,pass,,,0.0
1,579035682a8976b7a02310fda2630b6a293e2b9c29b5f4f63be0d868154df820,disabled_paper_only_no_execution,True,True,False,market-first-t24-paper-v1,863831b9b628e1bd62bdcaf76a5c939883f76af4b717e9d13d13a3a346841d04,capture_20260918T232830347226Z_35405613816_1_71cb2a01e5ef,matchup_ae4469d6e6c383f48dab6d33688d521769dc4791855bdb3c6cf4abaa090c38c7,,8a0a35e7c74bebcc,7c7332319c14094c,f1d64ae34e088832,Marlon Vera,Charles Jourdain,2026-09-19,timestamp,2026-09-19T21:45:00.000000Z,2026-09-18T23:28:30.715570Z,2026-09-18T23:28:30.715570Z,2c6e7c67835510db373a04fff352559764e51ee8c84fefae284a5addd39e340b,DraftKings,b1cd51fd1fc37fc3129da340126cf686b66a30856d89d6b1cdf6847e6df167e4,1def7d178ebb721c0877149bdc8a4ff41585bb0420bea6caaf9f8648b51e80c1,5ca0c9b4a2b142fb5faf,8,0.34982579225075916,0.2723364243,0.011667284723728522,0.31280543620404283,0.6042406350000243,0.11205825243703335,0.01997338794459617,0.27596003625481824,0.025,170,-205,-0.15542532224908434,0.022411424184228812,pass,,,0.0
1,6e02b4f275c63367a618471b1ecd8ba088dd81276f6b63e0462fd3c1eeecf6e1,disabled_paper_only_no_execution,True,True,False,market-first-t24-paper-v1,863831b9b628e1bd62bdcaf76a5c939883f76af4b717e9d13d13a3a346841d04,capture_20260918T232830347226Z_35405613816_1_71cb2a01e5ef,matchup_730df33900ec43538f5d7a9c368cd8fc9d91aef0d76aae08a2e109ea2630641f,,8a0a35e7c74bebcc,791c8437b341fba5,9560ff14eb3129f7,Joanderson Brito,Giga Chikadze,2026-09-19,timestamp,2026-09-19T21:45:00.000000Z,2026-09-18T23:28:30.715570Z,2026-09-18T23:28:30.715570Z,b14b802d83fb9b7a75fee55a0f5bf3686a81711ffeab1114fe16e410746b6873,FanDuel,16abf12b8d462214a10ebc8710ffe016a7c6981e40ab5fa67362c2e527883eba,684775981382f57c3221fb9591ce966814596061e0be74644f554d3d8a93652c,5ca0c9b4a2b142fb5faf,8,0.7670569930506471,0.7508323863999999,0.018514442212597237,0.8145986933904501,0.6042406350000243,0.11205825243703335,0.01997338794459617,0.27596003625481824,0.025,-390,310,0.023470153234155244,-0.23985464290084546,pass,,,0.0
1,72a6f6cec28f62ea3bec4e6d00cc7e968d84c52d3f3ec0d793735521d47c14b2,disabled_paper_only_no_execution,True,True,False,market-first-t24-paper-v1,863831b9b628e1bd62bdcaf76a5c939883f76af4b717e9d13d13a3a346841d04,capture_20260918T232830347226Z_35405613816_1_71cb2a01e5ef,matchup_41ba239087a241674fcd8f74181fb92a25ca542b10d45301b7c21c7489209f99,,8a0a35e7c74bebcc,140567899d98978a,c62fbc117d57b943,Robelis Despaigne,Tai Tuivasa,2026-09-19,timestamp,2026-09-19T21:45:00.000000Z,2026-09-18T23:28:30.715570Z,2026-09-18T23:28:30.715570Z,bc5e81c3d38e8c650eca08530345ccfab0a32998f43615e93053c62942b25f96,BetAnything,03a1a17053ac04d321292ca2d224ac8a185cb65ac81baae4a8a11b7f3a5ebabd,464a6fcbc5ca6c823a8a5524ded34574de4bf8d34aaa4edf2a1a14893f1d33dd,5ca0c9b4a2b142fb5faf,9,0.8122744691473502,0.5353771359999999,0.005889537560187952,0.7922729137374686,0.6042406350000243,0.11205825243703335,0.01997338794459617,0.27596003625481824,0.025,-600,370,-0.07568160063961993,-0.02368269456610217,pass,,,0.0
1,97e7ec717a487e7d083b3c5743248851bdd75e08c3dc3c7e657a656c5f86025f,disabled_paper_only_no_execution,True,True,False,market-first-t24-paper-v1,863831b9b628e1bd62bdcaf76a5c939883f76af4b717e9d13d13a3a346841d04,capture_20260918T232830347226Z_35405613816_1_71cb2a01e5ef,matchup_c79dcc9635165d1f4a1e239bf9c5b598ecfcf90c75e2f49b00cff1c9260a3fd4,,8a0a35e7c74bebcc,6967153c7edb4d87,e463ce0a2ca474f4,Ozzy Diaz,Ryan Gandra,2026-09-19,timestamp,2026-09-19T21:45:00.000000Z,2026-09-18T23:28:30.715570Z,2026-09-18T23:28:30.715570Z,1675b6fe74562a582dfd667a9a768812b631538e211eb0d63e545080d45a397b,BetOnline.ag,2e97e181995631e39f380df329fda57e5a04731a81acf60eceafcbec5a235df3,1f7fde1985b2b0e55c1d6cd39556ce6db995997efdedf9f7f17399a0d9a4572d,5ca0c9b4a2b142fb5faf,9,0.1925406775259359,0.3650763641,0.03837157939709046,0.11605029525126892,0.6042406350000243,0.11205825243703335,0.01997338794459617,0.27596003625481824,0.025,387,-500,-0.4348350621263204,0.06073964569847723,opponent,0.883949704748731,-500,1.0
1,9fcb72273bc83aee5d3ed36d1ce3b9523678bec95544f75bfe861fbce11afd42,disabled_paper_only_no_execution,True,True,False,market-first-t24-paper-v1,863831b9b628e1bd62bdcaf76a5c939883f76af4b717e9d13d13a3a346841d04,capture_20260918T232830347226Z_35405613816_1_71cb2a01e5ef,matchup_8cb639734e70349cede5526c9186ce46910e1a9fe372bc84895459f47f63314c,,8a0a35e7c74bebcc,04835018f90b118c,de594b35c45c2e9a,Casey O'Neill,Eduarda Moura,2026-09-19,timestamp,2026-09-19T21:45:00.000000Z,2026-09-18T23:28:30.715570Z,2026-09-18T23:28:30.715570Z,3dca9703ee332a894981a79a2db5050423230dadeb7067d6fbf196f7e4836308,BetOnline.ag,3d33dcd16e9c6d8e62978274d845d005ad3e9c7f5b98f0986d10d9340b2079f4,e350a2322f4a6e16f4f06a439da070cc784411dece5dad29cc3e0cd1c1f8bf54,5ca0c9b4a2b142fb5faf,8,0.6612707205675608,0.5531087991,0.019116430253561467,0.6815997238350902,0.6042406350000243,0.11205825243703335,0.01997338794459617,0.27596003625481824,0.025,-202,171,0.01902532969404569,-0.13713525159309436,pass,,,0.0
1,c09464a7b909039de6c153f9d76c15c7da9b51d982499e00c831f13c53fa34ea,disabled_paper_only_no_execution,True,True,False,market-first-t24-paper-v1,863831b9b628e1bd62bdcaf76a5c939883f76af4b717e9d13d13a3a346841d04,capture_20260918T232830347226Z_35405613816_1_71cb2a01e5ef,matchup_46acdff5f3e3f7792daa1d5df06232e0e473168e2b7cb8890421fed3e858632b,,8a0a35e7c74bebcc,9c393e836a852f30,eae48ff31db420c2,Mauricio Ruffy,Arman Tsarukyan,2026-09-19,timestamp,2026-09-19T21:45:00.000000Z,2026-09-18T23:28:30.715570Z,2026-09-18T23:28:30.715570Z,15bf687340088ebe1ca63bba5ff485e9877d39109fc9e8fc3f56f14aa1a85a7e,DraftKings,692dd39d685c2aa53372d6d3ed9dcb1d9692bcf7e03382c1b0f7752dd652e035,8f5e4a37ed129b1fa212f6eaa9c5ccedf5baec23765c655925ac4b00167bb5cb,5ca0c9b4a2b142fb5faf,9,0.2745131832018195,0.2523123301,0.02570515416796587,0.20780199487468745,0.6042406350000243,0.11205825243703335,0.01997338794459617,0.27596003625481824,0.025,250,-310,-0.2726930179385939,0.04774574871412307,opponent,0.7921980051253126,-310,1.0
1,c2cb741c83ef3ce96d4a89ac48f045894a40a4fe4d86a335cb48e189f6975de6,disabled_paper_only_no_execution,True,True,False,market-first-t24-paper-v1,863831b9b628e1bd62bdcaf76a5c939883f76af4b717e9d13d13a3a346841d04,capture_20260918T232830347226Z_35405613816_1_71cb2a01e5ef,matchup_6e355a8ad7d197cbe29ce642d75d50d2a8e45844e42d87852e64e4bf6ec40b9c,,8a0a35e7c74bebcc,17e97649403ba428,a0f0004aadf10b71,Joshua Van,Alexandre Pantoja,2026-09-19,timestamp,2026-09-19T21:45:00.000000Z,2026-09-18T23:28:30.715570Z,2026-09-18T23:28:30.715570Z,b529de898edb06809309d9d99a100cdae6be206cbf02870d8a7e109e4ad1b51b,Bovada,b01ca6c06cbccaf2d14e0521cb48d8cc54a4c376cb6b16714516bd20a9d3b782,63a178f0ff973127291ab8d0267eb19a0cfb19f14a2f6b6227a17859db7262fb,5ca0c9b4a2b142fb5faf,9,0.5553332822296984,0.7779829299000001,0.023255042541445614,0.6189239633580331,0.6042406350000243,0.11205825243703335,0.01997338794459617,0.27596003625481824,0.025,-135,115,0.07738615843805774,-0.18068652121977125,fighter,0.6189239633580331,-135,1.0
1,d815bdab20808440abdbf5bc64e004531ddb6e77da8ccb46ccec30003a1da698,disabled_paper_only_no_execution,True,True,False,market-first-t24-paper-v1,863831b9b628e1bd62bdcaf76a5c939883f76af4b717e9d13d13a3a346841d04,capture_20260918T232830347226Z_35405613816_1_71cb2a01e5ef,matchup_acd0e6b31a1c8fb3bae358145f988d378eaf334300bf13546996916eed3530b8,,8a0a35e7c74bebcc,1e719d4b676dc19a,4144798612ef96e5,Brunno Ferreira,Edmen Shahbazyan,2026-09-19,timestamp,2026-09-19T21:45:00.000000Z,2026-09-18T23:28:30.715570Z,2026-09-18T23:28:30.715570Z,aee08f1352654a1c5113fb054a2e841d0e8cd14627b1d85276e9895579b33c60,BetOnline.ag,36a745cc020cd9d4bf93e9292bbf11aed01dada67457091c5462b3fd8586d438,ae4ac9983b70ae1ddcd0e06921a0cb27a02676a199c96a875d7cc98388cb9e5e,5ca0c9b4a2b142fb5faf,8,0.3816911726546207,0.29303726789999995,0.018451555379433326,0.33643618826515115,0.6042406350000243,0.11205825243703335,0.01997338794459617,0.27596003625481824,0.025,153,-180,-0.14881644368916747,0.03221037380976477,opponent,0.6635638117348488,-180,1.0
1,0784eca4a2330479be1b3b6146da203432d4beceb9a4ad28ba8c82e83dfc6b9c,disabled_paper_only_no_execution,True,True,False,market-first-t24-paper-v1,863831b9b628e1bd62bdcaf76a5c939883f76af4b717e9d13d13a3a346841d04,capture_20260925T173028987442Z_36167121744_1_5c5c07ab740c,matchup_bd37b6457569db68ac2f9d98f3c91207a45248f8fc97c57786bba8dce606713e,,7e654edcddd71550,7af33fc4435017f1,d8c811df0386d5e8,Brady Hiestand,Rinya Nakamura,2026-09-26,timestamp,2026-09-26T21:10:00.000000Z,2026-09-25T17:30:29.317988Z,2026-09-25T17:30:29.317988Z,794421b3095d259da1813aca80ab89552cf423acc1237f2160d397618585948c,Hard Rock Bet,17e34296776cc23aa0d7e70f6e71e3460ad28fd74a59e5d899c57a3f110772f8,5dd932368b602367c5e383545a8599db0efbbe1fefee64a00736ab3c4d10e6a7,e4113b1ea477d7f2641c,8,0.24430329597048706,0.5720518408,0.03163637025069982,0.20430960749037322,0.6042406350000243,0.11205825243703335,0.01997338794459617,0.27596003625481824,0.025,275,-375,-0.23383897191110048,0.007874497178860684,pass,,,0.0
1,257d89958668bd7d6ffabe85a9c15f3e49445b467b5f7dac70c44f5be70199a4,disabled_paper_only_no_execution,True,True,False,market-first-t24-paper-v1,863831b9b628e1bd62bdcaf76a5c939883f76af4b717e9d13d13a3a346841d04,capture_20260925T173028987442Z_36167121744_1_5c5c07ab740c,matchup_e7c500b651f8f8feef8228bdb897ec8da3fd58afb4035308f5df77b252e53330,,7e654edcddd71550,69898645d600abdb,f5d82eccdea4e2dd,Rodolfo Bellato,Christian Edwards,2026-09-26,timestamp,2026-09-26T21:10:00.000000Z,2026-09-25T17:30:29.317988Z,2026-09-25T17:30:29.317988Z,899c48d5032111a7c5b82e3766520e8276f4176e0e1659155507490f02daf029,Bovada,8d1db9ca3e69628fd9a34e1f39484617c0a264e9aeb581206ee7976f2a94d7f4,b56d5288f726b98f2967c79377223222f3d6a72063f939b4429e668eefa9ab74,e4113b1ea477d7f2641c,8,0.6134744923388812,0.4252103816,0.01907294778646862,0.608760144395842,0.6042406350000243,0.11205825243703335,0.01997338794459617,0.27596003625481824,0.025,-183,158,-0.058584038994408116,0.009398827458727554,pass,,,0.0
1,2bb18a96477a32da835b0fe29692cfffca602aa1a93e1a9e0db9dca7c502bcd4,disabled_paper_only_no_execution,True,True,False,market-first-t24-paper-v1,863831b9b628e1bd62bdcaf76a5c939883f76af4b717e9d13d13a3a346841d04,capture_20260925T173028987442Z_36167121744_1_5c5c07ab740c,matchup_34028b84a7ec0b53a2fa9219c106e593df1824e7fab7bcebd62d525afd645b53,,7e654edcddd71550,2c483cf443f38ece,40cb680ae1cd331f,Vanessa Demopoulos,Yazmin Jauregui,2026-09-26,timestamp,2026-09-26T21:10:00.000000Z,2026-09-25T17:30:29.317988Z,2026-09-25T17:30:29.317988Z,a5f825b2f6a8a64c5c7b25c062d75a5dcf9c3b7f267ad1945c65965429b28f4d,Hard Rock Bet,2c9e33c107126716e21ba2ae1e7dfce5aa263af446855d3e597be2438e90c531,4b6b5b72d9bc9cda96a6b0819cb9aebf65242b2174e0c75335658f386ab65805,e4113b1ea477d7f2641c,8,0.13703452272528105,0.1491701311,0.02845276368879847,0.0727519800173628,0.6042406350000243,0.11205825243703335,0.01997338794459617,0.27596003625481824,0.025,575,-900,-0.5089241348828011,0.030275577758485772,opponent,0.9272480199826372,-900,1.0
1,4ef14056fb0c9fcae73a1a3c125c7fc81403d154817b942e3c3f29431624d8c4,disabled_paper_only_no_execution,True,True,False,market-first-t24-paper-v1,863831b9b628e1bd62bdcaf76a5c939883f76af4b717e9d13d13a3a346841d04,capture_20260925T173028987442Z_36167121744_1_5c5c07ab740c,matchup_77abcf3c53b775efe29136d638e75a9874c26ecf33cd29728d274597c66b3704,,7e654edcddd71550,1897b7b913736a7c,5fa2974cbd18e05c,Alatengheili,John Castaneda,2026-09-26,timestamp,2026-09-26T21:10:00.000000Z,2026-09-25T17:30:29.317988Z,2026-09-25T17:30:29.317988Z,4bd4220a88e28503f994e81c17f855c6ced2ee364a5055433edb29b5ad66a8ac,Hard Rock Bet,2f427b2bece7a4490e666a52e2bbf0c5912dc7f40a789086a33ef35c90a29edf,255bb605a17bfd4c04a3d97703e339bd7507a22f76d2f7b276fc1c1ebdd28275,e4113b1ea477d7f2641c,8,0.24395570680481793,0.30709780529999997,0.028201804915514606,0.18049652119054665,0.6042406350000243,0.11205825243703335,0.01997338794459617,0.27596003625481824,0.025,275,-350,-0.32313804553545,0.05364732989786836,opponent,0.8195034788094533,-350,1.0
1,81d54f31710af6bb8ec4e746e422358d998b5667547b060ced9cc754079cd1c2,disabled_paper_only_no_execution,True,True,False,market-first-t24-paper-v1,863831b9b628e1bd62bdcaf76a5c939883f76af4b717e9d13d13a3a346841d04,capture_20260925T173028987442Z_36167121744_1_5c5c07ab740c,matchup_d14c691a367e024e5705220669d896edb1db21b218621339498702e2778d28e0,,7e654edcddd71550,260e9e0d4954aea6,f96856f9d69fd7e4,Rodolfo Vieira,Robert Bryczek,2026-09-26,timestamp,2026-09-26T21:10:00.000000Z,2026-09-25T17:30:29.317988Z,2026-09-25T17:30:29.317988Z,0330eaed029ba6eff0259a16c9ede8b125aeb221cca395fcd270d32408108636,Bally Bet,7c5abab607246a5afbff8e179483173875249ec82374c2840f77368e6707c69c,701662b416cd202264e5a8cab8ef4f3b0b475ae1e230609286a8f9c94209e4fd,e4113b1ea477d7f2641c,8,0.5906880663857079,0.549106168,0.031240737077197656,0.6209677116440576,0.6042406350000243,0.11205825243703335,0.01997338794459617,0.27596003625481824,0.025,-155,123,0.021592041736997913,-0.15475799696624848,pass,,,0.0
1,c2cfe6b1f521322c592a8a9a3523a5d3f03182d77fa57d9f48618c7857c062d4,disabled_paper_only_no_execution,True,True,False,market-first-t24-paper-v1,863831b9b628e1bd62bdcaf76a5c939883f76af4b717e9d13d13a3a346841d04,capture_20260925T173028987442Z_36167121744_1_5c5c07ab740c,matchup_7aa95ba68484517158ef35e7f68d68ddaa97e6998cad2e106c8088000ff50d60,,7e654edcddd71550,06e4245d16fc5315,d3f5d33d61cd00c9,Ailin Perez,Norma Dumont,2026-09-26,timestamp,2026-09-26T21:10:00.000000Z,2026-09-25T17:30:29.317988Z,2026-09-25T17:30:29.317988Z,ae2ace5a5a64945b2343de07912d940f89bdeeb3eeb0030e542c16ad6e707ee6,Bally Bet,c560f6fc5f085b1e3ab5d683679359d7bc5514ae98862165fcc0b20b0dd7f2f6,ec1b18fb7a2bb00196dbffa54b3bdc436c59e398893ef57f319b68a5f6bc822e,e4113b1ea477d7f2641c,8,0.5777831305467142,0.5853064635,0.039405395963537426,0.6201518356495476,0.6042406350000243,0.11205825243703335,0.01997338794459617,0.27596003625481824,0.025,-143,116,0.05382444799188835,-0.1795279650030227,fighter,0.6201518356495476,-143,1.0
1,c84b1db0072e4867e9b81e43fee94a3243540b907c99d50d38d1c1092a1b89ce,disabled_paper_only_no_execution,True,True,False,market-first-t24-paper-v1,863831b9b628e1bd62bdcaf76a5c939883f76af4b717e9d13d13a3a346841d04,capture_20260925T173028987442Z_36167121744_1_5c5c07ab740c,matchup_e6fbd5b4ed13b05288ca09bebeb9979c204884c0b08d8693b89a0d3ae9faae5a,,7e654edcddd71550,5987b2458f4b5290,cc1a8b4b38b92c6d,Ricky Simon,Montel Jackson,2026-09-26,timestamp,2026-09-26T21:10:00.000000Z,2026-09-25T17:30:29.317988Z,2026-09-25T17:30:29.317988Z,039011b23eddef714112e78daaecfaaecb37e7928a5b553cc3f3641b1016a740,Hard Rock Bet,a4e9230f78a95650dfac7e700d2f8e639700b090bb5be51056dce5675286bf6e,1ed0403ef5a2219812b6d614230189f9ba51af50e7686f4c6a324f2bd08dfdfd,e4113b1ea477d7f2641c,8,0.35088754389115856,0.3566067304,0.01878541988156157,0.31644489562028527,0.6042406350000243,0.11205825243703335,0.01997338794459617,0.27596003625481824,0.025,165,-200,-0.16142102660624402,0.025332656569572176,opponent,0.6835551043797148,-200,1.0
1,3ad71fe478bf92b6000520ee9962fadb44ca1c2ab756021583d75b017cbd4f9f,disabled_paper_only_no_execution,True,True,False,market-first-t24-paper-v1,863831b9b628e1bd62bdcaf76a5c939883f76af4b717e9d13d13a3a346841d04,capture_20261002T172501815118Z_37040065812_1_0325902cf9ee,matchup_2af7bc98c3d9b6e7473054b59710c038af09974d8f8ab4201ae8b92e6a32cc1b,,ad3fdba28a7540cf,6c39d016053601ee,85497ffd934ecf7e,Bruce Whitehead,Jacobe Smith,2026-10-03,timestamp,2026-10-03T21:20:00.000000Z,2026-10-02T17:25:02.082379Z,2026-10-02T17:25:02.082379Z,6077057740ab34938866e388d49c0ab1620e1151246c5d268ef9879fb4775fa7,FanDuel,87c3f373aeacd6803dc193402a72210638110ebac8c403e9ad8c5c11e35f5151,2963ab3906cd53feb5403d379c67c793cdab2b7c12448938fbefa6a1cf26022d,943fc1ab01ef1bf51da0,9,0.1340790933058,0.00706566349999993,0.02336824511664598,0.0457022113290337,0.6042406350000243,0.11205825243703335,0.01997338794459617,0.27596003625481824,0.025,590,-950,-0.6846547418296675,0.054750187478436185,opponent,0.9542977886709663,-950,1.0
1,561fe51fe7678d4ee67a1453b19be5e0f89d21af8b5d02b04272b468c07f4ada,disabled_paper_only_no_execution,True,True,False,market-first-t24-paper-v1,863831b9b628e1bd62bdcaf76a5c939883f76af4b717e9d13d13a3a346841d04,capture_20261002T172501815118Z_37040065812_1_0325902cf9ee,matchup_45f81cc18a58b8e7b4de3d623dee6a0fa0c900c04c78e3ffa9d439c784117462,,ad3fdba28a7540cf,4419acb81e6f0ea4,c0ac37a4a1133da9,Anthony Romero,Marcus McGhee,2026-10-03,timestamp,2026-10-03T21:20:00.000000Z,2026-10-02T17:25:02.082379Z,2026-10-02T17:25:02.082379Z,0d6c4e2eb82d29c5c47188aa68b33b7265f5987c7985a89643e5e9e7a73ff3f4,BetOnline.ag,17c8fd69ad2ed56c6b5871fa2c9703bbd43617f42d183f89626be0319f42f826,c0e8c4ae69b0a32075dcb5414a31a3a28119cf565827f7000a2f25a17f30d738,943fc1ab01ef1bf51da0,9,0.20244622872081966,0.01734785119999993,0.030379321920107394,0.0801048095388673,0.6042406350000243,0.11205825243703335,0.01997338794459617,0.27596003625481824,0.025,374,-480,-0.620303202785769,0.1115400218072018,opponent,0.9198951904611327,-480,1.0
1,6096fae8296d881f8d01e2a95cc779bee59e291d4fc540f8f8c870c4ba152d0a,disabled_paper_only_no_execution,True,True,False,market-first-t24-paper-v1,863831b9b628e1bd62bdcaf76a5c939883f76af4b717e9d13d13a3a346841d04,capture_20261002T172501815118Z_37040065812_1_0325902cf9ee,matchup_2262ab8db3220297f56095b4d9b401e1da328c568e1c75089d05cb062284a744,,ad3fdba28a7540cf,22e07d3da1aa3475,fdd22e895a70e4a8,Andrey Pulyaev,Damian Pinas,2026-10-03,timestamp,2026-10-03T21:20:00.000000Z,2026-10-02T17:25:02.082379Z,2026-10-02T17:25:02.082379Z,fcfac53d936a063d01f63f5eec89eacb2ec6c28fb2be20de244c371a627909f7,Hard Rock Bet,678a23b9b98a84306a1264f9e7c8fa59befbfe8bdefab0b88c8524cd6f818dae,ca75150d557122a2c0f48ece734a99a8ea5404894737af57555f7881e5bf2778,943fc1ab01ef1bf51da0,9,0.18969437967325292,0.32719533319999994,0.02831325301204815,0.1318826012734546,0.6042406350000243,0.11205825243703335,0.01997338794459617,0.27596003625481824,0.025,375,-550,-0.3735576439510906,0.02595692576773545,opponent,0.8681173987265454,-550,1.0
1,a4999d807f163fc06446513b7051334fa715d47ccf0053093bd007c0a97cec39,disabled_paper_only_no_execution,True,True,False,market-first-t24-paper-v1,863831b9b628e1bd62bdcaf76a5c939883f76af4b717e9d13d13a3a346841d04,capture_20261002T172501815118Z_37040065812_1_0325902cf9ee,matchup_ed41d7d1cb3097c77c7076f680f2cb3681e8e5c75938bd485e15ed89e97731bf,,ad3fdba28a7540cf,20e04625a5395a06,b34976c022b24568,Lucas Armand,Anthony Wint,2026-10-03,timestamp,2026-10-03T21:20:00.000000Z,2026-10-02T17:25:02.082379Z,2026-10-02T17:25:02.082379Z,76bbfebcff3e48f6ecee7b34b327583ee555ec5b3feeac41b28cd7c1f5ca235a,DraftKings,2e2569d06c0d60be166905a8989d70e6a1d46a4cbf57571711f4e658a0cd9d63,2d9dcf9c538e840b6c782c657bae06fd75a0ead64bf21cb4edcffd17178105c5,943fc1ab01ef1bf51da0,9,0.19334928176332664,0.007980534300000008,0.03672638436482084,0.058266922651490576,0.6042406350000243,0.11205825243703335,0.01997338794459617,0.27596003625481824,0.025,390,-520,-0.7144920790076962,0.12283559222322271,opponent,0.9417330773485094,-520,1.0
1,a726d29d13162b8167c6d4519a8e6113329bfff3f2180ab3340db0ff4d0fad9e,disabled_paper_only_no_execution,True,True,False,market-first-t24-paper-v1,863831b9b628e1bd62bdcaf76a5c939883f76af4b717e9d13d13a3a346841d04,capture_20261002T172501815118Z_37040065812_1_0325902cf9ee,matchup_4811f9d3f9bbc6c0085c39682d7c0cc84ddb3131c2e89dc00d9fe12cbb965472,,ad3fdba28a7540cf,262d32ebda89efc4,2997e7fe3c9d3d4a,Natalia Silva,Wang Cong,2026-10-03,timestamp,2026-10-03T21:20:00.000000Z,2026-10-02T17:25:02.082379Z,2026-10-02T17:25:02.082379Z,ca0c0d10b96aa3a97bd364fe4901bc50d4d6f092eedacdba2a34a68c10e30fb1,Hard Rock Bet,233465c7975ffdf71d7860df4b52d0af89081e49d6f4dfc2fdfa27fba659f137,d962466fd694999ffdbe2927e329597ab426a9a79386fd040acca23b17fe9a91,943fc1ab01ef1bf51da0,10,0.6451712769791799,0.6999651386,0.019429851805614407,0.6909589439875745,0.6042406350000243,0.11205825243703335,0.01997338794459617,0.27596003625481824,0.025,-200,165,0.03643841598136177,-0.18104120156707249,fighter,0.6909589439875745,-200,1.0
1,a7ee5504e6983b425b80e55c886d51b2751e96a43e76706879fa3caf027a6525,disabled_paper_only_no_execution,True,True,False,market-first-t24-paper-v1,863831b9b628e1bd62bdcaf76a5c939883f76af4b717e9d13d13a3a346841d04,capture_20261002T172501815118Z_37040065812_1_0325902cf9ee,matchup_47771d7cdbcd1a079df9c13cdaaefafabc66f27fe0f5a9955af59c7bcc43e4b5,,ad3fdba28a7540cf,5e9ca8dd7d783a75,6e8349a0a0476d60,Alden Coria,Imanol Rodriguez,2026-10-03,timestamp,2026-10-03T21:20:00.000000Z,2026-10-02T17:25:02.082379Z,2026-10-02T17:25:02.082379Z,99622df36d0692ba6bc2d4718d5a1e9dd1682500af0e6f87b4c147310222a428,FanDuel,17b302407a2c239101f73d84669eed9ae015c4c5a131166e92b3e0ddcd668b54,17f4a122095bc0682714cfb7e69f4b0fa877d24da904a6bf89066259bbe179bb,943fc1ab01ef1bf51da0,9,0.43719009800523345,0.6260903875999999,0.01840371948857028,0.45652048011753604,0.6042406350000243,0.11205825243703335,0.01997338794459617,0.27596003625481824,0.025,124,-152,0.022605875463280745,-0.09896816440538858,pass,,,0.0
1,b4cbf70af083a55e97c3545cad331d1d8cee16f7e6ea3467fae44197bcc0f16f,disabled_paper_only_no_execution,True,True,False,market-first-t24-paper-v1,863831b9b628e1bd62bdcaf76a5c939883f76af4b717e9d13d13a3a346841d04,capture_20261002T172501815118Z_37040065812_1_0325902cf9ee,matchup_b1e9339d567d33747815ea9ee232b8c84cb2ee38d345a6b3a0f442fb0ed390bc,,ad3fdba28a7540cf,6a96ad1bc34fb113,7acbb0972e75281a,Ismail Naurdiev,Marvin Vettori,2026-10-03,timestamp,2026-10-03T21:20:00.000000Z,2026-10-02T17:25:02.082379Z,2026-10-02T17:25:02.082379Z,fab924546fd5a51301df86e6d93394efcab2899b41bdb93c56c1b6f3a2de90de,Bovada,425117528fed58863125fe4fefbb9adf449afc8bf75da85a7f9100aa619e0358,323a95fc2aacba0607f9749580390f947b96ad9b8de3bcb786eec69738e50d8e,943fc1ab01ef1bf51da0,9,0.5605561718312863,0.621941165,0.020554175988985346,0.5889730725988918,0.6042406350000243,0.11205825243703335,0.01997338794459617,0.27596003625481824,0.025,-138,117,0.01576515419229163,-0.10807156753959513,pass,,,0.0
1,cd6c1ec06c3cd23f3826023a8befae7337a74ba11dbbe91c853d01217e468dd6,disabled_paper_only_no_execution,True,True,False,market-first-t24-paper-v1,863831b9b628e1bd62bdcaf76a5c939883f76af4b717e9d13d13a3a346841d04,capture_20261002T172501815118Z_37040065812_1_0325902cf9ee,matchup_f84fdeccea811e8a8d8d7634ec81040e40757e251636341c6e5e24a26fe1c2d1,,ad3fdba28a7540cf,2558ae2e5671e318,5a229cbd9cdd28ca,Khaos Williams,Roberto Soldic,2026-10-03,timestamp,2026-10-03T21:20:00.000000Z,2026-10-02T17:25:02.082379Z,2026-10-02T17:25:02.082379Z,47f3f9886c7bd70b0fe45a3d08326a4eba5bebfe3cbae43ef7e2404960512dff,BetMGM,178734cf529bc8ac1b76e8397133c1de8ec7fea638096bc51bb0ff048027e760,9b9e51580a9fe492cbe35c9272674264e1a43e60206051c19c0880253d7a86d7,943fc1ab01ef1bf51da0,9,0.31363286072625457,0.9817119287,0.04118489032336825,0.41461198902445623,0.6042406350000243,0.11205825243703335,0.01997338794459617,0.27596003625481824,0.025,220,-275,0.32675836487825993,-0.20174362139698565,fighter,0.41461198902445623,220,1.0
1,da85b8d50464b7cccf0e13f68689633bf9d27a6b03aa7dd7a9a1bbf7c5ec9d07,disabled_paper_only_no_execution,True,True,False,market-first-t24-paper-v1,863831b9b628e1bd62bdcaf76a5c939883f76af4b717e9d13d13a3a346841d04,capture_20261002T172501815118Z_37040065812_1_0325902cf9ee,matchup_ae0ef3e530a55bf48ed14f36581c97d6bdd70675620ae2bc4f9937ffe3a70da3,,ad3fdba28a7540cf,523fa774700d7d3f,64b12fe31be7560c,Court McGee,Eric Nolan,2026-10-03,timestamp,2026-10-03T21:20:00.000000Z,2026-10-02T17:25:02.082379Z,2026-10-02T17:25:02.082379Z,e64315c5de50950f53974e662390db9dc91fd3e7dc8e807996934eb784c5c760,BetMGM,2f44803ab558d690d7301de7790836d8d0a2611d21ed36a3d7efb9c35b6feeb2,34af50449d445879d2f754d0a94cccd187d02f21354afd16cc29ecccb9a492a3,943fc1ab01ef1bf51da0,9,0.3234073206397914,0.2292090351,0.03006117898993027,0.24365185175302795,0.6042406350000243,0.11205825243703335,0.01997338794459617,0.27596003625481824,0.025,185,-225,-0.3055922225038703,0.09250288080118185,opponent,0.756348148246972,-225,1.0
1,e3852deb9fef1dcfaa94d3828cec6e824add0d2193f9a99ba8ba064cb46aaf13,disabled_paper_only_no_execution,True,True,False,market-first-t24-paper-v1,863831b9b628e1bd62bdcaf76a5c939883f76af4b717e9d13d13a3a346841d04,capture_20261002T172501815118Z_37040065812_1_0325902cf9ee,matchup_03086047eba4d3b8053fce964b47c70aa4cc3ea154511951d73e1508fefec1b2,,ad3fdba28a7540cf,323d4ca260dfa0ba,887961364be5ceb3,Esteban Ribovics,King Green,2026-10-03,timestamp,2026-10-03T21:20:00.000000Z,2026-10-02T17:25:02.082379Z,2026-10-02T17:25:02.082379Z,2ab5344eb168daa7b8e863279b50710089d05303397219a41e326da4867cca8d,Bovada,2a08dff7914c2e6df9e773f76458622ee3696dfab7569171035511c980de97d2,dc89800ab527c7033cd2a5997c794c1dd3802a9f4c1cb6bf39f37081345ca542,943fc1ab01ef1bf51da0,9,0.6715573160334665,0.5267977563999999,0.01927305338613383,0.6884640275766775,0.6042406350000243,0.11205825243703335,0.01997338794459617,0.27596003625481824,0.025,-220,185,0.0014022219297127325,-0.11212247859353075,pass,,,0.0
1,e7912807e2cd2ebfbb2a6b86c2363d28e314e500345d32a47408982d9fd4c8d8,disabled_paper_only_no_execution,True,True,False,market-first-t24-paper-v1,863831b9b628e1bd62bdcaf76a5c939883f76af4b717e9d13d13a3a346841d04,capture_20261002T172501815118Z_37040065812_1_0325902cf9ee,matchup_7d336af9109719eb87c6700a284cb685965411a9a8b650072f0e59998fa0c99b,,ad3fdba28a7540cf,6e743a33d56bdaa4,aa72b0f831d0bfe5,Payton Talbott,Deiveson Figueiredo,2026-10-03,timestamp,2026-10-03T21:20:00.000000Z,2026-10-02T17:25:02.082379Z,2026-10-02T17:25:02.082379Z,61c908eb632c0ef20694f0c84fd5ee315396d6c41c707e0b8475ae32842c48ec,Bally Bet,2bd91c6a494a81ddf88531f94c851a97bb49cb20690cdaaa61c9e6c9bfd1afce,5aa4785c6ddeacdb88d700cd54e6314bc84c32c757b0943762acd29a1b5e7e5a,943fc1ab01ef1bf51da0,9,0.8408034246025858,0.7816378539,0.03368006289367276,0.9142370020975894,0.6042406350000243,0.11205825243703335,0.01997338794459617,0.27596003625481824,0.025,-715,460,0.0421023170762731,-0.5197272117465006,fighter,0.9142370020975894,-715,1.0
1,fb93734283d3bacae5daa12b9fbe987856f00bf063ef69d32959d8fcbb29f453,disabled_paper_only_no_execution,True,True,False,market-first-t24-paper-v1,863831b9b628e1bd62bdcaf76a5c939883f76af4b717e9d13d13a3a346841d04,capture_20261002T172501815118Z_37040065812_1_0325902cf9ee,matchup_2f017da39e97cecb240cde1f4cc8bd428e1f1ba43c6fe898e2ed8a48bb787fb5,,ad3fdba28a7540cf,2f815ed5f8278ba6,9d83f6da776ff7d6,Ateba Gautier,Roman Kopylov,2026-10-03,timestamp,2026-10-03T21:20:00.000000Z,2026-10-02T17:25:02.082379Z,2026-10-02T17:25:02.082379Z,559f227f717af926dadcf33a7bb28d6a7582211b8226f88335afd93f19891a8b,Bovada,4d3bf4268761cbd97388ee781b2f35a4e44229d44d5a25039c5730c20ba71ea9,766110c07a053d1eefcd3c735ffe46dee4d6fb5d6baf3566b149f9864e39bedb,943fc1ab01ef1bf51da0,9,0.6788134936758272,0.7611231383,0.031181408256679144,0.7589343556220511,0.6042406350000243,0.11205825243703335,0.01997338794459617,0.27596003625481824,0.025,-235,195,0.08188514524845592,-0.28885634908505087,fighter,0.7589343556220511,-235,1.0
1,0ea7593c533bc4b64f4aa6ca4daba23d80a049f96118d259c751fc2c79d90552,disabled_paper_only_no_execution,True,True,False,market-first-t24-paper-v1,863831b9b628e1bd62bdcaf76a5c939883f76af4b717e9d13d13a3a346841d04,capture_20261009T172147802053Z_37965422108_1_b046294951c1,matchup_b9f14afd48d3dff974055c857c24935e120f4b38020c5d1a2d3543ee496a17b9,,7f98d9d5a10fa25c,3920d0cc288f9b0d,eb393afdbe3293d5,Francisco Prado,Ismael Bonfim,2026-10-10,timestamp,2026-10-10T21:15:00.000000Z,2026-10-09T17:21:48.094687Z,2026-10-09T17:21:48.094687Z,ac435e14f1bdbdf443bb87a4b82588fb5d34551ef386064f1920494f372d71a1,BetUS,b76fbc0e6f31f305f1c81299ba05832837a1291b0c3003fc80c1bc7f9de6e16e,74221f7fa3993fc0fc85b9818cc8539d17b550b3fade884acb5ce15d7e240463,47ee3bc302e84e048137,10,0.5282518313898186,0.6515040078000001,0.014579152402313778,0.5574860140585252,0.6042406350000243,0.11205825243703335,0.01997338794459617,0.27596003625481824,0.025,-120,100,0.022057692440629495,-0.11497202811705032,pass,,,0.0
1,14e55c356f95a4e825f74beabe3ac6e8c21f0fda8fe04d1158f3ae309671e890,disabled_paper_only_no_execution,True,True,False,market-first-t24-paper-v1,863831b9b628e1bd62bdcaf76a5c939883f76af4b717e9d13d13a3a346841d04,capture_20261009T172147802053Z_37965422108_1_b046294951c1,matchup_3815313d75461ad4f580e31d97b34c4f96a2b95e7feaa9dad6f1b1598a4ae6d4,,7f98d9d5a10fa25c,4c88a1db5a46c6a4,72f890c5d421e705,Jai Herbert,Matheus Camilo,2026-10-10,timestamp,2026-10-10T21:15:00.000000Z,2026-10-09T17:21:48.094687Z,2026-10-09T17:21:48.094687Z,59901dc5c6378bf6a4c64952c5804f7859f8f9515a188684832976b9154137a7,Bally Bet,92500397a554063877e1de11497288719a10b3a2d46c3b42eb2756e7c1b52bc1,b4fa458051889e98ec7075028f422a310986e347edac503652ddf80e189d8ea0,47ee3bc302e84e048137,10,0.3715624353990684,0.2674709170999999,0.01763918418773125,0.32235342917129983,0.6042406350000243,0.11205825243703335,0.01997338794459617,0.27596003625481824,0.025,150,-190,-0.19411642707175036,0.03430266073854216,opponent,0.6776465708287002,-190,1.0
1,4324c77aed7cb1286f470bc71a1b41213ce11c8f0444c89c8efb9c724af3fee4,disabled_paper_only_no_execution,True,True,False,market-first-t24-paper-v1,863831b9b628e1bd62bdcaf76a5c939883f76af4b717e9d13d13a3a346841d04,capture_20261009T172147802053Z_37965422108_1_b046294951c1,matchup_76785daf326c3fa54c9333930072e02259b0fabee70f182f6a2924f929cac690,,7f98d9d5a10fa25c,49edd0d90f60fb7d,e564146b9cf6dbef,Brendson Ribeiro,Felipe Franco,2026-10-10,timestamp,2026-10-10T21:15:00.000000Z,2026-10-09T17:21:48.094687Z,2026-10-09T17:21:48.094687Z,32885c59ca7d9ac9aa2e437d5e6e1c4c4769b6bfde154fbb7765b2fc8cff2f5e,DraftKings,74d36d6e49c74f3c8ab3c1832296f9f92afebf8da59cfe851ce3905b8ee23909,d8e97dcf722c9ec10a2c7c8bb2b503b74b5ae726cb3449cf06f2ddf107a007e3,47ee3bc302e84e048137,10,0.24706064531292976,0.17955723540000001,0.03806706559000134,0.1448533392494384,0.6042406350000243,0.11205825243703335,0.01997338794459617,0.27596003625481824,0.025,280,-355,-0.449557310852134,0.096033044060579,opponent,0.8551466607505616,-355,1.0
1,56c379dc68634195ece66e65057c6dad1e6ec12afde82e68ce49e56745c80cfe,disabled_paper_only_no_execution,True,True,False,market-first-t24-paper-v1,863831b9b628e1bd62bdcaf76a5c939883f76af4b717e9d13d13a3a346841d04,capture_20261009T172147802053Z_37965422108_1_b046294951c1,matchup_a898945dda470deeab1a6f9b1aaa43150af371b375b91df555ae4e1e463abb9b,,7f98d9d5a10fa25c,8bd4200561c77a62,8e5d953bdb9ae5e7,Ketlen Souza,Loopy Godinez,2026-10-10,timestamp,2026-10-10T21:15:00.000000Z,2026-10-09T17:21:48.094687Z,2026-10-09T17:21:48.094687Z,4abdd00de09f74821c4e3b90f11fca7dc5f66e2361cdc66ec9ce96213e3203d9,FanDuel,67d9b2e2cc8a3a0eb6aefc00cc8d805ccf74ce052c30a17e553fbb54e2f52352,1c2343603571d65a831838545414b78bc46a64cdee17a64fa0b228615505488b,47ee3bc302e84e048137,6,0.32688015162512013,0.5078400918,0.01157719224488285,0.3322346297192952,0.6042406350000243,0.11205825243703335,0.01997338794459617,0.27596003625481824,0.025,198,-250,-0.00994080343650039,-0.06512848160701334,pass,,,0.0
1,58c9758ca2a6a1a58f2442d382b422a2d4fb0edbc9897c0cad5c754f70f97276,disabled_paper_only_no_execution,True,True,False,market-first-t24-paper-v1,863831b9b628e1bd62bdcaf76a5c939883f76af4b717e9d13d13a3a346841d04,capture_20261009T172147802053Z_37965422108_1_b046294951c1,matchup_5350e3108f063f484783274acc3c6f0fe64dc5d72cd2b3592189b7b5c827c5b1,,7f98d9d5a10fa25c,2e45d08b3f2f02c8,b9124c308671e303,Malcolm Wellmaker,Otari Tanzilovi,2026-10-10,timestamp,2026-10-10T21:15:00.000000Z,2026-10-09T17:21:48.094687Z,2026-10-09T17:21:48.094687Z,3fd818fa3b07b332c50f909ffc5938f7a6590337f4752761b6240f8a4fdf4819,FanDuel,997c1cce272b578e6823e33faea1cb3b8f8cc44baf3ec7b18e81b9bfac4e0e0c,fb016b58727aa6e01c7590b6282265b77cc35372a78c6e3479d14bbe9e494709,47ee3bc302e84e048137,10,0.649607572884234,0.4029257007,0.021409232096828212,0.6485098952940946,0.6042406350000243,0.11205825243703335,0.01997338794459617,0.27596003625481824,0.025,-230,184,-0.06952928066499464,-0.0017681026352288631,pass,,,0.0
1,66b95dc98055312efa7ba20f9bf7a952a44960b066612aa0bf62e4599ebffb52,disabled_paper_only_no_execution,True,True,False,market-first-t24-paper-v1,863831b9b628e1bd62bdcaf76a5c939883f76af4b717e9d13d13a3a346841d04,capture_20261009T172147802053Z_37965422108_1_b046294951c1,matchup_492f585054460be1337a231c1e29704b8323c9cbbdc460e186c9be0eb3f3526d,,7f98d9d5a10fa25c,73a78713bd899f4c,e03187ec8b5b6abc,Allen Frye Jr.,RJ Harris,2026-10-10,timestamp,2026-10-10T21:15:00.000000Z,2026-10-09T17:21:48.094687Z,2026-10-09T17:21:48.094687Z,58b9060949919402d9b7e37f2d2eeb815876e67c899fe7b70309195d7b88cbb2,Bally Bet,a7bb00a97a28519df7dae8f960f53170caf5e9b21aba8de7a60625a1b0b9501d,0ce84bb41dc37ec30e000441173c7e9e07eaed04fbb7d1c4c46f8a164b181ab1,47ee3bc302e84e048137,9,0.25819365212397033,0.34786694830000003,0.025218884120171703,0.20686472459550992,0.6042406350000243,0.11205825243703335,0.01997338794459617,0.27596003625481824,0.025,260,-345,-0.2552869914561643,0.023029558130429173,pass,,,0.0
1,815a0a6d526446b868b0e0138fe71d0fc057c074a56955a1e169da990cf3f7b9,disabled_paper_only_no_execution,True,True,False,market-first-t24-paper-v1,863831b9b628e1bd62bdcaf76a5c939883f76af4b717e9d13d13a3a346841d04,capture_20261009T172147802053Z_37965422108_1_b046294951c1,matchup_5a7aced940bbc65d40cfaec54ebe112b336024fb40707c1f173f344a1bbd703c,,7f98d9d5a10fa25c,6ac9bc2953c47345,6add18754930182b,Gerald Meerschaert,Julius Walker,2026-10-10,timestamp,2026-10-10T21:15:00.000000Z,2026-10-09T17:21:48.094687Z,2026-10-09T17:21:48.094687Z,3f4e5359f18839fb07ac6596e34d7eef448ab84b3f2f6b4180b87156d65bca72,Bovada,bd25b99cde0cced061f632733bf53f6649830a7024730a088d494863aaa44682,a5e11c884f5458d470a420f57dbbb9af2b0b1bb005e186370245c602e97d03da,47ee3bc302e84e048137,10,0.28235658759347365,0.25205906499999997,0.01018477376322402,0.2510947894625633,0.6042406350000243,0.11205825243703335,0.01997338794459617,0.27596003625481824,0.025,240,-290,-0.14627771582728477,0.0071483865848287476,pass,,,0.0
1,aa0c8e05d04d7b14032cc83b9d05dafba132f9575962dbee3bf5e80bf9a1b063,disabled_paper_only_no_execution,True,True,False,market-first-t24-paper-v1,863831b9b628e1bd62bdcaf76a5c939883f76af4b717e9d13d13a3a346841d04,capture_20261009T172147802053Z_37965422108_1_b046294951c1,matchup_f60b0e8b92d59f3c979c349b7c7d0a0be344d9fadda483656c34bef0f0599935,,7f98d9d5a10fa25c,9eed2bcc9e0b92af,d8da10db80131bec,Leon Shahbazyan,Niko Price,2026-10-10,timestamp,2026-10-10T21:15:00.000000Z,2026-10-09T17:21:48.094687Z,2026-10-09T17:21:48.094687Z,9ba8ffa56b302a2498f2b34699becdaabcaece27664fdd037eeaf0767c6c0472,DraftKings,0f3c6d2bcdb0043d730a2098c920c60bdac9972846b574e75b2950ad15a20775,295512f0d56afdaf833fc33dd17a5002390db957148355ada4f808eee44cf7d2,47ee3bc302e84e048137,10,0.5736334986569844,0.7584098436,0.02604114529557633,0.6365848267356223,0.6042406350000243,0.11205825243703335,0.01997338794459617,0.27596003625481824,0.025,-142,120,0.08488400049310285,-0.20048661881836904,fighter,0.6365848267356223,-142,1.0
1,aa7ecaf2b5c5e8b13767de0b70680d2f7f91b99d850992111d7ee00bdaf6e6ef,disabled_paper_only_no_execution,True,True,False,market-first-t24-paper-v1,863831b9b628e1bd62bdcaf76a5c939883f76af4b717e9d13d13a3a346841d04,capture_20261009T172147802053Z_37965422108_1_b046294951c1,matchup_e1995d7bf8ef963edca8edab8e2fb6dbca663fbcaa7de8259ecc8a0ca98916a5,,7f98d9d5a10fa25c,a4a80dd7336ffd59,e4faa79383c9f214,Melissa Gatto,Ernesta Kareckaite,2026-10-10,timestamp,2026-10-10T21:15:00.000000Z,2026-10-09T17:21:48.094687Z,2026-10-09T17:21:48.094687Z,00e31ba75ace6f3b0b944fe9469f0a0fcc34b3529151a41a8d22ed0d410ef613,BetOnline.ag,1fe758ebcc27f62aa44e9503fb4892a08064317be75791abc002ac20bc343a73,c10a207723d5a1efa77308cf8a3bc1064d56be2a003cb96f40bd9664dfb38f5b,47ee3bc302e84e048137,10,0.5122052401065191,0.5371886239999999,0.017409376364813767,0.519779259040178,0.6042406350000243,0.11205825243703335,0.01997338794459617,0.27596003625481824,0.025,-125,107,-0.06439733372767964,-0.005943066213168202,pass,,,0.0
1,ade0493eaf150be8b17e709c9dce2b4b33a6d282b16a3e9babae464a372b0f58,disabled_paper_only_no_execution,True,True,False,market-first-t24-paper-v1,863831b9b628e1bd62bdcaf76a5c939883f76af4b717e9d13d13a3a346841d04,capture_20261009T172147802053Z_37965422108_1_b046294951c1,matchup_2916e2a1137a9f46867912975d53d3cc382cc9c8a0a4f6f60aea1af78eedc5b9,,7f98d9d5a10fa25c,2f181c0467965b98,a93f94c923c3a9cb,Brendan Allen,Christian Leroy Duncan,2026-10-10,timestamp,2026-10-10T21:15:00.000000Z,2026-10-09T17:21:48.094687Z,2026-10-09T17:21:48.094687Z,417c4825574445e1eb32e3406c4e5fab923d209533567a4d019786592ba72793,FanDuel,d4e1f77f9baf9a6bcf24ecfd9674365566ae93f206254283b372476750edfb5f,9ce1e360a02883fe0168f775f608402ec964cbef16aaca4ef13423160ebca711,47ee3bc302e84e048137,11,0.5251555190810682,0.4101680961,0.02234607497765395,0.5114363956718172,0.6042406350000243,0.11205825243703335,0.01997338794459617,0.27596003625481824,0.025,-134,110,-0.10689465233428941,0.025983569089183867,opponent,0.4885636043281828,110,1.0
