schema_version,decision_id,betting_status,paper_only,capture_id,matchup_id,fight_id,event_id,fighter_id,opponent_id,event_date,timing_precision,event_start_utc,decision_issued_at_utc,market_as_of_utc,quote_age_seconds_at_decision,maximum_quote_age_seconds,market_consensus_id,reference_quote_id,forecast_capture_id,model_id,selected_gamma,market_probability,model_probability,blend_probability,minimum_expected_return,fighter_reference_moneyline,opponent_reference_moneyline,fighter_break_even_probability,opponent_break_even_probability,fighter_edge,opponent_edge,fighter_expected_return,opponent_expected_return,paper_action,action_probability,action_reference_moneyline,hypothetical_risk_units
1,1aef996ade7f6d4ccdd8848194e214f45348f73aa08409c8bcb8f469e2d3083a,disabled_paper_only_no_execution,True,capture_20260821T173019873337Z_32508390117_1_563545415cd6,matchup_b04f10f44923c1dd86777d35d18bf07dc4299e65e48d7b713d20daceb3137f2e,,a0a69dc9914ef6e1,ac7c765882f2c68c,cfbb3edab781dfd2,2026-08-22,timestamp,2026-08-22T21:15:00.000000Z,2026-08-21T17:30:20.218293Z,2026-08-21T17:30:20.218293Z,0.0,300.0,0e34cac64fbc18d7e4a3ccc267ae00b50be0eb0936e0f5d830b1654c293a568c,2cfc28aec1728b1fbf2756e1f2912c7fc932bf07ff8aedeab92d634d76361d15,66eb566b0c5efa41e2f80d471b131b8bedecf1b2a94baaa9f69b02c6ab2e162a,ff04994f509057072ee9,0.0,0.14936655196726575,0.16430110190000002,0.14936655196726575,0.05,600,-900,0.14285714285714285,0.9,0.006509409110122905,-0.049366551967265804,0.04556586377086025,-0.054851724408073066,pass,,,0.0
1,30dc1ca97b928526451beb2033f87f045d643f29f501c885265f518ee1dbdbe8,disabled_paper_only_no_execution,True,capture_20260821T173019873337Z_32508390117_1_563545415cd6,matchup_f02d13336e28fd11d4d67ce3b551ef79a82807effcfdfa6987ffff00233b14ae,,a0a69dc9914ef6e1,8061a3136026a673,f1ab6f37492c630a,2026-08-22,timestamp,2026-08-22T21:15:00.000000Z,2026-08-21T17:30:20.218293Z,2026-08-21T17:30:20.218293Z,0.0,300.0,e70738f5932c9ce056d540545b4f12de5bd95fd81205147cb7834661cceafe5f,b05585ae8596f87b34a5240a7f0c416b870e1be698f6ee0c5ffd5557dc1bf4cb,72f6c1a19d1f21318f9ac438128a34d940fbca48d9e81dcbc0f77460bae068e2,ff04994f509057072ee9,0.0,0.19367753285617323,0.3118591111,0.19367753285617323,0.05,450,-600,0.18181818181818182,0.8571428571428571,0.011859351037991406,-0.05082038999903038,0.06522643070895273,-0.05929045499886876,fighter,0.19367753285617323,450,1.0
1,350b4744fdbfb470fd6a03d0c8e0c4de82b0acf2b52fcde24bf78f89e8277b54,disabled_paper_only_no_execution,True,capture_20260821T173019873337Z_32508390117_1_563545415cd6,matchup_d628bb58b0c90e5d3f480b744bc8679bc4858110672f89746bbd8d85f07e21f6,,a0a69dc9914ef6e1,71171fc96445bf65,e2f6b2769aaedd6c,2026-08-22,timestamp,2026-08-22T21:15:00.000000Z,2026-08-21T17:30:20.218293Z,2026-08-21T17:30:20.218293Z,0.0,300.0,a8b6f23036ae15e038ec4bf9ba7d21536198faeecda93df0e26e06be67aa223d,ccc57b2aecc8e1bc55712826da683c2174116112c3da6e8d8b37f0ddbb8f8df3,8f74732a2e6a9613a3c4761a8bd9f752bb416437b986736d6f94dcaa346cc061,ff04994f509057072ee9,0.0,0.5644684754167973,0.6563377165,0.5644684754167972,0.05,-148,124,0.5967741935483871,0.44642857142857145,-0.03230571813158989,-0.010897046845368685,-0.05413390605833979,-0.024409384933625655,pass,,,0.0
1,359c8bfcf414a032b5e773b1e19abe335bca6b71f84842bab37d209c1c05b425,disabled_paper_only_no_execution,True,capture_20260821T173019873337Z_32508390117_1_563545415cd6,matchup_fed9bd92cf25bf722674809712169440431c7630ef62bc2874998709ca4801e9,,a0a69dc9914ef6e1,23a81656507b56a3,b34976c022b24568,2026-08-22,timestamp,2026-08-22T21:15:00.000000Z,2026-08-21T17:30:20.218293Z,2026-08-21T17:30:20.218293Z,0.0,300.0,7ab2f95fc379e9643d2e870a340a4271bb79f5aed38aeb208642e86d26117f70,b70cc93830349569926ad6931bd8e8989fb28a6f8b346c7f9ead06b039ed541e,6b4ea5de640de54c6bb5de2e97c973fe938cc551045e9b265aa245ad99ae1100,ff04994f509057072ee9,0.0,0.1269306402675405,0.5,0.12693064026754047,0.05,750,-1200,0.11764705882352941,0.9230769230769231,0.009283581444011063,-0.05000756334446366,0.07891044227409405,-0.05417486028983565,fighter,0.12693064026754047,750,1.0
1,378281c932cab37f777883d540b07e556af725151bb3d7c08ff9f77a19a87189,disabled_paper_only_no_execution,True,capture_20260821T173019873337Z_32508390117_1_563545415cd6,matchup_240a006adfc1849d47645e66ebc57cbc6f91d7c8144d48635ac4007950c16f48,,a0a69dc9914ef6e1,6747ccd6d1acd266,8667caa0451d245b,2026-08-22,timestamp,2026-08-22T21:15:00.000000Z,2026-08-21T17:30:20.218293Z,2026-08-21T17:30:20.218293Z,0.0,300.0,dd52f0cc8664f36dc7dd60c24b5acc50ff9d17ec136ecae5316bad00abef16c6,8934bc03dfb9f7c87fd3020940aa35cdc2cb974b0f07d4a9f580c5afb4f02b32,9cb297d2cb90e0bc75bf8ea86e3c934fba713eb25d6691e71bd64c20e724ac13,ff04994f509057072ee9,0.0,0.5520815090337086,0.3612782997999999,0.5520815090337086,0.05,-144,118,0.5901639344262295,0.45871559633027525,-0.038082425392520936,-0.010797105363983817,-0.06452855413732717,-0.023537689693484798,pass,,,0.0
1,3db10ab472081de7002e000b0d098482298181ded2270fb82d9ec2e83e25cfcc,disabled_paper_only_no_execution,True,capture_20260821T173019873337Z_32508390117_1_563545415cd6,matchup_68e6abbd2402f75a27fca169bbb4b6b4bd8efdf38b2c6172adc63c57c031d894,,a0a69dc9914ef6e1,e2be0c1a9b886d92,f6ad6a1e4d600e0d,2026-08-22,timestamp,2026-08-22T21:15:00.000000Z,2026-08-21T17:30:20.218293Z,2026-08-21T17:30:20.218293Z,0.0,300.0,162cc4338f7a0b94fd75b94f452094192a695a698ed7cbcf88af4d72dcea8fff,ac408d7f61a356189db3e7cbd4d46fc598dde8aea195efad047bdc3a72c5b4ac,914e947e6f8d7dd72453af472c6c44fc36f66e5d674c98aa7cc858ed52df2800,ff04994f509057072ee9,0.0,0.2693608913068416,0.5063413588,0.2693608913068416,0.05,270,-340,0.2702702702702703,0.7727272727272727,-0.0009093789634286864,-0.042088164034114306,-0.0033647021646859843,-0.054467035808853814,pass,,,0.0
1,456078cd9a2080a98c7e49bbc7518e77efc83eb66da592971bb46cfcb560c44f,disabled_paper_only_no_execution,True,capture_20260821T173019873337Z_32508390117_1_563545415cd6,matchup_564b24b09c16a5d3d71c2e1db2bb03effe03df5c7e291ae2c10b973d56f78dfa,,a0a69dc9914ef6e1,5be51426ff3c1929,b2a78df161bd67f9,2026-08-22,timestamp,2026-08-22T21:15:00.000000Z,2026-08-21T17:30:20.218293Z,2026-08-21T17:30:20.218293Z,0.0,300.0,a44cbb472f79fcf6d9f49305173330d8d192d176325da03327259a0b700ef56a,203b54bd302f961f6c71f244914204ba2466ee90e449d9dc50df8eb55f5d7ecf,2027f177b340210357ac76a7c6dff7bccab6170ae8aef7ee1425ed1c9cac7de1,ff04994f509057072ee9,0.0,0.41053705860690826,0.05888191349999994,0.41053705860690826,0.05,143,-163,0.411522633744856,0.6197718631178707,-0.0009855751379477251,-0.030308921724778948,-0.002394947585213081,-0.04890335223077835,pass,,,0.0
1,4a42ee4406dd8d24c397435f69f9db12b04191ea27c9f056c96ddfb516808058,disabled_paper_only_no_execution,True,capture_20260821T173019873337Z_32508390117_1_563545415cd6,matchup_1b9d090be42bc9cbe7c6977d3323219dc57a10c1cb31157b44ed89d760b0a8d7,,a0a69dc9914ef6e1,327d5f279895110d,d549cefc7c54ab78,2026-08-22,timestamp,2026-08-22T21:15:00.000000Z,2026-08-21T17:30:20.218293Z,2026-08-21T17:30:20.218293Z,0.0,300.0,6b249acb30fd8ccad77b0d00e950625ab375d71112c6126090b5c48c5a87b6b2,c4c716069d5a2b1f41858b0196a6192ec9911dccc7de8244ef2398ce1fc9af56,db00635894f8de0a667b36f114fe346d8776cf362f127234189d56061eb86b65,ff04994f509057072ee9,0.0,0.2405556768115464,0.30376055049999995,0.2405556768115464,0.05,320,-430,0.23809523809523808,0.8113207547169812,0.0024604387163083274,-0.05187643152852761,0.010333842608494903,-0.0639407179305107,pass,,,0.0
1,524e63d62a209f9b0fc24dc83feba971e8bfdd30b61e4f52896ec2068cd24ded,disabled_paper_only_no_execution,True,capture_20260821T173019873337Z_32508390117_1_563545415cd6,matchup_d3057e06ce72d9d426192e08d0d671361d06fc52181a58554253d713bb947db0,,a0a69dc9914ef6e1,c85bad793cd14e28,d958ed9e5a08c849,2026-08-22,timestamp,2026-08-22T21:15:00.000000Z,2026-08-21T17:30:20.218293Z,2026-08-21T17:30:20.218293Z,0.0,300.0,2f4a68dffc1131b84dcf29d95f663d4cbdb95157f633e3a662bade8e4de42efc,26c358bb17e6e570c4227136cc6b79d9be87975201114f982546be0297bf3747,c898810f2e95d183fe93ac0e8e2b5f70fa2b60cfac49ec46ba705974f5fa2368,ff04994f509057072ee9,0.0,0.8584549313110947,0.9241369229,0.8584549313110947,0.05,-1000,600,0.9090909090909091,0.14285714285714285,-0.05063597777981432,-0.001312074168237587,-0.0556995755577957,-0.009184519177663164,pass,,,0.0
1,8c0d7a551b309c031308700a22bd64bda8e7b57f174cfa512d336531f231109b,disabled_paper_only_no_execution,True,capture_20260821T173019873337Z_32508390117_1_563545415cd6,matchup_5730dbcc9e78781d742f558f3f53256730837650eeeaf894ac53e8987a994db1,,a0a69dc9914ef6e1,640a0f838f057a81,e00a3dee329a51f7,2026-08-22,timestamp,2026-08-22T21:15:00.000000Z,2026-08-21T17:30:20.218293Z,2026-08-21T17:30:20.218293Z,0.0,300.0,c92a1e216867213007a7b56649ecac32c74a097406e0a3e64915a4381888a28f,0def37837b84b206e65c6a5c70cdb1b211693a55f52b8ab13fcf2be9d31583dd,9e3f5fb3fe7b282e63ff0e6f80fc58a04b6c0aa95d483eee08460b6f3efabeb8,ff04994f509057072ee9,0.0,0.7589399918771264,0.6263897344,0.7589399918771264,0.05,-430,320,0.8113207547169812,0.23809523809523808,-0.05238076283985482,0.002964770027635566,-0.06456233559330937,0.012452034116069433,pass,,,0.0
1,a9e9ea5cffb80c3c66656333ccf22eaf2b5efd96703ef0d3dca11d6a47d82d58,disabled_paper_only_no_execution,True,capture_20260821T173019873337Z_32508390117_1_563545415cd6,matchup_4c03993f07ac33b8ae81fd66c8b4c39f26474009ae11e6dcbcb4c942c33e8f6f,,a0a69dc9914ef6e1,06626b6287e1ae1e,b7b84ccd221be298,2026-08-22,timestamp,2026-08-22T21:15:00.000000Z,2026-08-21T17:30:20.218293Z,2026-08-21T17:30:20.218293Z,0.0,300.0,056326886bee08d16ea9a3f86f296c575050db488d48d67e57bebb7044c6ea4c,8fcdf3b1d4f9f524dfb6fc70abedf96968f5e8f97553733610d461d140d3ba59,2f4a2d281ab5575d3a788edd53fc4a2e1c52390a573562eafc49d1297af1e480,ff04994f509057072ee9,0.0,0.48439546218503643,0.6266864566,0.4843954621850365,0.05,-109,-109,0.5215311004784688,0.5215311004784688,-0.03713563829343236,-0.00592656266350533,-0.07120503122318689,-0.011363776116262603,pass,,,0.0
1,af70a03b7cd17e8f5330b09c4367bc8eafc84c4f4d759f54693bf80c2ba6bab1,disabled_paper_only_no_execution,True,capture_20260821T173019873337Z_32508390117_1_563545415cd6,matchup_b8b3107093e97e3246a7af79a6851dcba8bd810a295a6759bd6d28b78f753335,,a0a69dc9914ef6e1,3eeec2f53cebdf12,b4443fae47e7eb9d,2026-08-22,timestamp,2026-08-22T21:15:00.000000Z,2026-08-21T17:30:20.218293Z,2026-08-21T17:30:20.218293Z,0.0,300.0,c9217e7b55f73e6113f7e0c960b7b1d3bb057d8b0578aeb3a942cc1f23cffecf,287ed4c0ace5d60618e5172d769a0f2ad92ae58de11c836ff22f916d196bbdb5,39104db1bbf5645852a8b792aa13d226ba89a64ee5cac2bd69dfceef4b95ade0,ff04994f509057072ee9,0.0,0.6101674617168356,0.5929755742,0.6101674617168356,0.05,-192,154,0.6575342465753424,0.3937007874015748,-0.04736678485850687,-0.003868249118410383,-0.07203698530564584,-0.009825352760762351,pass,,,0.0
1,d77ea62a59ed2f919b6b282b9c397275cc33f9d598de456d8f2523372691ccd9,disabled_paper_only_no_execution,True,capture_20260821T173019873337Z_32508390117_1_563545415cd6,matchup_ff8fe821f0bf7db65c0f5918339e7534290ecc001f4a1ccd0cd954294f76f759,,a0a69dc9914ef6e1,093e1f5bb73850be,d1c65d2cf2925ddd,2026-08-22,timestamp,2026-08-22T21:15:00.000000Z,2026-08-21T17:30:20.218293Z,2026-08-21T17:30:20.218293Z,0.0,300.0,b59c2e0b025198d35851b1776080e3fe2233479437613d978e5104d984f45df3,41791cbee064c189fb5298bfeb823437295b006e7ee1a30bcfd2ebbb190138f6,f1f91d99761162ccb83c78fae6f6649f82915e9d65e7328f729082a0fa0c2515,ff04994f509057072ee9,0.0,0.6267857836018597,0.7227240645,0.6267857836018595,0.05,-205,170,0.6721311475409836,0.37037037037037035,-0.04534536393912403,0.0028438460277701028,-0.06746505366552602,0.007678384274979244,pass,,,0.0
1,118f6f4f2efe433df2c94466b38290cab24abcab80ee931b3640325d1836e1ef,disabled_paper_only_no_execution,True,capture_20260904T172656316630Z_33900328517_1_edfac4e1ad8c,matchup_efceb8a2cf0faca403b487b7f86a45ed53496d69cfb44431d1fce10df1751431,,2144954270be834d,5b43d68174b6e2ab,8d11d9c13e2ccdf7,2026-09-05,timestamp,2026-09-05T16:10:00.000000Z,2026-09-04T17:26:56.686757Z,2026-09-04T17:26:56.686757Z,0.0,300.0,c4c56bcfb473e9aef6c15a7d7e080f9adb80640cfb1e047db6cd6e335c3ce895,bb5f62a00db32ee89051771392f93ab7e18cb3a7df4e54f7822a16f7a83e0586,c4cd924d93066d7f589015f752c3fd59530e8756b69962776fc425aa5f3b3778,a045d30a0223107ddda6,0.0,0.7525887247326051,0.6449791242,0.7525887247326051,0.05,-420,310,0.8076923076923077,0.24390243902439024,-0.055103582959702635,0.003508836243004687,-0.06822348366439368,0.014386228596319217,pass,,,0.0
1,148529b07d998f68d8b3a847516a7d59a7b9e2d4a7f65c515d7d5b37afc76ea3,disabled_paper_only_no_execution,True,capture_20260904T172656316630Z_33900328517_1_edfac4e1ad8c,matchup_c6f99d827d99147ec40154996f5cd9c439402f8c1fe7b0c6d927bd3c81990c61,,2144954270be834d,3138df4d117ebc12,8b1b051038354655,2026-09-05,timestamp,2026-09-05T16:10:00.000000Z,2026-09-04T17:26:56.686757Z,2026-09-04T17:26:56.686757Z,0.0,300.0,15d364949a43921f4a30bbd3889063f54d4db24a450354bf8e5308ff206e36db,a926e908b1cee0c9f0dd1cae77a68ac2c556c2291a15ad488c65092256226b0d,21cf5479dec6c27213e8b4f8993019d23ea6450a364a6c89d61dec8c2fe99bca,a045d30a0223107ddda6,0.0,0.5643900246956384,0.5,0.5643900246956384,0.05,-152,128,0.6031746031746031,0.43859649122807015,-0.03878457847896477,-0.0029865159237085215,-0.06430074853091527,-0.0068092563060553335,pass,,,0.0
1,3ae99f0dab2f01d99e856702a12ead41f7dc09e663dab8ebdd4c9471a089cb34,disabled_paper_only_no_execution,True,capture_20260904T172656316630Z_33900328517_1_edfac4e1ad8c,matchup_c4fdd2478b8f9bfba7f679889348ae3848153f5d11360f550d52e07349e29e17,,2144954270be834d,39d309957c5c210d,a67f5afa8d6a1b80,2026-09-05,timestamp,2026-09-05T16:10:00.000000Z,2026-09-04T17:26:56.686757Z,2026-09-04T17:26:56.686757Z,0.0,300.0,3cda917efe6924f29255548dbb5b8abdc9de36b7f344fe8f4345f69d6b169b86,348f9f542ab2dc8b8095005ffbc976c84e14ddda92607d48b56973938af9f099,ba0c9a57a8a4850dd6540857d7811fead64c32fec7bc866074bc3903ea88fab3,a045d30a0223107ddda6,0.0,0.7348194898534437,0.8380788126000001,0.7348194898534437,0.05,-350,284,0.7777777777777778,0.2604166666666667,-0.04295828792433409,0.004763843479889618,-0.05523208447414396,0.018293158962776168,pass,,,0.0
1,4962754ae49236b7cafd362d6495809ea65a294a5d03fbdc9140334970ec531e,disabled_paper_only_no_execution,True,capture_20260904T172656316630Z_33900328517_1_edfac4e1ad8c,matchup_1fce52baf78bc8d3d8b338f10139cc7aeb18fe188c5bae17140a9dcc62f262e6,,2144954270be834d,9f5e3c20ce40b344,f2b3f4ef3f780168,2026-09-05,timestamp,2026-09-05T16:10:00.000000Z,2026-09-04T17:26:56.686757Z,2026-09-04T17:26:56.686757Z,0.0,300.0,a593e08718e21e420f89dadb6613f9a25dff55c26239eae95bbb0ba44413da93,699d9622cc4e10cf0147e3bee7072ed25facf34d34ad704e2e9aa3f5e8b1ceed,7dc0a9f4058757389e30b782bf03828f8bb4079eaf83458ddadd4a77802edbd9,a045d30a0223107ddda6,0.0,0.49522208845469073,0.6553684336,0.49522208845469073,0.05,-118,101,0.5412844036697247,0.4975124378109453,-0.04606231521503401,0.007265473734363981,-0.0850981755667578,0.014603602206071598,pass,,,0.0
1,49658df79e95005342399c29bab39bfe5ee7c82669ae7986f37db2a23ac464bb,disabled_paper_only_no_execution,True,capture_20260904T172656316630Z_33900328517_1_edfac4e1ad8c,matchup_cf3205b162a0dde589038b55f4225ba43c70eea4bcc574f1ed3694825204d030,,2144954270be834d,0bc697c5936a2d0a,9d51798e61f2e0c7,2026-09-05,timestamp,2026-09-05T16:10:00.000000Z,2026-09-04T17:26:56.686757Z,2026-09-04T17:26:56.686757Z,0.0,300.0,1aa7247b053cd7b522c3bd67377941e0331dcf51740b14d2f41aa7984c102f5a,e3b8b9389dff1e54e226afa30db7d67959c5b0d6c10e2c91b98fcfa8e822c7e6,583876fada7d6d9a9dd49dccf1d739365ea1522dcb91adad2be9852bbe767d5e,a045d30a0223107ddda6,0.0,0.2374610406217271,0.35991107059999994,0.23746104062172713,0.05,320,-410,0.23809523809523808,0.803921568627451,-0.0006341974735109557,-0.04138260924917814,-0.0026636293887459805,-0.0514759285782459,pass,,,0.0
1,a1bb7fd2020f9e2c37062947bec537a12f73aeb3e067ef397ff8adc86dc7e750,disabled_paper_only_no_execution,True,capture_20260904T172656316630Z_33900328517_1_edfac4e1ad8c,matchup_5ba9978871b848d5b7445f82c33ad8b233afd688c6347983e72b3aec7be3e696,,2144954270be834d,329e403448756217,93f9c19ae41d2a97,2026-09-05,timestamp,2026-09-05T16:10:00.000000Z,2026-09-04T17:26:56.686757Z,2026-09-04T17:26:56.686757Z,0.0,300.0,33afb42bf72ca2209a6ff58ca2ec636870d392f8ffd2a5c5df83d23ae104f002,e57553448840bf04fb1eaf6481636f381ed7b8d5bce1b34a2f393a2d9f52c829,b19b070410e1ea36e8b706fbf6dc1241b327ba8be9efb28b0e5e6f37c36dc2ef,a045d30a0223107ddda6,0.0,0.7190730047731353,0.9371078453,0.7190730047731353,0.05,-300,247,0.75,0.2881844380403458,-0.030926995226864706,-0.007257442813481119,-0.041235993635819645,-0.02518332656277944,pass,,,0.0
1,a80062b802694b2651e5c039637e4dfd532cc66fac29bd85f8e0abe897672aad,disabled_paper_only_no_execution,True,capture_20260904T172656316630Z_33900328517_1_edfac4e1ad8c,matchup_59d3204bd6591089d45ebe3e85e99fc60ec6d3301eb3884ceb1d0451d9599614,,2144954270be834d,1d2d98ddd05b38fb,1e4f273069fb9e85,2026-09-05,timestamp,2026-09-05T16:10:00.000000Z,2026-09-04T17:26:56.686757Z,2026-09-04T17:26:56.686757Z,0.0,300.0,552c1940b60c49ab6c60f24ab88384624e8233220ee45540befbe971a9dcfa60,1471ef9e79debc13b18e62357dfb3f487ad56ed2ecf4d19cc0064f7fc1a68301,2366927c569f71f02c9d02a66630d9945f6b9a2cd211b8e5b6b00b605e2600a8,a045d30a0223107ddda6,0.0,0.42189508401135295,0.33654160329999994,0.421895084011353,0.05,130,-155,0.43478260869565216,0.6078431372549019,-0.012887524684299156,-0.029738221266254916,-0.02964130677388821,-0.04892417047029052,pass,,,0.0
1,bd7aa1d20474a406f4deaeac28551628d254879e492a5a8725eb0f8795eccfde,disabled_paper_only_no_execution,True,capture_20260904T172656316630Z_33900328517_1_edfac4e1ad8c,matchup_28fea7b40a742271baa73e0e4459f1d5777e4498f310623c111e7397e38f7183,,2144954270be834d,33a86e839ad202d8,ec322adbabbfa6e7,2026-09-05,timestamp,2026-09-05T16:10:00.000000Z,2026-09-04T17:26:56.686757Z,2026-09-04T17:26:56.686757Z,0.0,300.0,afc050c74b06b4b968a02013eaec74ff2b52653ee6c7214aa05d034db19e858f,d74373ccc9fdff1aa927e0acac7e17e4f93e5646506711fdf22b2691718adce4,450511f05a1c601d5bcacf612ce5ca9fa1c4a088613159e4a3d829063b82fd85,a045d30a0223107ddda6,0.0,0.481722969942222,0.9247972707,0.481722969942222,0.05,-110,-110,0.5238095238095238,0.5238095238095238,-0.04208655386730181,-0.005532493751745915,-0.0803470573830306,-0.010562033526060333,pass,,,0.0
1,c1451b479afb6b7f391f189f06f3f3b2a2a95a6916dd8fc86e4b0b82935be1b0,disabled_paper_only_no_execution,True,capture_20260904T172656316630Z_33900328517_1_edfac4e1ad8c,matchup_a98b162dd2ff1d5415a572a5a20b0f37599fc71cd28b0ac30b961720373d1199,,2144954270be834d,46e2011d92463b7e,476fe566d2df676e,2026-09-05,timestamp,2026-09-05T16:10:00.000000Z,2026-09-04T17:26:56.686757Z,2026-09-04T17:26:56.686757Z,0.0,300.0,0282c2c8373a4bfe99e28ad574608875955b38648b733fab7f4b784d028ca834,b681c4244a09654f74779371602d3aa481b7ca76b83838934083be6a7143675f,a511b13a32079d2953b1574f088ebb808e3bc93062237eeea05bed2a9c36eda2,a045d30a0223107ddda6,0.0,0.6702775157532452,0.7513614164,0.6702775157532452,0.05,-250,208,0.7142857142857143,0.3246753246753247,-0.04400819853246907,0.005047159571430093,-0.06161147794545674,0.01554525148000474,pass,,,0.0
1,d71285c401e77af26400510c2ef40155ffec58785a047c7434bff901861b3f06,disabled_paper_only_no_execution,True,capture_20260904T172656316630Z_33900328517_1_edfac4e1ad8c,matchup_86b2eb61db67ca8fa121533f6e961a913c37fc9cd4cd9b044b5534cfa1159816,,2144954270be834d,64facb6cc564262d,70dd69b6a703257e,2026-09-05,timestamp,2026-09-05T16:10:00.000000Z,2026-09-04T17:26:56.686757Z,2026-09-04T17:26:56.686757Z,0.0,300.0,b20717bc3106e2e76f6ae04a4769bac087e032d8fd6427aceb678025f8ac5633,2dbdd24470762e33e30452235e9ba64cacef1a97544073b239ac8bfbf2159c7c,3c4a935ce6313eed68f2c5159d2cbbc07789655fd2d2a60f29e6fbfcce818dd6,a045d30a0223107ddda6,0.0,0.3256603563813688,0.24202491169999996,0.32566035638136875,0.05,200,-250,0.3333333333333333,0.7142857142857143,-0.007672976951964561,-0.039946070667083,-0.023018930855893682,-0.05592449893391627,pass,,,0.0
1,e19fffd04e6fbe6a096a0ac04fcb5cbbf109825a49ffeb04c2747049e79dbfe8,disabled_paper_only_no_execution,True,capture_20260904T172656316630Z_33900328517_1_edfac4e1ad8c,matchup_e77fa0e4f3862227418eef40fbbb1a99437034414985a81107bee615f9da08ca,,2144954270be834d,5b03b61f9d90125e,9256f591b30c073e,2026-09-05,timestamp,2026-09-05T16:10:00.000000Z,2026-09-04T17:26:56.686757Z,2026-09-04T17:26:56.686757Z,0.0,300.0,0a801b01240e2b0294c4149e400537132b37595ca521f64d646923e46e4eff37,6eec6bde43b84a0d85d75959f828b34160a6059e6519c85aa990e6b7ae7113e6,ef32c3cbb8b11562420fc017ca5e888c502373e0677d502c85beaf38b94448a5,a045d30a0223107ddda6,0.0,0.3563293721779144,0.35023962750000004,0.35632937217791444,0.05,154,-192,0.3937007874015748,0.6575342465753424,-0.03737141522366039,-0.013863618753256812,-0.0949233946680973,-0.021084253520578078,pass,,,0.0
1,eac24f122c131962cf70dd4f727e7e40cf38c49ccc11cebeba1a3a7db8564cfc,disabled_paper_only_no_execution,True,capture_20260904T172656316630Z_33900328517_1_edfac4e1ad8c,matchup_4b14d6546c8101cf4e7844a682d653e6a80eb09ed63c589aec54a33e149df254,,2144954270be834d,22e3458965d5d08a,9911989cf48b195d,2026-09-05,timestamp,2026-09-05T16:10:00.000000Z,2026-09-04T17:26:56.686757Z,2026-09-04T17:26:56.686757Z,0.0,300.0,829389b99b79278f721065b7815aca7d98afc2e4c5da37d98f4f5039266ad06d,34324e8a972fd702c65d28422321b074ed9954aac653d0553b5dc8c76aba55a3,6a6bb7152dbbed88a6147b2cb307dd33bc754c5e932e1dad2f5f6373bc8a5535,a045d30a0223107ddda6,0.0,0.5274555452937468,0.5,0.5274555452937468,0.05,-118,-102,0.5412844036697247,0.504950495049505,-0.013828858375977915,-0.032406040343251785,-0.025548229881043993,-0.06417666813075351,pass,,,0.0
1,ead2748941e0407add1e97a5069cf491041f591ad8fa4674914206ef761d0739,disabled_paper_only_no_execution,True,capture_20260904T172656316630Z_33900328517_1_edfac4e1ad8c,matchup_0dc64302fb9aa1e8a2fefa3fcd256374a63542df95f08a12b53d18c5af710d5b,,2144954270be834d,193b9d1858bc4df3,b3cb9dfccff3be76,2026-09-05,timestamp,2026-09-05T16:10:00.000000Z,2026-09-04T17:26:56.686757Z,2026-09-04T17:26:56.686757Z,0.0,300.0,3fe0b9051eb234f511078da53c47e3b0c4ce404368b255b1fcec1980b7457150,3be8c0919dd56fa579b9770357c045258e0c1684c81b47413b302543cf56d4e9,ec6125e0b0ce5f77685dfb0d5f7117c2baa6e49e388720d4e210931139ec1bf0,a045d30a0223107ddda6,0.0,0.18348748277784482,0.8890807601,0.18348748277784482,0.05,451,-600,0.18148820326678766,0.8571428571428571,0.0019992795110571615,-0.04063033992070186,0.011016030105925001,-0.04740206324081886,pass,,,0.0
1,0539acecb5a8c8836fb3872343881b5b8f0e8ae497d5840b89d9865a983bc726,disabled_paper_only_no_execution,True,capture_20260918T232830347226Z_35405613816_1_71cb2a01e5ef,matchup_46acdff5f3e3f7792daa1d5df06232e0e473168e2b7cb8890421fed3e858632b,,8a0a35e7c74bebcc,9c393e836a852f30,eae48ff31db420c2,2026-09-19,timestamp,2026-09-19T21:45:00.000000Z,2026-09-18T23:28:30.715570Z,2026-09-18T23:28:30.715570Z,0.0,300.0,c6fe7a84023414f500cc8720bb538356f3b764d8e0583739c06669fcfd9b26a3,4f98980bad0fdc4d00e512ce9fc3e9dd1e839fa0914901b2f7e93de01607af5f,8f5e4a37ed129b1fa212f6eaa9c5ccedf5baec23765c655925ac4b00167bb5cb,5ca0c9b4a2b142fb5faf,0.0,0.27647848596570257,0.2523123301,0.27647848596570257,0.05,275,-340,0.26666666666666666,0.7727272727272727,0.009811819299035907,-0.04920575869297528,0.03679432237138469,-0.0636780406614974,pass,,,0.0
1,1f132569e602c443fea1d17200ee3286fa193b2748cd331e4b9792063b37f139,disabled_paper_only_no_execution,True,capture_20260918T232830347226Z_35405613816_1_71cb2a01e5ef,matchup_24d2abb788a1cd512c495fdc548d6e73ba97540b84f658b9ddefdfce49e378d6,,8a0a35e7c74bebcc,0f3a990526c5e706,f7e856a73c96048e,2026-09-19,timestamp,2026-09-19T21:45:00.000000Z,2026-09-18T23:28:30.715570Z,2026-09-18T23:28:30.715570Z,0.0,300.0,3b960ee1af79e053bf110f9cf37c64173e8bb7b36e825b90f2483e59c9ea3c5c,c7db993818c786c5177bd067e683932baf624b0227b7c9c51276c0b2370f3e4a,90e5da0c2c4112c517665af575329ac981632458da7ccdd3bda930a61df67d82,5ca0c9b4a2b142fb5faf,0.0,0.08431220737906908,0.08680082619999996,0.08431220737906908,0.05,1248,-2700,0.07418397626112759,0.9642857142857143,0.010128231117941491,-0.04859792166478338,0.1365285554698512,-0.050397844689405,fighter,0.08431220737906908,1248,1.0
1,4113e1a3c16e08d673823891ee468c896a5aec04a81fb0e39a5985bcf5f595ce,disabled_paper_only_no_execution,True,capture_20260918T232830347226Z_35405613816_1_71cb2a01e5ef,matchup_6e355a8ad7d197cbe29ce642d75d50d2a8e45844e42d87852e64e4bf6ec40b9c,,8a0a35e7c74bebcc,17e97649403ba428,a0f0004aadf10b71,2026-09-19,timestamp,2026-09-19T21:45:00.000000Z,2026-09-18T23:28:30.715570Z,2026-09-18T23:28:30.715570Z,0.0,300.0,7d36a6dc1c4fb13d017fb77d84e7e82052840b64bd2494a5a70c2b775b94d2a7,ab64e9aebade7087261fca2d1c119b9b91dfd54bc7ca99455dc57c763bab9fc0,63a178f0ff973127291ab8d0267eb19a0cfb19f14a2f6b6227a17859db7262fb,5ca0c9b4a2b142fb5faf,0.0,0.5533965525442776,0.7779829299000001,0.5533965525442776,0.05,-145,124,0.5918367346938775,0.44642857142857145,-0.03844018214959999,0.00017487602715099415,-0.06495065259760002,0.00039172230081829795,pass,,,0.0
1,5085d5683416a3293f1d097eef65c555db890861dd955973011bc55f8314a59b,disabled_paper_only_no_execution,True,capture_20260918T232830347226Z_35405613816_1_71cb2a01e5ef,matchup_41ba239087a241674fcd8f74181fb92a25ca542b10d45301b7c21c7489209f99,,8a0a35e7c74bebcc,140567899d98978a,c62fbc117d57b943,2026-09-19,timestamp,2026-09-19T21:45:00.000000Z,2026-09-18T23:28:30.715570Z,2026-09-18T23:28:30.715570Z,0.0,300.0,c57657db4dd6bbfa5af8a08b178a26e8ba12c942af23e4322b2d0a685f7ac8f5,62513d5acda29950f03eb7a99532d1fb4d895ccf08007eb51617d064a03626bc,464a6fcbc5ca6c823a8a5524ded34574de4bf8d34aaa4edf2a1a14893f1d33dd,5ca0c9b4a2b142fb5faf,0.0,0.8107546412386335,0.5353771359999999,0.8107546412386335,0.05,-550,420,0.8461538461538461,0.19230769230769232,-0.035399204915212645,-0.0030623335463258183,-0.04183542399070583,-0.015924134440894133,pass,,,0.0
1,69e14d5c43340cf27a64417a442ff8307f18f3b88dc06f3c44964582e3d22442,disabled_paper_only_no_execution,True,capture_20260918T232830347226Z_35405613816_1_71cb2a01e5ef,matchup_476907300c352a3007df1648d5891307dad34b5ffaf7f0940510328bb5dda3c1,,8a0a35e7c74bebcc,1c23ec2f1b71be40,a495f599e787614f,2026-09-19,timestamp,2026-09-19T21:45:00.000000Z,2026-09-18T23:28:30.715570Z,2026-09-18T23:28:30.715570Z,0.0,300.0,0d69e74f7ec28c506ad2cc8770bdeded063c9f990ac841ebd924c67d1a93a5e1,1ecd50dcecdcf20ba4422dc22a355e2447478598b384faa7c5f4cac1f181f252,9ce165ca0e042f972d63537f6886314952270815ad8b0d5e65776fa2fa6527ff,5ca0c9b4a2b142fb5faf,0.0,0.6821983805863573,0.7084329221,0.6821983805863573,0.05,-260,215,0.7222222222222222,0.31746031746031744,-0.04002384163586492,0.00034130195332526814,-0.055417626880428394,0.0010751011529746002,pass,,,0.0
1,6a9087860dbbbfcfc803f4d56cac01c507d2e072f6721a1b9d145720d4bf92c0,disabled_paper_only_no_execution,True,capture_20260918T232830347226Z_35405613816_1_71cb2a01e5ef,matchup_c79dcc9635165d1f4a1e239bf9c5b598ecfcf90c75e2f49b00cff1c9260a3fd4,,8a0a35e7c74bebcc,6967153c7edb4d87,e463ce0a2ca474f4,2026-09-19,timestamp,2026-09-19T21:45:00.000000Z,2026-09-18T23:28:30.715570Z,2026-09-18T23:28:30.715570Z,0.0,300.0,2e380ae93c05bad360b069da44764ebcf8b411d3ecbec60259690efdda700de5,b49239b3809dcc726fb8618c6d4048fac370d655e8325093faf16e4401ba17e9,1f7fde1985b2b0e55c1d6cd39556ce6db995997efdedf9f7f17399a0d9a4572d,5ca0c9b4a2b142fb5faf,0.0,0.19420206177121868,0.3650763641,0.1942020617712187,0.05,425,-575,0.19047619047619047,0.8518518518518519,0.0037258712950282435,-0.04605391362307054,0.01956082429889827,-0.054063289905343814,pass,,,0.0
1,8c42530997faf6cf2dd056a5a6bfc5f75eb123dcafeb6a759a2f1d932780e0b8,disabled_paper_only_no_execution,True,capture_20260918T232830347226Z_35405613816_1_71cb2a01e5ef,matchup_730df33900ec43538f5d7a9c368cd8fc9d91aef0d76aae08a2e109ea2630641f,,8a0a35e7c74bebcc,791c8437b341fba5,9560ff14eb3129f7,2026-09-19,timestamp,2026-09-19T21:45:00.000000Z,2026-09-18T23:28:30.715570Z,2026-09-18T23:28:30.715570Z,0.0,300.0,3d8fe5e7a3cdae31e6e17ed3ae4b6de118d5a88518af99901ffe1ff387259e61,d3285921683e6c53498efc4dd3705e7da61dd616909b35334a445a14a356d0c9,684775981382f57c3221fb9591ce966814596061e0be74644f554d3d8a93652c,5ca0c9b4a2b142fb5faf,0.0,0.7659868812643056,0.7508323863999999,0.7659868812643056,0.05,-415,325,0.8058252427184466,0.23529411764705882,-0.03983836145414099,-0.001280998911364406,-0.04943796662381361,-0.005444245373298795,pass,,,0.0
1,932f769a23c1d6d4409153ed3716794c41f52ab2b1ffcf37d4160ee1d94b22ee,disabled_paper_only_no_execution,True,capture_20260918T232830347226Z_35405613816_1_71cb2a01e5ef,matchup_8cb639734e70349cede5526c9186ce46910e1a9fe372bc84895459f47f63314c,,8a0a35e7c74bebcc,04835018f90b118c,de594b35c45c2e9a,2026-09-19,timestamp,2026-09-19T21:45:00.000000Z,2026-09-18T23:28:30.715570Z,2026-09-18T23:28:30.715570Z,0.0,300.0,7120627075143e58fbfac28b52ef9fa27def866797b805b6c7e58ae1db176db3,6476abbc0091cf9a094f1309adc4f14e853a94f4d2e712d1402f0fadd15349b7,e350a2322f4a6e16f4f06a439da070cc784411dece5dad29cc3e0cd1c1f8bf54,5ca0c9b4a2b142fb5faf,0.0,0.6582027530380268,0.5531087991,0.6582027530380268,0.05,-230,190,0.696969696969697,0.3448275862068966,-0.03876694393167024,-0.0030303392449233524,-0.05562213694543994,-0.008787983810277677,pass,,,0.0
1,b0debeb8d4a884bc102b2140bd66e999ab58849f77491895f8b85e32a70421ba,disabled_paper_only_no_execution,True,capture_20260918T232830347226Z_35405613816_1_71cb2a01e5ef,matchup_acd0e6b31a1c8fb3bae358145f988d378eaf334300bf13546996916eed3530b8,,8a0a35e7c74bebcc,1e719d4b676dc19a,4144798612ef96e5,2026-09-19,timestamp,2026-09-19T21:45:00.000000Z,2026-09-18T23:28:30.715570Z,2026-09-18T23:28:30.715570Z,0.0,300.0,e5de4edc1891bed196fbaef515129e41ad3b9345a5b12c57f989ffe378418014,7ff923ba5d4cec686cee6f8402dd4a473254e5098c20b6b3d0176443c316a3b7,ae4ac9983b70ae1ddcd0e06921a0cb27a02676a199c96a875d7cc98388cb9e5e,5ca0c9b4a2b142fb5faf,0.0,0.3830470743435529,0.29303726789999995,0.38304707434355284,0.05,160,-190,0.38461538461538464,0.6551724137931034,-0.0015683102718317965,-0.03821948813665621,-0.004077606706762604,-0.05833500820858062,pass,,,0.0
1,b5835d0140bd7a82ff1c361d0350fa1d40123e174637e44c1c10c173b8ca55a8,disabled_paper_only_no_execution,True,capture_20260918T232830347226Z_35405613816_1_71cb2a01e5ef,matchup_bec90fe45f91dcb38f05be1a35565a02b9c8e1ca4de8ffb24483749c9958aa9c,,8a0a35e7c74bebcc,98a58c26c5b1ed17,e93b04e308913c2e,2026-09-19,timestamp,2026-09-19T21:45:00.000000Z,2026-09-18T23:28:30.715570Z,2026-09-18T23:28:30.715570Z,0.0,300.0,ff64e00d0ecbd10aba874dc3f3cd6bdcf7c943cf98aec3088c87abef5a5c5b90,2858e980778e67ed7359699e3466432fd9d0ef8bdb144fffd48b87d7b61fdf80,a7ec94123789caf1178b205b847486a145dba2112c5bec0c641b1d02bd26a648,5ca0c9b4a2b142fb5faf,0.0,0.30006771303706514,0.24533110900000002,0.3000677130370651,0.05,228,-275,0.3048780487804878,0.7333333333333333,-0.004810335743422711,-0.03340104637039831,-0.015777901238426595,-0.04554688141417951,pass,,,0.0
1,c00d2fe3eb25c4ce3924d015f7b050e809c58e0e9a68d1bd34e16302eeca38d0,disabled_paper_only_no_execution,True,capture_20260918T232830347226Z_35405613816_1_71cb2a01e5ef,matchup_ae4469d6e6c383f48dab6d33688d521769dc4791855bdb3c6cf4abaa090c38c7,,8a0a35e7c74bebcc,7c7332319c14094c,f1d64ae34e088832,2026-09-19,timestamp,2026-09-19T21:45:00.000000Z,2026-09-18T23:28:30.715570Z,2026-09-18T23:28:30.715570Z,0.0,300.0,0ad73a02c60fedc46dbe835868f4ec052aac99ebc4ebd7b09c94da4c7b8f0f90,cf0fbc5fba83996cf1602b58da752c611c5223a2739b126ff3dd355db6f54d79,1def7d178ebb721c0877149bdc8a4ff41585bb0420bea6caaf9f8648b51e80c1,5ca0c9b4a2b142fb5faf,0.0,0.35129571360302014,0.2723364243,0.35129571360302014,0.05,180,-215,0.35714285714285715,0.6825396825396826,-0.0058471435398370075,-0.0338353961427027,-0.016372001911543643,-0.04957278969744816,pass,,,0.0
1,0cb0e87feb2e2dbda74ef3d910e778b7084d77f74b8157f2cbc8b57df3e22b71,disabled_paper_only_no_execution,True,capture_20260925T173028987442Z_36167121744_1_5c5c07ab740c,matchup_7aa95ba68484517158ef35e7f68d68ddaa97e6998cad2e106c8088000ff50d60,,7e654edcddd71550,06e4245d16fc5315,d3f5d33d61cd00c9,2026-09-26,timestamp,2026-09-26T21:10:00.000000Z,2026-09-25T17:30:29.317988Z,2026-09-25T17:30:29.317988Z,0.0,300.0,91ed760c0bf3bded5d620229ac553a93bc624f5e082bbd44c3bbfb98653d28a5,b5727e5d9957ddcf06500b03af67a1527857ae84e94d77ac811cf162376197df,ec1b18fb7a2bb00196dbffa54b3bdc436c59e398893ef57f319b68a5f6bc822e,e4113b1ea477d7f2641c,0.0,0.572857456051272,0.5853064635,0.572857456051272,0.05,-165,140,0.6226415094339622,0.4166666666666667,-0.04978405338269021,0.010475877282061286,-0.07995620694795713,0.025142105476947174,pass,,,0.0
1,36c7a0a5d5ce9fb895a8f21026d29df0c1ecb3edc83b62f39c6cc2e93c0f5937,disabled_paper_only_no_execution,True,capture_20260925T173028987442Z_36167121744_1_5c5c07ab740c,matchup_e7c500b651f8f8feef8228bdb897ec8da3fd58afb4035308f5df77b252e53330,,7e654edcddd71550,69898645d600abdb,f5d82eccdea4e2dd,2026-09-26,timestamp,2026-09-26T21:10:00.000000Z,2026-09-25T17:30:29.317988Z,2026-09-25T17:30:29.317988Z,0.0,300.0,8d1db9ca3e69628fd9a34e1f39484617c0a264e9aeb581206ee7976f2a94d7f4,899c48d5032111a7c5b82e3766520e8276f4176e0e1659155507490f02daf029,b56d5288f726b98f2967c79377223222f3d6a72063f939b4429e668eefa9ab74,e4113b1ea477d7f2641c,0.0,0.6134744923388812,0.4252103816,0.6134744923388812,0.05,-183,158,0.6466431095406361,0.3875968992248062,-0.0331686172017549,-0.0010713915636874072,-0.05129354463440772,-0.0027641902343134017,pass,,,0.0
1,54978399596cebafc0c34be98ced29a1121cb4095ebbff817e54880c48444ed0,disabled_paper_only_no_execution,True,capture_20260925T173028987442Z_36167121744_1_5c5c07ab740c,matchup_34028b84a7ec0b53a2fa9219c106e593df1824e7fab7bcebd62d525afd645b53,,7e654edcddd71550,2c483cf443f38ece,40cb680ae1cd331f,2026-09-26,timestamp,2026-09-26T21:10:00.000000Z,2026-09-25T17:30:29.317988Z,2026-09-25T17:30:29.317988Z,0.0,300.0,ff16c0868df3e3632eb3b4dbae67b1085f96f29d954aeead94ebe3298985bf85,d696fd33e136c0fc26e0af3171562b1e3b14308c5837b27ee78a993b0dbcb8d2,4b6b5b72d9bc9cda96a6b0819cb9aebf65242b2174e0c75335658f386ab65805,e4113b1ea477d7f2641c,0.0,0.13922457451608233,0.1491701311,0.1392245745160823,0.05,675,-1050,0.12903225806451613,0.9130434782608695,0.01019231645156618,-0.05226805277695179,0.07899045249963788,-0.057245962565232844,fighter,0.1392245745160823,675,1.0
1,5b7996d075de0e212a5dab7b803b79cb6bc59c325b3a91e752e73c535d684a97,disabled_paper_only_no_execution,True,capture_20260925T173028987442Z_36167121744_1_5c5c07ab740c,matchup_d14c691a367e024e5705220669d896edb1db21b218621339498702e2778d28e0,,7e654edcddd71550,260e9e0d4954aea6,f96856f9d69fd7e4,2026-09-26,timestamp,2026-09-26T21:10:00.000000Z,2026-09-25T17:30:29.317988Z,2026-09-25T17:30:29.317988Z,0.0,300.0,1e0ca41775eddc8a45a5d73d663c7331eb6bfca6012870f2c91f91fef6f2532c,bbc8a9dcf54bd2e2133e870c6c84b71b8b61ef43b9602338691c706239faa34d,701662b416cd202264e5a8cab8ef4f3b0b475ae1e230609286a8f9c94209e4fd,e4113b1ea477d7f2641c,0.0,0.5867829742510582,0.549106168,0.5867829742510582,0.05,-170,145,0.6296296296296297,0.40816326530612246,-0.04284665537857146,0.005053760442819355,-0.06805057030714279,0.012381713084907542,pass,,,0.0
1,669cd75124e5e0b45deefb58b504f13f0d250f04c487cf2fc8aa641ae83b3725,disabled_paper_only_no_execution,True,capture_20260925T173028987442Z_36167121744_1_5c5c07ab740c,matchup_bd37b6457569db68ac2f9d98f3c91207a45248f8fc97c57786bba8dce606713e,,7e654edcddd71550,7af33fc4435017f1,d8c811df0386d5e8,2026-09-26,timestamp,2026-09-26T21:10:00.000000Z,2026-09-25T17:30:29.317988Z,2026-09-25T17:30:29.317988Z,0.0,300.0,ec110a29cdaaac4719ff353678f1c6dda8e718d808413628638acab23f7325c8,1380ef0a6927d3c229a052566a90211d49c4aced6a0e59c18de8eba4ddeaa8b5,5dd932368b602367c5e383545a8599db0efbbe1fefee64a00736ab3c4d10e6a7,e4113b1ea477d7f2641c,0.0,0.24660252082906126,0.5720518408,0.24660252082906126,0.05,310,-395,0.24390243902439024,0.797979797979798,0.0027000818046710173,-0.04458231880885921,0.011070335399151032,-0.055868981798443795,pass,,,0.0
1,ee069e7282c416b19aaae8088ad9b2ad9ef4a1c40e5b2d8fc82f60bf786f21ee,disabled_paper_only_no_execution,True,capture_20260925T173028987442Z_36167121744_1_5c5c07ab740c,matchup_77abcf3c53b775efe29136d638e75a9874c26ecf33cd29728d274597c66b3704,,7e654edcddd71550,1897b7b913736a7c,5fa2974cbd18e05c,2026-09-26,timestamp,2026-09-26T21:10:00.000000Z,2026-09-25T17:30:29.317988Z,2026-09-25T17:30:29.317988Z,0.0,300.0,3deaa930c8852f0715f3519707d0eb0ea9fb9f0cad95e34052a876f92d940fd9,4a145ef22643910ca5da8dbbcf39c120c6781ae41622548055073ccbfd4a63e2,255bb605a17bfd4c04a3d97703e339bd7507a22f76d2f7b276fc1c1ebdd28275,e4113b1ea477d7f2641c,0.0,0.24730877246484995,0.30709780529999997,0.24730877246484997,0.05,320,-410,0.23809523809523808,0.803921568627451,0.009213534369611892,-0.05123034109230096,0.038696844352369864,-0.06372554623676452,pass,,,0.0
1,f1e6e40862d3afb88d70b4830fdb17c8624059dfa484514cf5a63aa25cafc4ec,disabled_paper_only_no_execution,True,capture_20260925T173028987442Z_36167121744_1_5c5c07ab740c,matchup_e6fbd5b4ed13b05288ca09bebeb9979c204884c0b08d8693b89a0d3ae9faae5a,,7e654edcddd71550,5987b2458f4b5290,cc1a8b4b38b92c6d,2026-09-26,timestamp,2026-09-26T21:10:00.000000Z,2026-09-25T17:30:29.317988Z,2026-09-25T17:30:29.317988Z,0.0,300.0,b245443ffc0849422429ae59080c56e871acce3d6a7a6f1462acdb63ea5bbaa9,1895c6e1980967cfc3c9ce2944caeff77e1cbcbdf029e0fd1633ee7c71141aaa,1ed0403ef5a2219812b6d614230189f9ba51af50e7686f4c6a324f2bd08dfdfd,e4113b1ea477d7f2641c,0.0,0.3532297746976462,0.3566067304,0.35322977469764627,0.05,181,-215,0.35587188612099646,0.6825396825396826,-0.0026421114233501908,-0.03576945723732883,-0.007424333099613989,-0.05240641409190039,pass,,,0.0
1,1ed6465b6efaa85b236882a9f47100e55f0c8ab34745aaf92ba58318c28eb5d4,disabled_paper_only_no_execution,True,capture_20261002T172501815118Z_37040065812_1_0325902cf9ee,matchup_f84fdeccea811e8a8d8d7634ec81040e40757e251636341c6e5e24a26fe1c2d1,,ad3fdba28a7540cf,2558ae2e5671e318,5a229cbd9cdd28ca,2026-10-03,timestamp,2026-10-03T21:20:00.000000Z,2026-10-02T17:25:02.082379Z,2026-10-02T17:25:02.082379Z,0.0,300.0,b76a1e985fc30c19e406b80e02d039f1aff34c4afdaca914706b031f1a7df74a,002df4f29b2d0f8880db7c18d96ef85f6d2e558aa57125ecb5f4b2305b315e8d,9b9e51580a9fe492cbe35c9272674264e1a43e60206051c19c0880253d7a86d7,943fc1ab01ef1bf51da0,0.0,0.3090567618014359,0.9817119287,0.3090567618014359,0.05,184,-216,0.352112676056338,0.6835443037974683,-0.04305591425490213,0.007398934401095736,-0.12227879648392215,0.010824366994195644,pass,,,0.0
1,2bcd664518e6fa4f07b3d3f9923916a2ae87915bb1d9edeab432f4bb145442f1,disabled_paper_only_no_execution,True,capture_20261002T172501815118Z_37040065812_1_0325902cf9ee,matchup_03086047eba4d3b8053fce964b47c70aa4cc3ea154511951d73e1508fefec1b2,,ad3fdba28a7540cf,323d4ca260dfa0ba,887961364be5ceb3,2026-10-03,timestamp,2026-10-03T21:20:00.000000Z,2026-10-02T17:25:02.082379Z,2026-10-02T17:25:02.082379Z,0.0,300.0,cf73cb5a8deff42cfbb7979863bd11c2553d904b1ebf86726541f675616bf9e0,fd198be8b086e2b406c41692a41ad5e490a614e79d37f7b3e79f613935cedfb3,dc89800ab527c7033cd2a5997c794c1dd3802a9f4c1cb6bf39f37081345ca542,943fc1ab01ef1bf51da0,0.0,0.671913199026787,0.5267977563999999,0.671913199026787,0.05,-215,183,0.6825396825396826,0.35335689045936397,-0.010626483512895524,-0.025270089486151004,-0.015569033984009772,-0.07151435324580724,pass,,,0.0
1,48dbee7553df190f1ece6b127ae6195d780775047947c0001db48493cdde1134,disabled_paper_only_no_execution,True,capture_20261002T172501815118Z_37040065812_1_0325902cf9ee,matchup_ed41d7d1cb3097c77c7076f680f2cb3681e8e5c75938bd485e15ed89e97731bf,,ad3fdba28a7540cf,20e04625a5395a06,b34976c022b24568,2026-10-03,timestamp,2026-10-03T21:20:00.000000Z,2026-10-02T17:25:02.082379Z,2026-10-02T17:25:02.082379Z,0.0,300.0,4b25b89d9e4063c64f97a84cf733b542ecca759db8b151b3961a2696bd8f5aca,7d0fee25e18d6020289869e7d9dec896eb3861cc3c4bd9811f6cc6700247f32a,2d9dcf9c538e840b6c782c657bae06fd75a0ead64bf21cb4edcffd17178105c5,943fc1ab01ef1bf51da0,0.0,0.19565006739744562,0.007980534300000008,0.19565006739744564,0.05,450,-600,0.18181818181818182,0.8571428571428571,0.01383188557926382,-0.05279292454030271,0.07607537068595094,-0.06159174529701983,fighter,0.19565006739744564,450,1.0
1,583e1230ee98dbfb8ebc0399d3d799516b2e1e2eee2f9a85a716ed237c99f39a,disabled_paper_only_no_execution,True,capture_20261002T172501815118Z_37040065812_1_0325902cf9ee,matchup_47771d7cdbcd1a079df9c13cdaaefafabc66f27fe0f5a9955af59c7bcc43e4b5,,ad3fdba28a7540cf,5e9ca8dd7d783a75,6e8349a0a0476d60,2026-10-03,timestamp,2026-10-03T21:20:00.000000Z,2026-10-02T17:25:02.082379Z,2026-10-02T17:25:02.082379Z,0.0,300.0,f810043802917692f045981eaba50d68cc5d8bf84510eac91891a89b74293083,bdc7d3752017de4adc6b9f24532e09f822c1dfa17f3197c6f0df699d0a70f7e3,17f4a122095bc0682714cfb7e69f4b0fa877d24da904a6bf89066259bbe179bb,943fc1ab01ef1bf51da0,0.0,0.43473729975081404,0.6260903875999999,0.43473729975081404,0.05,115,-135,0.46511627906976744,0.574468085106383,-0.030378979318953392,-0.00920538485719713,-0.06531480553574986,-0.01602418845512088,pass,,,0.0
1,7a02724741597c9d992d0683d345a7b894127ad83fa7d9445f9c264dbe9b4227,disabled_paper_only_no_execution,True,capture_20261002T172501815118Z_37040065812_1_0325902cf9ee,matchup_2262ab8db3220297f56095b4d9b401e1da328c568e1c75089d05cb062284a744,,ad3fdba28a7540cf,22e07d3da1aa3475,fdd22e895a70e4a8,2026-10-03,timestamp,2026-10-03T21:20:00.000000Z,2026-10-02T17:25:02.082379Z,2026-10-02T17:25:02.082379Z,0.0,300.0,f354d7397933d1f5c7e86530db09637162f15a60294112c64452749d2d64f104,0f3fd9719ade70fea45c809b1173ee3de89afba5962e9d961fe4a0aa2c8fdc3a,ca75150d557122a2c0f48ece734a99a8ea5404894737af57555f7881e5bf2778,943fc1ab01ef1bf51da0,0.0,0.19238701483715243,0.32719533319999994,0.19238701483715243,0.05,450,-600,0.18181818181818182,0.8571428571428571,0.010568833018970603,-0.04952987198000958,0.058128581604338425,-0.05778485064334449,fighter,0.19238701483715243,450,1.0
1,7edaa6edf8238bb5b44aed5754d5e001f8e68fa08394fe4b6cd11c6055eed1e2,disabled_paper_only_no_execution,True,capture_20261002T172501815118Z_37040065812_1_0325902cf9ee,matchup_b1e9339d567d33747815ea9ee232b8c84cb2ee38d345a6b3a0f442fb0ed390bc,,ad3fdba28a7540cf,6a96ad1bc34fb113,7acbb0972e75281a,2026-10-03,timestamp,2026-10-03T21:20:00.000000Z,2026-10-02T17:25:02.082379Z,2026-10-02T17:25:02.082379Z,0.0,300.0,91cdb1315e9c77e22418b8ee6a074d5483ee3fec49e3b42dbc21f55e6240825e,6f5c6fa0cd4bb768873d2795a7680817c7347b40e6a2fcdf88959f9878bd534b,323a95fc2aacba0607f9749580390f947b96ad9b8de3bcb786eec69738e50d8e,943fc1ab01ef1bf51da0,0.0,0.5590073245274528,0.621941165,0.5590073245274528,0.05,-145,125,0.5918367346938775,0.4444444444444444,-0.03282941016642471,-0.003451768971897251,-0.05547038269499349,-0.007766480186768843,pass,,,0.0
1,85653a5fe4e6da5bebacee7c43dd12f84ae75e20a5479ed2f4fcc64b58e9257f,disabled_paper_only_no_execution,True,capture_20261002T172501815118Z_37040065812_1_0325902cf9ee,matchup_45f81cc18a58b8e7b4de3d623dee6a0fa0c900c04c78e3ffa9d439c784117462,,ad3fdba28a7540cf,4419acb81e6f0ea4,c0ac37a4a1133da9,2026-10-03,timestamp,2026-10-03T21:20:00.000000Z,2026-10-02T17:25:02.082379Z,2026-10-02T17:25:02.082379Z,0.0,300.0,0c2c976b24789ff676bb2baffd6cd21604414c89334eb2841745bda56028abae,f25ab3dd528ca229c1582cd88c57b9e7592804dd751942434f326540edcfd848,c0e8c4ae69b0a32075dcb5414a31a3a28119cf565827f7000a2f25a17f30d738,943fc1ab01ef1bf51da0,0.0,0.20370125467959282,0.01734785119999993,0.2037012546795928,0.05,400,-535,0.2,0.84251968503937,0.003701254679592786,-0.046220939718962795,0.018506273397963957,-0.05486036770381575,pass,,,0.0
1,a4b680ca410d0514dc8e3dad0e337a51d3cb50b378cd5060f035cf0df47e4715,disabled_paper_only_no_execution,True,capture_20261002T172501815118Z_37040065812_1_0325902cf9ee,matchup_ae0ef3e530a55bf48ed14f36581c97d6bdd70675620ae2bc4f9937ffe3a70da3,,ad3fdba28a7540cf,523fa774700d7d3f,64b12fe31be7560c,2026-10-03,timestamp,2026-10-03T21:20:00.000000Z,2026-10-02T17:25:02.082379Z,2026-10-02T17:25:02.082379Z,0.0,300.0,68796d38a191adffe27287000a7d2e8bac81e3f58be975e5c92ab380a7551be6,43aa85711484e4b44510beeee5e0b0edbd403f8c92daa67517b2f8be2bfb5eb0,34af50449d445879d2f754d0a94cccd187d02f21354afd16cc29ecccb9a492a3,943fc1ab01ef1bf51da0,0.0,0.3264744339609993,0.2292090351,0.3264744339609993,0.05,210,-260,0.3225806451612903,0.7222222222222222,0.003893788799708975,-0.0486966561832215,0.012070745279097794,-0.06742613933061448,pass,,,0.0
1,dad7847c675386328f14afe0c7fa14e39bb7bedcf8cbd2421876a44315b48d12,disabled_paper_only_no_execution,True,capture_20261002T172501815118Z_37040065812_1_0325902cf9ee,matchup_2af7bc98c3d9b6e7473054b59710c038af09974d8f8ab4201ae8b92e6a32cc1b,,ad3fdba28a7540cf,6c39d016053601ee,85497ffd934ecf7e,2026-10-03,timestamp,2026-10-03T21:20:00.000000Z,2026-10-02T17:25:02.082379Z,2026-10-02T17:25:02.082379Z,0.0,300.0,0f4037390097ba37aa8963b43edbef3945258ae952f3cc86c4b3ae15e1791c78,41d02748b701c57db58ed36c015c4b21f3c32eac8d71424153ba848bef775961,2963ab3906cd53feb5403d379c67c793cdab2b7c12448938fbefa6a1cf26022d,943fc1ab01ef1bf51da0,0.0,0.13538747578525023,0.00706566349999993,0.13538747578525026,0.05,661,-1000,0.1314060446780552,0.9090909090909091,0.003981431107195066,-0.044478384876159294,0.03029869072575453,-0.04892622336377517,pass,,,0.0
1,db862475717c9ca7a49f0abe1ad1e31884a9c8f554e5b438503dfe64c365548b,disabled_paper_only_no_execution,True,capture_20261002T172501815118Z_37040065812_1_0325902cf9ee,matchup_4811f9d3f9bbc6c0085c39682d7c0cc84ddb3131c2e89dc00d9fe12cbb965472,,ad3fdba28a7540cf,262d32ebda89efc4,2997e7fe3c9d3d4a,2026-10-03,timestamp,2026-10-03T21:20:00.000000Z,2026-10-02T17:25:02.082379Z,2026-10-02T17:25:02.082379Z,0.0,300.0,3c1fcc238e7b37a9a38ef5b185cf8c36a5c1515c71767b9abd9eaee59852fde1,228b37a4ee60e8f90134f0e6d0cfe3e3959862f461d835ae479dd1044f092f61,d962466fd694999ffdbe2927e329597ab426a9a79386fd040acca23b17fe9a91,943fc1ab01ef1bf51da0,0.0,0.6432147328539611,0.6999651386,0.6432147328539611,0.05,-220,180,0.6875,0.35714285714285715,-0.044285267146038865,-0.00035758999681828607,-0.06441493403060194,-0.0010012519910912454,pass,,,0.0
1,e308225e514043117d08a13615ff6c3a308b2b471847406deaa91650eec91894,disabled_paper_only_no_execution,True,capture_20261002T172501815118Z_37040065812_1_0325902cf9ee,matchup_2f017da39e97cecb240cde1f4cc8bd428e1f1ba43c6fe898e2ed8a48bb787fb5,,ad3fdba28a7540cf,2f815ed5f8278ba6,9d83f6da776ff7d6,2026-10-03,timestamp,2026-10-03T21:20:00.000000Z,2026-10-02T17:25:02.082379Z,2026-10-02T17:25:02.082379Z,0.0,300.0,c87ec7b258aa1fb2acef33ffd765c205cc8253c1e04c750e03618a9f3a7e23b6,599e11429a0622b4826154cd96dd80fe70f3e9881edfba6024c8cf46d69c9ad2,766110c07a053d1eefcd3c735ffe46dee4d6fb5d6baf3566b149f9864e39bedb,943fc1ab01ef1bf51da0,0.0,0.6757840816478962,0.7611231383,0.6757840816478962,0.05,-270,222,0.7297297297297297,0.3105590062111801,-0.05394564808183355,0.013656912140923738,-0.07392551774177203,0.04397525709377437,pass,,,0.0
1,f2cc35db007eef52bc204ebe8e04dc10d2bc6b23a89bb2445425fa08fe3d0246,disabled_paper_only_no_execution,True,capture_20261002T172501815118Z_37040065812_1_0325902cf9ee,matchup_7d336af9109719eb87c6700a284cb685965411a9a8b650072f0e59998fa0c99b,,ad3fdba28a7540cf,6e743a33d56bdaa4,aa72b0f831d0bfe5,2026-10-03,timestamp,2026-10-03T21:20:00.000000Z,2026-10-02T17:25:02.082379Z,2026-10-02T17:25:02.082379Z,0.0,300.0,790d0d67b93bb6f23a01d629f970f25a4235b666026882e0c94c12ea8ac30eff,2344ebb5bf5c7ae059d17dd1dd029edf73ee5fbf2070e5fd10ead2b45946aeba,5aa4785c6ddeacdb88d700cd54e6314bc84c32c757b0943762acd29a1b5e7e5a,943fc1ab01ef1bf51da0,0.0,0.837385727194931,0.7816378539,0.837385727194931,0.05,-850,596,0.8947368421052632,0.14367816091954022,-0.05735111491033218,0.018936111885528795,-0.06409830489978297,0.13179533872328042,opponent,0.16261427280506902,596,1.0
1,21347cb14dbea4519284ae9f1454cca9aa5b1b10a652002f4b0b775a19ff2881,disabled_paper_only_no_execution,True,capture_20261009T172147802053Z_37965422108_1_b046294951c1,matchup_e1995d7bf8ef963edca8edab8e2fb6dbca663fbcaa7de8259ecc8a0ca98916a5,,7f98d9d5a10fa25c,a4a80dd7336ffd59,e4faa79383c9f214,2026-10-10,timestamp,2026-10-10T21:15:00.000000Z,2026-10-09T17:21:48.094687Z,2026-10-09T17:21:48.094687Z,0.0,300.0,1fe758ebcc27f62aa44e9503fb4892a08064317be75791abc002ac20bc343a73,00e31ba75ace6f3b0b944fe9469f0a0fcc34b3529151a41a8d22ed0d410ef613,c10a207723d5a1efa77308cf8a3bc1064d56be2a003cb96f40bd9664dfb38f5b,47ee3bc302e84e048137,0.0,0.5122052401065191,0.5371886239999999,0.5122052401065191,0.05,-125,107,0.5555555555555556,0.4830917874396135,-0.04335031544903645,0.00470297245386736,-0.07803056780826556,0.009735152979505557,pass,,,0.0
1,3e6b7d4f6d5835b469899ebc5f8119c47925355d3d700f4cbf77bb07053d8320,disabled_paper_only_no_execution,True,capture_20261009T172147802053Z_37965422108_1_b046294951c1,matchup_5350e3108f063f484783274acc3c6f0fe64dc5d72cd2b3592189b7b5c827c5b1,,7f98d9d5a10fa25c,2e45d08b3f2f02c8,b9124c308671e303,2026-10-10,timestamp,2026-10-10T21:15:00.000000Z,2026-10-09T17:21:48.094687Z,2026-10-09T17:21:48.094687Z,0.0,300.0,7b6ffa5f4a3dba181b12ac13c22684d5ccb7c3472e81cc6b54e2381368edf433,f32eae45d58b4994c4a12b2767e3deea857039009e0975e5a7be11feb043a8b3,fb016b58727aa6e01c7590b6282265b77cc35372a78c6e3479d14bbe9e494709,47ee3bc302e84e048137,0.0,0.6496788873975532,0.4029257007,0.6496788873975532,0.05,-225,185,0.6923076923076923,0.3508771929824561,-0.042628804910139095,-0.0005560803800093161,-0.06157494042575651,-0.0015848290830265954,pass,,,0.0
1,4407605b19474aa4a47cf1c5dfb85e59f753b8c904225981c5183cc95a0dbdc7,disabled_paper_only_no_execution,True,capture_20261009T172147802053Z_37965422108_1_b046294951c1,matchup_b9f14afd48d3dff974055c857c24935e120f4b38020c5d1a2d3543ee496a17b9,,7f98d9d5a10fa25c,3920d0cc288f9b0d,eb393afdbe3293d5,2026-10-10,timestamp,2026-10-10T21:15:00.000000Z,2026-10-09T17:21:48.094687Z,2026-10-09T17:21:48.094687Z,0.0,300.0,eb5d2f3618667c7811a71145ef02ff64a1c8f09d35b6b92877fb8c3317cd33c6,d959357758e91d4ff1f5338441481c42a2e283f9cb097147718860944664f781,74221f7fa3993fc0fc85b9818cc8539d17b550b3fade884acb5ce15d7e240463,47ee3bc302e84e048137,0.0,0.5269373723402736,0.6515040078000001,0.5269373723402736,0.05,-125,107,0.5555555555555556,0.4830917874396135,-0.028618183215281978,-0.010029159779887109,-0.05151272978750754,-0.02076036074436627,pass,,,0.0
1,59d9764fa7acff01e2586d93615014b38db0cce6bc1ac87c797f172f7a1950fe,disabled_paper_only_no_execution,True,capture_20261009T172147802053Z_37965422108_1_b046294951c1,matchup_76785daf326c3fa54c9333930072e02259b0fabee70f182f6a2924f929cac690,,7f98d9d5a10fa25c,49edd0d90f60fb7d,e564146b9cf6dbef,2026-10-10,timestamp,2026-10-10T21:15:00.000000Z,2026-10-09T17:21:48.094687Z,2026-10-09T17:21:48.094687Z,0.0,300.0,c1a69819b0b651e4bc704867da64860e0412375fd0fa62e46c56644242f1fbe9,d0cf4a3dce83356767890053bc21524f19281f65f0da06c2a348d2804616378b,d8e97dcf722c9ec10a2c7c8bb2b503b74b5ae726cb3449cf06f2ddf107a007e3,47ee3bc302e84e048137,0.0,0.2495156547885255,0.17955723540000001,0.2495156547885255,0.05,323,-405,0.2364066193853428,0.801980198019802,0.0131090354031827,-0.05149585280832758,0.055451219755462855,-0.06421087819309979,fighter,0.2495156547885255,323,1.0
1,630d4c1f17c131fa372ed1f02ff5f3df5f92e64797056e48e221b12ed85356a7,disabled_paper_only_no_execution,True,capture_20261009T172147802053Z_37965422108_1_b046294951c1,matchup_f60b0e8b92d59f3c979c349b7c7d0a0be344d9fadda483656c34bef0f0599935,,7f98d9d5a10fa25c,9eed2bcc9e0b92af,d8da10db80131bec,2026-10-10,timestamp,2026-10-10T21:15:00.000000Z,2026-10-09T17:21:48.094687Z,2026-10-09T17:21:48.094687Z,0.0,300.0,9869f8ba0a63dbb3ed6e37349b5ec273b59658fdc2f5d3c86c8a81b904f77b4e,14c4cbf9bf920bbd698674308958f0fce4523d0e113915995c819889121f5173,295512f0d56afdaf833fc33dd17a5002390db957148355ada4f808eee44cf7d2,47ee3bc302e84e048137,0.0,0.5714731052665226,0.7584098436,0.5714731052665226,0.05,-155,132,0.6078431372549019,0.43103448275862066,-0.03637003198837929,-0.0025075880251432814,-0.05983456875507576,-0.0058176042183323284,pass,,,0.0
1,72400312c9423f509c60ba7d8504823760120261ad808d37a5420aa3647ee464,disabled_paper_only_no_execution,True,capture_20261009T172147802053Z_37965422108_1_b046294951c1,matchup_3815313d75461ad4f580e31d97b34c4f96a2b95e7feaa9dad6f1b1598a4ae6d4,,7f98d9d5a10fa25c,4c88a1db5a46c6a4,72f890c5d421e705,2026-10-10,timestamp,2026-10-10T21:15:00.000000Z,2026-10-09T17:21:48.094687Z,2026-10-09T17:21:48.094687Z,0.0,300.0,377a41e14d8e7e76a59a07e8cc28f5303e61ee45f9b4ea476cf441fdb9683ba4,b20968ca2f4ad474e56d1f42d35c98a3cbcdc6f47c2842ef8d89d9b6385c52dc,b4fa458051889e98ec7075028f422a310986e347edac503652ddf80e189d8ea0,47ee3bc302e84e048137,0.0,0.3733263538178415,0.2674709170999999,0.3733263538178415,0.05,165,-200,0.37735849056603776,0.6666666666666666,-0.004032136748196247,-0.039993020484508146,-0.010685162382719993,-0.059989530726762275,pass,,,0.0
1,823aa9301c92bcdae977ca3faa4adac0ce0219fbedc464532c84a92fbb1f96b6,disabled_paper_only_no_execution,True,capture_20261009T172147802053Z_37965422108_1_b046294951c1,matchup_492f585054460be1337a231c1e29704b8323c9cbbdc460e186c9be0eb3f3526d,,7f98d9d5a10fa25c,73a78713bd899f4c,e03187ec8b5b6abc,2026-10-10,timestamp,2026-10-10T21:15:00.000000Z,2026-10-09T17:21:48.094687Z,2026-10-09T17:21:48.094687Z,0.0,300.0,71eab4bbb059e19d8fc34f672e206e9d4baa99690b3c5c94555da6471c65d2bc,94282bdcc8234082ded8acb41df86fc167da34064cd973fa77bfc68b277465f2,0ce84bb41dc37ec30e000441173c7e9e07eaed04fbb7d1c4c46f8a164b181ab1,47ee3bc302e84e048137,0.0,0.2600826238364599,0.34786694830000003,0.2600826238364599,0.05,290,-360,0.2564102564102564,0.782608695652174,0.0036723674262035266,-0.042691319488633916,0.014322232962193704,-0.054550019346587764,pass,,,0.0
1,be94251b787c46003de9959e87dc0a246ba19fb0c521ea22f57898d7ab855900,disabled_paper_only_no_execution,True,capture_20261009T172147802053Z_37965422108_1_b046294951c1,matchup_2916e2a1137a9f46867912975d53d3cc382cc9c8a0a4f6f60aea1af78eedc5b9,,7f98d9d5a10fa25c,2f181c0467965b98,a93f94c923c3a9cb,2026-10-10,timestamp,2026-10-10T21:15:00.000000Z,2026-10-09T17:21:48.094687Z,2026-10-09T17:21:48.094687Z,0.0,300.0,d4e1f77f9baf9a6bcf24ecfd9674365566ae93f206254283b372476750edfb5f,417c4825574445e1eb32e3406c4e5fab923d209533567a4d019786592ba72793,9ce1e360a02883fe0168f775f608402ec964cbef16aaca4ef13423160ebca711,47ee3bc302e84e048137,0.0,0.5251555190810682,0.4101680961,0.5251555190810682,0.05,-134,110,0.5726495726495726,0.47619047619047616,-0.047494053568504446,-0.0013459952715443313,-0.08293737712708993,-0.002826590070243107,pass,,,0.0
1,d4e345295704d6cf799e5d7113e3e37fe8ed8b973de411f17ab591d9f846f546,disabled_paper_only_no_execution,True,capture_20261009T172147802053Z_37965422108_1_b046294951c1,matchup_5a7aced940bbc65d40cfaec54ebe112b336024fb40707c1f173f344a1bbd703c,,7f98d9d5a10fa25c,6ac9bc2953c47345,6add18754930182b,2026-10-10,timestamp,2026-10-10T21:15:00.000000Z,2026-10-09T17:21:48.094687Z,2026-10-09T17:21:48.094687Z,0.0,300.0,3dd4e6efb8c09d38ddd3e1602730e4b142ed57bc7dde06d35ebe11b7f8ded325,b99dd4803d09c77baa6c08298d380efbac0cda8358b9f374982adadf91c407c5,a5e11c884f5458d470a420f57dbbb9af2b0b1bb005e186370245c602e97d03da,47ee3bc302e84e048137,0.0,0.2829411098083438,0.25205906499999997,0.2829411098083438,0.05,247,-300,0.2881844380403458,0.75,-0.00524332823200202,-0.03294110980834386,-0.018194348965046903,-0.04392147974445848,pass,,,0.0
1,f83347a6024d78afef7fa1742bf6d468555ed901d7f20f21e224f7f144c35e5f,disabled_paper_only_no_execution,True,capture_20261009T172147802053Z_37965422108_1_b046294951c1,matchup_a898945dda470deeab1a6f9b1aaa43150af371b375b91df555ae4e1e463abb9b,,7f98d9d5a10fa25c,8bd4200561c77a62,8e5d953bdb9ae5e7,2026-10-10,timestamp,2026-10-10T21:15:00.000000Z,2026-10-09T17:21:48.094687Z,2026-10-09T17:21:48.094687Z,0.0,300.0,67d9b2e2cc8a3a0eb6aefc00cc8d805ccf74ce052c30a17e553fbb54e2f52352,4abdd00de09f74821c4e3b90f11fca7dc5f66e2361cdc66ec9ce96213e3203d9,1c2343603571d65a831838545414b78bc46a64cdee17a64fa0b228615505488b,47ee3bc302e84e048137,0.0,0.32688015162512013,0.5078400918,0.32688015162512013,0.05,198,-250,0.33557046979865773,0.7142857142857143,-0.008690318173537603,-0.041165865910834376,-0.025897148157142058,-0.057632212275168127,pass,,,0.0
