schema_version,quote_id,capture_id,matchup_id,fight_id,event_id,fighter_id,opponent_id,fighter_name,opponent_name,event_date,timing_precision,event_start_utc,observed_at_utc,quote_first_seen_at_utc,source,book,fighter_moneyline,opponent_moneyline,fighter_implied_probability,opponent_implied_probability,overround,no_vig_fighter_probability,source_payload_sha256
1,038f05d2e2e5a47c936e49e519558efcc515e8242a6a676da98dbe7a0c56494f,capture_20260821T040952153014Z_32445877287_1_21d2fbdf2fb6,matchup_d3057e06ce72d9d426192e08d0d671361d06fc52181a58554253d713bb947db0,,a0a69dc9914ef6e1,c85bad793cd14e28,d958ed9e5a08c849,Marcio Barbosa,Ryan Kuse,2026-08-22,date,,2026-08-21T04:09:52.419909Z,2026-08-21T04:09:52.419909Z,the-odds-api.com,BetRivers,-1000,600,0.9090909090909091,0.14285714285714285,1.051948051948052,0.8641975308641975,bbf30f96d8234812eee2199224f137aaefe623d2187a7cb50f8ed783daf0b649
1,04fdd7841a84c36ed10e716d2bf869c832c37575bda462cbe677ae6015d32307,capture_20260821T040952153014Z_32445877287_1_21d2fbdf2fb6,matchup_4c03993f07ac33b8ae81fd66c8b4c39f26474009ae11e6dcbcb4c942c33e8f6f,,a0a69dc9914ef6e1,06626b6287e1ae1e,b7b84ccd221be298,Chris Padilla,Nasrat Haqparast,2026-08-22,date,,2026-08-21T04:09:52.419909Z,2026-08-21T04:09:52.419909Z,the-odds-api.com,BetUS,-105,-115,0.5121951219512195,0.5348837209302325,1.0470788428814521,0.4891657638136511,bbf30f96d8234812eee2199224f137aaefe623d2187a7cb50f8ed783daf0b649
1,059f9f887d9efddfaa5897b310d29d938917d89744993bd3d47d04bc8cb15574,capture_20260821T040952153014Z_32445877287_1_21d2fbdf2fb6,matchup_564b24b09c16a5d3d71c2e1db2bb03effe03df5c7e291ae2c10b973d56f78dfa,,a0a69dc9914ef6e1,5be51426ff3c1929,b2a78df161bd67f9,Stan Dorsainvil,Gauge Young,2026-08-22,date,,2026-08-21T04:09:52.419909Z,2026-08-21T04:09:52.419909Z,the-odds-api.com,Bally Bet,128,-159,0.43859649122807015,0.6138996138996139,1.052496105127684,0.41672029862273136,bbf30f96d8234812eee2199224f137aaefe623d2187a7cb50f8ed783daf0b649
1,06489fe243e334c97302bf165d7041fc26d742c139cd6e979f4d516d2eef4d0f,capture_20260821T040952153014Z_32445877287_1_21d2fbdf2fb6,matchup_564b24b09c16a5d3d71c2e1db2bb03effe03df5c7e291ae2c10b973d56f78dfa,,a0a69dc9914ef6e1,5be51426ff3c1929,b2a78df161bd67f9,Stan Dorsainvil,Gauge Young,2026-08-22,date,,2026-08-21T04:09:52.419909Z,2026-08-21T04:09:52.419909Z,the-odds-api.com,Bovada,140,-165,0.4166666666666667,0.6226415094339622,1.0393081761006289,0.40090771558245086,bbf30f96d8234812eee2199224f137aaefe623d2187a7cb50f8ed783daf0b649
1,0654031f56d4710f88df1559820ef189f6e0adb3ceb01154a853490e09cd6ed4,capture_20260821T040952153014Z_32445877287_1_21d2fbdf2fb6,matchup_d628bb58b0c90e5d3f480b744bc8679bc4858110672f89746bbd8d85f07e21f6,,a0a69dc9914ef6e1,71171fc96445bf65,e2f6b2769aaedd6c,Vitor Petrino,Serghei Spivac,2026-08-22,date,,2026-08-21T04:09:52.419909Z,2026-08-21T04:09:52.419909Z,the-odds-api.com,Bovada,-142,122,0.5867768595041323,0.45045045045045046,1.0372273099545828,0.5657167468236307,bbf30f96d8234812eee2199224f137aaefe623d2187a7cb50f8ed783daf0b649
1,070be5c3122c6d41a67546652739708e1a34030510493f9799b2a96f8246023f,capture_20260821T040952153014Z_32445877287_1_21d2fbdf2fb6,matchup_4c03993f07ac33b8ae81fd66c8b4c39f26474009ae11e6dcbcb4c942c33e8f6f,,a0a69dc9914ef6e1,06626b6287e1ae1e,b7b84ccd221be298,Chris Padilla,Nasrat Haqparast,2026-08-22,date,,2026-08-21T04:09:52.419909Z,2026-08-21T04:09:52.419909Z,the-odds-api.com,Bally Bet,100,-124,0.5,0.5535714285714286,1.0535714285714286,0.4745762711864407,bbf30f96d8234812eee2199224f137aaefe623d2187a7cb50f8ed783daf0b649
1,07472b85db5ab9369c0ddeb54eade5ec8e8dbd603cbf9f6c46c8ba8cb65658c6,capture_20260821T040952153014Z_32445877287_1_21d2fbdf2fb6,matchup_b8b3107093e97e3246a7af79a6851dcba8bd810a295a6759bd6d28b78f753335,,a0a69dc9914ef6e1,3eeec2f53cebdf12,b4443fae47e7eb9d,Jackson McVey,Wes Schultz,2026-08-22,date,,2026-08-21T04:09:52.419909Z,2026-08-21T04:09:52.419909Z,the-odds-api.com,betPARX,-180,143,0.6428571428571429,0.411522633744856,1.0543797766019989,0.6097017005854475,bbf30f96d8234812eee2199224f137aaefe623d2187a7cb50f8ed783daf0b649
1,09cb4f78423b6e54916f12848af85c1f7c0f34e2b3fe8b323925883c75db8874,capture_20260821T040952153014Z_32445877287_1_21d2fbdf2fb6,matchup_4c03993f07ac33b8ae81fd66c8b4c39f26474009ae11e6dcbcb4c942c33e8f6f,,a0a69dc9914ef6e1,06626b6287e1ae1e,b7b84ccd221be298,Chris Padilla,Nasrat Haqparast,2026-08-22,date,,2026-08-21T04:09:52.419909Z,2026-08-21T04:09:52.419909Z,the-odds-api.com,DraftKings,-102,-118,0.504950495049505,0.5412844036697247,1.0462348987192298,0.4826358742837298,bbf30f96d8234812eee2199224f137aaefe623d2187a7cb50f8ed783daf0b649
1,0bafe28ddadcda2daed47530f0df9ec60b6d9a143c659a44533102ac1d271427,capture_20260821T040952153014Z_32445877287_1_21d2fbdf2fb6,matchup_ff8fe821f0bf7db65c0f5918339e7534290ecc001f4a1ccd0cd954294f76f759,,a0a69dc9914ef6e1,093e1f5bb73850be,d1c65d2cf2925ddd,Anthony Hernandez,Gregory Rodrigues,2026-08-22,date,,2026-08-21T04:09:52.419909Z,2026-08-21T04:09:52.419909Z,the-odds-api.com,BetRivers,-186,150,0.6503496503496503,0.4,1.0503496503496503,0.6191744340878828,bbf30f96d8234812eee2199224f137aaefe623d2187a7cb50f8ed783daf0b649
1,0fb3051fd0b8de1317c6968761163e1efbe0b2f341a0445b04d74592ac3fe632,capture_20260821T040952153014Z_32445877287_1_21d2fbdf2fb6,matchup_f02d13336e28fd11d4d67ce3b551ef79a82807effcfdfa6987ffff00233b14ae,,a0a69dc9914ef6e1,8061a3136026a673,f1ab6f37492c630a,Jeisla Chaves,Carli Judice,2026-08-22,date,,2026-08-21T04:09:52.419909Z,2026-08-21T04:09:52.419909Z,the-odds-api.com,Bally Bet,360,-530,0.21739130434782608,0.8412698412698413,1.0586611456176673,0.20534550195567144,bbf30f96d8234812eee2199224f137aaefe623d2187a7cb50f8ed783daf0b649
1,10fa70e693ab93a5e1ea4f75d86e029545d92b60c2b77b5bbd70136523ccad1f,capture_20260821T040952153014Z_32445877287_1_21d2fbdf2fb6,matchup_d628bb58b0c90e5d3f480b744bc8679bc4858110672f89746bbd8d85f07e21f6,,a0a69dc9914ef6e1,71171fc96445bf65,e2f6b2769aaedd6c,Vitor Petrino,Serghei Spivac,2026-08-22,date,,2026-08-21T04:09:52.419909Z,2026-08-21T04:09:52.419909Z,the-odds-api.com,BetAnything,-145,115,0.5918367346938775,0.46511627906976744,1.056953013763645,0.5599461158509206,bbf30f96d8234812eee2199224f137aaefe623d2187a7cb50f8ed783daf0b649
1,1141de13ff02c90ab0bca6d330035c3d5d8247c0b35e2d9668f0efe51850b2df,capture_20260821T040952153014Z_32445877287_1_21d2fbdf2fb6,matchup_240a006adfc1849d47645e66ebc57cbc6f91d7c8144d48635ac4007950c16f48,,a0a69dc9914ef6e1,6747ccd6d1acd266,8667caa0451d245b,Shamil Gaziev,Kennedy Nzechukwu,2026-08-22,date,,2026-08-21T04:09:52.419909Z,2026-08-21T04:09:52.419909Z,the-odds-api.com,FanDuel,-144,118,0.5901639344262295,0.45871559633027525,1.0488795307565049,0.562661313449957,bbf30f96d8234812eee2199224f137aaefe623d2187a7cb50f8ed783daf0b649
1,1187d0563a1e403bde0ba7b6739d570033f47000855a175c9e8bd2316fc37d66,capture_20260821T040952153014Z_32445877287_1_21d2fbdf2fb6,matchup_f02d13336e28fd11d4d67ce3b551ef79a82807effcfdfa6987ffff00233b14ae,,a0a69dc9914ef6e1,8061a3136026a673,f1ab6f37492c630a,Jeisla Chaves,Carli Judice,2026-08-22,date,,2026-08-21T04:09:52.419909Z,2026-08-21T04:09:52.419909Z,the-odds-api.com,FanDuel,410,-590,0.19607843137254902,0.855072463768116,1.051150895140665,0.186536901865369,bbf30f96d8234812eee2199224f137aaefe623d2187a7cb50f8ed783daf0b649
1,11a29b89a3069502db3d1cb6a16c1d575332d3f92d0aaaf83a2082376f64d2da,capture_20260821T040952153014Z_32445877287_1_21d2fbdf2fb6,matchup_5730dbcc9e78781d742f558f3f53256730837650eeeaf894ac53e8987a994db1,,a0a69dc9914ef6e1,640a0f838f057a81,e00a3dee329a51f7,Lerryan Douglas,Jamall Emmers,2026-08-22,date,,2026-08-21T04:09:52.419909Z,2026-08-21T04:09:52.419909Z,the-odds-api.com,Hard Rock Bet,-400,300,0.8,0.25,1.05,0.7619047619047619,bbf30f96d8234812eee2199224f137aaefe623d2187a7cb50f8ed783daf0b649
1,132e0f10fae376f0bc870d765c7f98ea7129f8c4abaa1e8c137ec82da5f6ef50,capture_20260821T040952153014Z_32445877287_1_21d2fbdf2fb6,matchup_240a006adfc1849d47645e66ebc57cbc6f91d7c8144d48635ac4007950c16f48,,a0a69dc9914ef6e1,6747ccd6d1acd266,8667caa0451d245b,Shamil Gaziev,Kennedy Nzechukwu,2026-08-22,date,,2026-08-21T04:09:52.419909Z,2026-08-21T04:09:52.419909Z,the-odds-api.com,DraftKings,-135,114,0.574468085106383,0.4672897196261682,1.0417578047325513,0.551441114716549,bbf30f96d8234812eee2199224f137aaefe623d2187a7cb50f8ed783daf0b649
1,13c0daf031fda445ef2512c948423bc2bedc342c57fa9b2188aba46b1803ddc7,capture_20260821T040952153014Z_32445877287_1_21d2fbdf2fb6,matchup_b8b3107093e97e3246a7af79a6851dcba8bd810a295a6759bd6d28b78f753335,,a0a69dc9914ef6e1,3eeec2f53cebdf12,b4443fae47e7eb9d,Jackson McVey,Wes Schultz,2026-08-22,date,,2026-08-21T04:09:52.419909Z,2026-08-21T04:09:52.419909Z,the-odds-api.com,BetOnline.ag,-170,149,0.6296296296296297,0.40160642570281124,1.031236055332441,0.6105581999134574,bbf30f96d8234812eee2199224f137aaefe623d2187a7cb50f8ed783daf0b649
1,15b4dbb40ec70b0d4e3b4680bb73bd77de26348b51eae036c08983bc4215a42b,capture_20260821T040952153014Z_32445877287_1_21d2fbdf2fb6,matchup_b8b3107093e97e3246a7af79a6851dcba8bd810a295a6759bd6d28b78f753335,,a0a69dc9914ef6e1,3eeec2f53cebdf12,b4443fae47e7eb9d,Jackson McVey,Wes Schultz,2026-08-22,date,,2026-08-21T04:09:52.419909Z,2026-08-21T04:09:52.419909Z,the-odds-api.com,Bally Bet,-180,143,0.6428571428571429,0.411522633744856,1.0543797766019989,0.6097017005854475,bbf30f96d8234812eee2199224f137aaefe623d2187a7cb50f8ed783daf0b649
1,192ed7647f13fefdedb4c603e0515a9987e574c013f6599a49bc36ee907558b4,capture_20260821T040952153014Z_32445877287_1_21d2fbdf2fb6,matchup_68e6abbd2402f75a27fca169bbb4b6b4bd8efdf38b2c6172adc63c57c031d894,,a0a69dc9914ef6e1,e2be0c1a9b886d92,f6ad6a1e4d600e0d,MarQuel Mederos,Mason Jones,2026-08-22,date,,2026-08-21T04:09:52.419909Z,2026-08-21T04:09:52.419909Z,the-odds-api.com,FanDuel,235,-300,0.29850746268656714,0.75,1.0485074626865671,0.2846975088967971,bbf30f96d8234812eee2199224f137aaefe623d2187a7cb50f8ed783daf0b649
1,19c31415548968a9d156c70f7c597e1ffe2266f2584deb5d02e410a4987470be,capture_20260821T040952153014Z_32445877287_1_21d2fbdf2fb6,matchup_ff8fe821f0bf7db65c0f5918339e7534290ecc001f4a1ccd0cd954294f76f759,,a0a69dc9914ef6e1,093e1f5bb73850be,d1c65d2cf2925ddd,Anthony Hernandez,Gregory Rodrigues,2026-08-22,date,,2026-08-21T04:09:52.419909Z,2026-08-21T04:09:52.419909Z,the-odds-api.com,BetUS,-190,158,0.6551724137931034,0.3875968992248062,1.0427693130179096,0.6283004357856959,bbf30f96d8234812eee2199224f137aaefe623d2187a7cb50f8ed783daf0b649
1,1e239b2122881f0cefb4eaa253539c4fa3e7f539d8f0b8d8d33a1737e3dc5d0a,capture_20260821T040952153014Z_32445877287_1_21d2fbdf2fb6,matchup_68e6abbd2402f75a27fca169bbb4b6b4bd8efdf38b2c6172adc63c57c031d894,,a0a69dc9914ef6e1,e2be0c1a9b886d92,f6ad6a1e4d600e0d,MarQuel Mederos,Mason Jones,2026-08-22,date,,2026-08-21T04:09:52.419909Z,2026-08-21T04:09:52.419909Z,the-odds-api.com,BetOnline.ag,263,-325,0.27548209366391185,0.7647058823529411,1.040187976016853,0.2648387599314535,bbf30f96d8234812eee2199224f137aaefe623d2187a7cb50f8ed783daf0b649
1,20698cb82386dae382837e07b04da6a07026db8abaf7a6c55233baac3600ac79,capture_20260821T040952153014Z_32445877287_1_21d2fbdf2fb6,matchup_f02d13336e28fd11d4d67ce3b551ef79a82807effcfdfa6987ffff00233b14ae,,a0a69dc9914ef6e1,8061a3136026a673,f1ab6f37492c630a,Jeisla Chaves,Carli Judice,2026-08-22,date,,2026-08-21T04:09:52.419909Z,2026-08-21T04:09:52.419909Z,the-odds-api.com,DraftKings,440,-600,0.18518518518518517,0.8571428571428571,1.0423280423280423,0.17766497461928932,bbf30f96d8234812eee2199224f137aaefe623d2187a7cb50f8ed783daf0b649
1,21338ac31c26cec3febc7f925f00fd4fa4c0fa9ca56b2baa86d14050c3bb5158,capture_20260821T040952153014Z_32445877287_1_21d2fbdf2fb6,matchup_fed9bd92cf25bf722674809712169440431c7630ef62bc2874998709ca4801e9,,a0a69dc9914ef6e1,23a81656507b56a3,b34976c022b24568,Terrance Chatman,Anthony Wint,2026-08-22,date,,2026-08-21T04:09:52.419909Z,2026-08-21T04:09:52.419909Z,the-odds-api.com,BetAnything,595,-1350,0.14388489208633093,0.9310344827586207,1.0749193748449515,0.13385645049619202,bbf30f96d8234812eee2199224f137aaefe623d2187a7cb50f8ed783daf0b649
1,21ebc677c6280217c5683e055812d8087e1b69c6fbee03b87ffdbe1a38777e24,capture_20260821T040952153014Z_32445877287_1_21d2fbdf2fb6,matchup_1b9d090be42bc9cbe7c6977d3323219dc57a10c1cb31157b44ed89d760b0a8d7,,a0a69dc9914ef6e1,327d5f279895110d,d549cefc7c54ab78,Roman Dolidze,Reinier de Ridder,2026-08-22,date,,2026-08-21T04:09:52.419909Z,2026-08-21T04:09:52.419909Z,the-odds-api.com,DraftKings,295,-375,0.25316455696202533,0.7894736842105263,1.0426382411725517,0.2428115015974441,bbf30f96d8234812eee2199224f137aaefe623d2187a7cb50f8ed783daf0b649
1,2344d76a3e5c135cb05117223595fc736872c10e71e6569edcefb00b04a4915a,capture_20260821T040952153014Z_32445877287_1_21d2fbdf2fb6,matchup_4c03993f07ac33b8ae81fd66c8b4c39f26474009ae11e6dcbcb4c942c33e8f6f,,a0a69dc9914ef6e1,06626b6287e1ae1e,b7b84ccd221be298,Chris Padilla,Nasrat Haqparast,2026-08-22,date,,2026-08-21T04:09:52.419909Z,2026-08-21T04:09:52.419909Z,the-odds-api.com,Bovada,-103,-117,0.5073891625615764,0.5391705069124424,1.0465596694740187,0.48481627695110846,bbf30f96d8234812eee2199224f137aaefe623d2187a7cb50f8ed783daf0b649
1,255681cb8023ee0c0afb0af0a90aa6dfd8f255b091a9f804bf65a91a3cd706df,capture_20260821T040952153014Z_32445877287_1_21d2fbdf2fb6,matchup_1b9d090be42bc9cbe7c6977d3323219dc57a10c1cb31157b44ed89d760b0a8d7,,a0a69dc9914ef6e1,327d5f279895110d,d549cefc7c54ab78,Roman Dolidze,Reinier de Ridder,2026-08-22,date,,2026-08-21T04:09:52.419909Z,2026-08-21T04:09:52.419909Z,the-odds-api.com,BetRivers,295,-400,0.25316455696202533,0.8,1.0531645569620254,0.2403846153846154,bbf30f96d8234812eee2199224f137aaefe623d2187a7cb50f8ed783daf0b649
1,28d9388b7f8c417c9c95e7069168e51a8bbd2986228993c7f80fb53a8e8a2252,capture_20260821T040952153014Z_32445877287_1_21d2fbdf2fb6,matchup_b04f10f44923c1dd86777d35d18bf07dc4299e65e48d7b713d20daceb3137f2e,,a0a69dc9914ef6e1,ac7c765882f2c68c,cfbb3edab781dfd2,Elise Reed,Shanelle Dyer,2026-08-22,date,,2026-08-21T04:09:52.419909Z,2026-08-21T04:09:52.419909Z,the-odds-api.com,BetUS,505,-750,0.1652892561983471,0.8823529411764706,1.0476421973748176,0.1577726218097448,bbf30f96d8234812eee2199224f137aaefe623d2187a7cb50f8ed783daf0b649
1,2b8133a0387bc1974da26314ded5a8918b231aa40a6be9dd6dba46d85fdefb55,capture_20260821T040952153014Z_32445877287_1_21d2fbdf2fb6,matchup_564b24b09c16a5d3d71c2e1db2bb03effe03df5c7e291ae2c10b973d56f78dfa,,a0a69dc9914ef6e1,5be51426ff3c1929,b2a78df161bd67f9,Stan Dorsainvil,Gauge Young,2026-08-22,date,,2026-08-21T04:09:52.419909Z,2026-08-21T04:09:52.419909Z,the-odds-api.com,Hard Rock Bet,130,-160,0.43478260869565216,0.6153846153846154,1.0501672240802675,0.4140127388535032,bbf30f96d8234812eee2199224f137aaefe623d2187a7cb50f8ed783daf0b649
1,2bec4e5a738924d81f8c14627a5c5a6ae05e26acc3094f42f9d0222cac83c12a,capture_20260821T040952153014Z_32445877287_1_21d2fbdf2fb6,matchup_fed9bd92cf25bf722674809712169440431c7630ef62bc2874998709ca4801e9,,a0a69dc9914ef6e1,23a81656507b56a3,b34976c022b24568,Terrance Chatman,Anthony Wint,2026-08-22,date,,2026-08-21T04:09:52.419909Z,2026-08-21T04:09:52.419909Z,the-odds-api.com,BetOnline.ag,661,-1000,0.1314060446780552,0.9090909090909091,1.0404969537689643,0.12629161882893225,bbf30f96d8234812eee2199224f137aaefe623d2187a7cb50f8ed783daf0b649
1,2c574a7380917b278eeb9a56f3257f8f2176b3f402a12ece3f3fb6d3bf2eff3e,capture_20260821T040952153014Z_32445877287_1_21d2fbdf2fb6,matchup_ff8fe821f0bf7db65c0f5918339e7534290ecc001f4a1ccd0cd954294f76f759,,a0a69dc9914ef6e1,093e1f5bb73850be,d1c65d2cf2925ddd,Anthony Hernandez,Gregory Rodrigues,2026-08-22,date,,2026-08-21T04:09:52.419909Z,2026-08-21T04:09:52.419909Z,the-odds-api.com,FanDuel,-176,142,0.6376811594202898,0.4132231404958678,1.0509042999161575,0.6067927968999316,bbf30f96d8234812eee2199224f137aaefe623d2187a7cb50f8ed783daf0b649
1,2deb6d3c6666eb2b14d13cd64562eacf0e250f7497158e9dd400787ef4d79ae6,capture_20260821T040952153014Z_32445877287_1_21d2fbdf2fb6,matchup_68e6abbd2402f75a27fca169bbb4b6b4bd8efdf38b2c6172adc63c57c031d894,,a0a69dc9914ef6e1,e2be0c1a9b886d92,f6ad6a1e4d600e0d,MarQuel Mederos,Mason Jones,2026-08-22,date,,2026-08-21T04:09:52.419909Z,2026-08-21T04:09:52.419909Z,the-odds-api.com,Hard Rock Bet,220,-275,0.3125,0.7333333333333333,1.0458333333333334,0.298804780876494,bbf30f96d8234812eee2199224f137aaefe623d2187a7cb50f8ed783daf0b649
1,2f99ba47659c9e03bfaff3fb822f9e2d7566bf16b6e2b32d74f5c930d79fcf40,capture_20260821T040952153014Z_32445877287_1_21d2fbdf2fb6,matchup_f02d13336e28fd11d4d67ce3b551ef79a82807effcfdfa6987ffff00233b14ae,,a0a69dc9914ef6e1,8061a3136026a673,f1ab6f37492c630a,Jeisla Chaves,Carli Judice,2026-08-22,date,,2026-08-21T04:09:52.419909Z,2026-08-21T04:09:52.419909Z,the-odds-api.com,BetRivers,360,-530,0.21739130434782608,0.8412698412698413,1.0586611456176673,0.20534550195567144,bbf30f96d8234812eee2199224f137aaefe623d2187a7cb50f8ed783daf0b649
1,306b1f361aaa34208524fc1d9581bfe17cdc879ce82f159d164a2a5bf75f7f3a,capture_20260821T040952153014Z_32445877287_1_21d2fbdf2fb6,matchup_b8b3107093e97e3246a7af79a6851dcba8bd810a295a6759bd6d28b78f753335,,a0a69dc9914ef6e1,3eeec2f53cebdf12,b4443fae47e7eb9d,Jackson McVey,Wes Schultz,2026-08-22,date,,2026-08-21T04:09:52.419909Z,2026-08-21T04:09:52.419909Z,the-odds-api.com,Hard Rock Bet,-180,145,0.6428571428571429,0.40816326530612246,1.0510204081632653,0.6116504854368933,bbf30f96d8234812eee2199224f137aaefe623d2187a7cb50f8ed783daf0b649
1,32460fbe32b968eb1333bac8ac978e89791fd85aabeef943b7d7894d9d54b351,capture_20260821T040952153014Z_32445877287_1_21d2fbdf2fb6,matchup_240a006adfc1849d47645e66ebc57cbc6f91d7c8144d48635ac4007950c16f48,,a0a69dc9914ef6e1,6747ccd6d1acd266,8667caa0451d245b,Shamil Gaziev,Kennedy Nzechukwu,2026-08-22,date,,2026-08-21T04:09:52.419909Z,2026-08-21T04:09:52.419909Z,the-odds-api.com,BetOnline.ag,-135,115,0.574468085106383,0.46511627906976744,1.0395843641761504,0.552594002855783,bbf30f96d8234812eee2199224f137aaefe623d2187a7cb50f8ed783daf0b649
1,34e4c29c4d00c1649d654feeb04b85fd61783d1525ab24e1f8865e8a92511a4d,capture_20260821T040952153014Z_32445877287_1_21d2fbdf2fb6,matchup_ff8fe821f0bf7db65c0f5918339e7534290ecc001f4a1ccd0cd954294f76f759,,a0a69dc9914ef6e1,093e1f5bb73850be,d1c65d2cf2925ddd,Anthony Hernandez,Gregory Rodrigues,2026-08-22,date,,2026-08-21T04:09:52.419909Z,2026-08-21T04:09:52.419909Z,the-odds-api.com,Bovada,-183,158,0.6466431095406361,0.3875968992248062,1.0342400087654422,0.6252350557512515,bbf30f96d8234812eee2199224f137aaefe623d2187a7cb50f8ed783daf0b649
1,3a10fecfcf49d860bf9c8a6522e61adfb1ef92b7d7357de1b0e35a6e2fd5d041,capture_20260821T040952153014Z_32445877287_1_21d2fbdf2fb6,matchup_564b24b09c16a5d3d71c2e1db2bb03effe03df5c7e291ae2c10b973d56f78dfa,,a0a69dc9914ef6e1,5be51426ff3c1929,b2a78df161bd67f9,Stan Dorsainvil,Gauge Young,2026-08-22,date,,2026-08-21T04:09:52.419909Z,2026-08-21T04:09:52.419909Z,the-odds-api.com,BetOnline.ag,140,-160,0.4166666666666667,0.6153846153846154,1.0320512820512822,0.40372670807453415,bbf30f96d8234812eee2199224f137aaefe623d2187a7cb50f8ed783daf0b649
1,3a5267223d15dd73f48f0862159a43fc76f9e847c053fded67f99a7709a5d404,capture_20260821T040952153014Z_32445877287_1_21d2fbdf2fb6,matchup_ff8fe821f0bf7db65c0f5918339e7534290ecc001f4a1ccd0cd954294f76f759,,a0a69dc9914ef6e1,093e1f5bb73850be,d1c65d2cf2925ddd,Anthony Hernandez,Gregory Rodrigues,2026-08-22,date,,2026-08-21T04:09:52.419909Z,2026-08-21T04:09:52.419909Z,the-odds-api.com,BetAnything,-190,160,0.6551724137931034,0.38461538461538464,1.039787798408488,0.6301020408163266,bbf30f96d8234812eee2199224f137aaefe623d2187a7cb50f8ed783daf0b649
1,3cf498e45cc798a58d3b497d8da034de99e210e92d852d6e7c470f81db4470a1,capture_20260821T040952153014Z_32445877287_1_21d2fbdf2fb6,matchup_f02d13336e28fd11d4d67ce3b551ef79a82807effcfdfa6987ffff00233b14ae,,a0a69dc9914ef6e1,8061a3136026a673,f1ab6f37492c630a,Jeisla Chaves,Carli Judice,2026-08-22,date,,2026-08-21T04:09:52.419909Z,2026-08-21T04:09:52.419909Z,the-odds-api.com,BetUS,440,-625,0.18518518518518517,0.8620689655172413,1.0472541507024264,0.17682926829268295,bbf30f96d8234812eee2199224f137aaefe623d2187a7cb50f8ed783daf0b649
1,3f67fda2e4ccd94077859bb41ba7e0c46b532bffeaada64e6186c094ee19dbd7,capture_20260821T040952153014Z_32445877287_1_21d2fbdf2fb6,matchup_4c03993f07ac33b8ae81fd66c8b4c39f26474009ae11e6dcbcb4c942c33e8f6f,,a0a69dc9914ef6e1,06626b6287e1ae1e,b7b84ccd221be298,Chris Padilla,Nasrat Haqparast,2026-08-22,date,,2026-08-21T04:09:52.419909Z,2026-08-21T04:09:52.419909Z,the-odds-api.com,betPARX,100,-124,0.5,0.5535714285714286,1.0535714285714286,0.4745762711864407,bbf30f96d8234812eee2199224f137aaefe623d2187a7cb50f8ed783daf0b649
1,40d734908b737ba96cc92aac6e970aa538e444fb8680ea885078384f38f6c795,capture_20260821T040952153014Z_32445877287_1_21d2fbdf2fb6,matchup_d628bb58b0c90e5d3f480b744bc8679bc4858110672f89746bbd8d85f07e21f6,,a0a69dc9914ef6e1,71171fc96445bf65,e2f6b2769aaedd6c,Vitor Petrino,Serghei Spivac,2026-08-22,date,,2026-08-21T04:09:52.419909Z,2026-08-21T04:09:52.419909Z,the-odds-api.com,BetUS,-140,118,0.5833333333333334,0.45871559633027525,1.0420489296636086,0.5597945707997065,bbf30f96d8234812eee2199224f137aaefe623d2187a7cb50f8ed783daf0b649
1,4158a072022d6883c7e7e919804b1daa6fcd1b8a8743e8b358fe718756f6623c,capture_20260821T040952153014Z_32445877287_1_21d2fbdf2fb6,matchup_4c03993f07ac33b8ae81fd66c8b4c39f26474009ae11e6dcbcb4c942c33e8f6f,,a0a69dc9914ef6e1,06626b6287e1ae1e,b7b84ccd221be298,Chris Padilla,Nasrat Haqparast,2026-08-22,date,,2026-08-21T04:09:52.419909Z,2026-08-21T04:09:52.419909Z,the-odds-api.com,BetAnything,-110,-120,0.5238095238095238,0.5454545454545454,1.0692640692640691,0.48987854251012153,bbf30f96d8234812eee2199224f137aaefe623d2187a7cb50f8ed783daf0b649
1,42865fbf670f71be9ea621716b7e14f574968b89cbcde09202642b4c0a99bd5f,capture_20260821T040952153014Z_32445877287_1_21d2fbdf2fb6,matchup_5730dbcc9e78781d742f558f3f53256730837650eeeaf894ac53e8987a994db1,,a0a69dc9914ef6e1,640a0f838f057a81,e00a3dee329a51f7,Lerryan Douglas,Jamall Emmers,2026-08-22,date,,2026-08-21T04:09:52.419909Z,2026-08-21T04:09:52.419909Z,the-odds-api.com,Bovada,-390,310,0.7959183673469388,0.24390243902439024,1.039820806371329,0.765438008616563,bbf30f96d8234812eee2199224f137aaefe623d2187a7cb50f8ed783daf0b649
1,4302bc22e1d2372dadd18c5a58859484bd4f35bf6840bda002f1e1eec798928b,capture_20260821T040952153014Z_32445877287_1_21d2fbdf2fb6,matchup_fed9bd92cf25bf722674809712169440431c7630ef62bc2874998709ca4801e9,,a0a69dc9914ef6e1,23a81656507b56a3,b34976c022b24568,Terrance Chatman,Anthony Wint,2026-08-22,date,,2026-08-21T04:09:52.419909Z,2026-08-21T04:09:52.419909Z,the-odds-api.com,BetUS,625,-1000,0.13793103448275862,0.9090909090909091,1.0470219435736676,0.1317365269461078,bbf30f96d8234812eee2199224f137aaefe623d2187a7cb50f8ed783daf0b649
1,439d506acf0bfcc6348190f862666a56331911817d91e0dd22bac5671eb45775,capture_20260821T040952153014Z_32445877287_1_21d2fbdf2fb6,matchup_5730dbcc9e78781d742f558f3f53256730837650eeeaf894ac53e8987a994db1,,a0a69dc9914ef6e1,640a0f838f057a81,e00a3dee329a51f7,Lerryan Douglas,Jamall Emmers,2026-08-22,date,,2026-08-21T04:09:52.419909Z,2026-08-21T04:09:52.419909Z,the-odds-api.com,Bally Bet,-400,295,0.8,0.25316455696202533,1.0531645569620254,0.7596153846153846,bbf30f96d8234812eee2199224f137aaefe623d2187a7cb50f8ed783daf0b649
1,455c385cac75b3463ad7fb71dfab8eb2b14a8c00d3c051cf9ccfbb2c9761228b,capture_20260821T040952153014Z_32445877287_1_21d2fbdf2fb6,matchup_5730dbcc9e78781d742f558f3f53256730837650eeeaf894ac53e8987a994db1,,a0a69dc9914ef6e1,640a0f838f057a81,e00a3dee329a51f7,Lerryan Douglas,Jamall Emmers,2026-08-22,date,,2026-08-21T04:09:52.419909Z,2026-08-21T04:09:52.419909Z,the-odds-api.com,FanDuel,-400,300,0.8,0.25,1.05,0.7619047619047619,bbf30f96d8234812eee2199224f137aaefe623d2187a7cb50f8ed783daf0b649
1,469ac105c8f3afb9971547f2dc35b7e32e2111467e9c7c6d9a26ca8e14803698,capture_20260821T040952153014Z_32445877287_1_21d2fbdf2fb6,matchup_b04f10f44923c1dd86777d35d18bf07dc4299e65e48d7b713d20daceb3137f2e,,a0a69dc9914ef6e1,ac7c765882f2c68c,cfbb3edab781dfd2,Elise Reed,Shanelle Dyer,2026-08-22,date,,2026-08-21T04:09:52.419909Z,2026-08-21T04:09:52.419909Z,the-odds-api.com,Bally Bet,525,-835,0.16,0.893048128342246,1.053048128342246,0.15193987406053222,bbf30f96d8234812eee2199224f137aaefe623d2187a7cb50f8ed783daf0b649
1,4a047500ac01bfde7983daa139203be692e12d018e49d3461577cd2c5faf95c8,capture_20260821T040952153014Z_32445877287_1_21d2fbdf2fb6,matchup_564b24b09c16a5d3d71c2e1db2bb03effe03df5c7e291ae2c10b973d56f78dfa,,a0a69dc9914ef6e1,5be51426ff3c1929,b2a78df161bd67f9,Stan Dorsainvil,Gauge Young,2026-08-22,date,,2026-08-21T04:09:52.419909Z,2026-08-21T04:09:52.419909Z,the-odds-api.com,DraftKings,136,-162,0.423728813559322,0.6183206106870229,1.042049424246345,0.4066302458405761,bbf30f96d8234812eee2199224f137aaefe623d2187a7cb50f8ed783daf0b649
1,4a5f890f5fbcce1629ad0967123f59fa0bcc80b1f7d2b07ea2e72db49bce5bbc,capture_20260821T040952153014Z_32445877287_1_21d2fbdf2fb6,matchup_fed9bd92cf25bf722674809712169440431c7630ef62bc2874998709ca4801e9,,a0a69dc9914ef6e1,23a81656507b56a3,b34976c022b24568,Terrance Chatman,Anthony Wint,2026-08-22,date,,2026-08-21T04:09:52.419909Z,2026-08-21T04:09:52.419909Z,the-odds-api.com,Bovada,700,-1100,0.125,0.9166666666666666,1.0416666666666665,0.12000000000000002,bbf30f96d8234812eee2199224f137aaefe623d2187a7cb50f8ed783daf0b649
1,4af84f792bf8423389173f60a8121315496c57fca6a947d60d6589f6ff08fa8e,capture_20260821T040952153014Z_32445877287_1_21d2fbdf2fb6,matchup_b8b3107093e97e3246a7af79a6851dcba8bd810a295a6759bd6d28b78f753335,,a0a69dc9914ef6e1,3eeec2f53cebdf12,b4443fae47e7eb9d,Jackson McVey,Wes Schultz,2026-08-22,date,,2026-08-21T04:09:52.419909Z,2026-08-21T04:09:52.419909Z,the-odds-api.com,BetAnything,-170,140,0.6296296296296297,0.4166666666666667,1.0462962962962963,0.6017699115044248,bbf30f96d8234812eee2199224f137aaefe623d2187a7cb50f8ed783daf0b649
1,4cac50ed04b938960db55cddb7a98e5f5c7188dcff630bb0c31727c0a49eb166,capture_20260821T040952153014Z_32445877287_1_21d2fbdf2fb6,matchup_fed9bd92cf25bf722674809712169440431c7630ef62bc2874998709ca4801e9,,a0a69dc9914ef6e1,23a81656507b56a3,b34976c022b24568,Terrance Chatman,Anthony Wint,2026-08-22,date,,2026-08-21T04:09:52.419909Z,2026-08-21T04:09:52.419909Z,the-odds-api.com,Bally Bet,650,-1115,0.13333333333333333,0.9176954732510288,1.0510288065843623,0.1268598277212216,bbf30f96d8234812eee2199224f137aaefe623d2187a7cb50f8ed783daf0b649
1,4cf095b57777f2f65782b5a430dde67055f7f48825c148b67d16c31c81fec3da,capture_20260821T040952153014Z_32445877287_1_21d2fbdf2fb6,matchup_240a006adfc1849d47645e66ebc57cbc6f91d7c8144d48635ac4007950c16f48,,a0a69dc9914ef6e1,6747ccd6d1acd266,8667caa0451d245b,Shamil Gaziev,Kennedy Nzechukwu,2026-08-22,date,,2026-08-21T04:09:52.419909Z,2026-08-21T04:09:52.419909Z,the-odds-api.com,BetRivers,-139,112,0.5815899581589958,0.4716981132075472,1.0532880713665431,0.5521660920401739,bbf30f96d8234812eee2199224f137aaefe623d2187a7cb50f8ed783daf0b649
1,4f584ed863f3d06e886f34f2386bdf6914489f46c420ef2ddab8bbe0519a6b84,capture_20260821T040952153014Z_32445877287_1_21d2fbdf2fb6,matchup_240a006adfc1849d47645e66ebc57cbc6f91d7c8144d48635ac4007950c16f48,,a0a69dc9914ef6e1,6747ccd6d1acd266,8667caa0451d245b,Shamil Gaziev,Kennedy Nzechukwu,2026-08-22,date,,2026-08-21T04:09:52.419909Z,2026-08-21T04:09:52.419909Z,the-odds-api.com,Bovada,-138,117,0.5798319327731093,0.4608294930875576,1.0406614258606668,0.5571763480072937,bbf30f96d8234812eee2199224f137aaefe623d2187a7cb50f8ed783daf0b649
1,4fbd2fca598ee79ded228c3e5b7302ce4db96de676beb4f7ea6c218045633dc8,capture_20260821T040952153014Z_32445877287_1_21d2fbdf2fb6,matchup_1b9d090be42bc9cbe7c6977d3323219dc57a10c1cb31157b44ed89d760b0a8d7,,a0a69dc9914ef6e1,327d5f279895110d,d549cefc7c54ab78,Roman Dolidze,Reinier de Ridder,2026-08-22,date,,2026-08-21T04:09:52.419909Z,2026-08-21T04:09:52.419909Z,the-odds-api.com,Bally Bet,295,-400,0.25316455696202533,0.8,1.0531645569620254,0.2403846153846154,bbf30f96d8234812eee2199224f137aaefe623d2187a7cb50f8ed783daf0b649
1,55088da4a92500e67a66514ccc9afb25beb3aada55005a808fc047ca44f3bb36,capture_20260821T040952153014Z_32445877287_1_21d2fbdf2fb6,matchup_d628bb58b0c90e5d3f480b744bc8679bc4858110672f89746bbd8d85f07e21f6,,a0a69dc9914ef6e1,71171fc96445bf65,e2f6b2769aaedd6c,Vitor Petrino,Serghei Spivac,2026-08-22,date,,2026-08-21T04:09:52.419909Z,2026-08-21T04:09:52.419909Z,the-odds-api.com,BetOnline.ag,-142,122,0.5867768595041323,0.45045045045045046,1.0372273099545828,0.5657167468236307,bbf30f96d8234812eee2199224f137aaefe623d2187a7cb50f8ed783daf0b649
1,56938e11d331a2d957c2c41e44c080782d9b362add1768121a9a9f6e45891d02,capture_20260821T040952153014Z_32445877287_1_21d2fbdf2fb6,matchup_68e6abbd2402f75a27fca169bbb4b6b4bd8efdf38b2c6172adc63c57c031d894,,a0a69dc9914ef6e1,e2be0c1a9b886d92,f6ad6a1e4d600e0d,MarQuel Mederos,Mason Jones,2026-08-22,date,,2026-08-21T04:09:52.419909Z,2026-08-21T04:09:52.419909Z,the-odds-api.com,Bally Bet,220,-286,0.3125,0.7409326424870466,1.0534326424870466,0.2966492468490624,bbf30f96d8234812eee2199224f137aaefe623d2187a7cb50f8ed783daf0b649
1,572b93fa5d8bc99261d8873b83525da6089dfa3f3b316d663f76ce406a05780b,capture_20260821T040952153014Z_32445877287_1_21d2fbdf2fb6,matchup_d628bb58b0c90e5d3f480b744bc8679bc4858110672f89746bbd8d85f07e21f6,,a0a69dc9914ef6e1,71171fc96445bf65,e2f6b2769aaedd6c,Vitor Petrino,Serghei Spivac,2026-08-22,date,,2026-08-21T04:09:52.419909Z,2026-08-21T04:09:52.419909Z,the-odds-api.com,DraftKings,-148,124,0.5967741935483871,0.44642857142857145,1.0432027649769586,0.5720596355604638,bbf30f96d8234812eee2199224f137aaefe623d2187a7cb50f8ed783daf0b649
1,57ba687e9bba3890b5fcae478e0a4d2c7e0cca8ca7a7a17b6b3af24313ac91b0,capture_20260821T040952153014Z_32445877287_1_21d2fbdf2fb6,matchup_d3057e06ce72d9d426192e08d0d671361d06fc52181a58554253d713bb947db0,,a0a69dc9914ef6e1,c85bad793cd14e28,d958ed9e5a08c849,Marcio Barbosa,Ryan Kuse,2026-08-22,date,,2026-08-21T04:09:52.419909Z,2026-08-21T04:09:52.419909Z,the-odds-api.com,Bovada,-900,600,0.9,0.14285714285714285,1.042857142857143,0.863013698630137,bbf30f96d8234812eee2199224f137aaefe623d2187a7cb50f8ed783daf0b649
1,58b96db153fa39a4991f96ab9e5e53632730f1393546a5eee7650aea2eb98b59,capture_20260821T040952153014Z_32445877287_1_21d2fbdf2fb6,matchup_f02d13336e28fd11d4d67ce3b551ef79a82807effcfdfa6987ffff00233b14ae,,a0a69dc9914ef6e1,8061a3136026a673,f1ab6f37492c630a,Jeisla Chaves,Carli Judice,2026-08-22,date,,2026-08-21T04:09:52.419909Z,2026-08-21T04:09:52.419909Z,the-odds-api.com,betPARX,360,-530,0.21739130434782608,0.8412698412698413,1.0586611456176673,0.20534550195567144,bbf30f96d8234812eee2199224f137aaefe623d2187a7cb50f8ed783daf0b649
1,5a46ea327b854eee14456552dd3d19afd8396edcc77fe2db0e460dff467e5408,capture_20260821T040952153014Z_32445877287_1_21d2fbdf2fb6,matchup_68e6abbd2402f75a27fca169bbb4b6b4bd8efdf38b2c6172adc63c57c031d894,,a0a69dc9914ef6e1,e2be0c1a9b886d92,f6ad6a1e4d600e0d,MarQuel Mederos,Mason Jones,2026-08-22,date,,2026-08-21T04:09:52.419909Z,2026-08-21T04:09:52.419909Z,the-odds-api.com,BetRivers,220,-286,0.3125,0.7409326424870466,1.0534326424870466,0.2966492468490624,bbf30f96d8234812eee2199224f137aaefe623d2187a7cb50f8ed783daf0b649
1,629a3f4d735aaffa03a605068311f0f2a60fd8beff3050f9d3896a64f0291e9e,capture_20260821T040952153014Z_32445877287_1_21d2fbdf2fb6,matchup_fed9bd92cf25bf722674809712169440431c7630ef62bc2874998709ca4801e9,,a0a69dc9914ef6e1,23a81656507b56a3,b34976c022b24568,Terrance Chatman,Anthony Wint,2026-08-22,date,,2026-08-21T04:09:52.419909Z,2026-08-21T04:09:52.419909Z,the-odds-api.com,DraftKings,650,-1000,0.13333333333333333,0.9090909090909091,1.0424242424242425,0.12790697674418605,bbf30f96d8234812eee2199224f137aaefe623d2187a7cb50f8ed783daf0b649
1,66059389c9759453d72a91186d9367c489fe8c0ac26cdcafe282b5a0e0c82083,capture_20260821T040952153014Z_32445877287_1_21d2fbdf2fb6,matchup_fed9bd92cf25bf722674809712169440431c7630ef62bc2874998709ca4801e9,,a0a69dc9914ef6e1,23a81656507b56a3,b34976c022b24568,Terrance Chatman,Anthony Wint,2026-08-22,date,,2026-08-21T04:09:52.419909Z,2026-08-21T04:09:52.419909Z,the-odds-api.com,betPARX,650,-1115,0.13333333333333333,0.9176954732510288,1.0510288065843623,0.1268598277212216,bbf30f96d8234812eee2199224f137aaefe623d2187a7cb50f8ed783daf0b649
1,66943fd695da17e28f4efb48f94ad36a13b67a4dfece97058c30d06e9e88c294,capture_20260821T040952153014Z_32445877287_1_21d2fbdf2fb6,matchup_ff8fe821f0bf7db65c0f5918339e7534290ecc001f4a1ccd0cd954294f76f759,,a0a69dc9914ef6e1,093e1f5bb73850be,d1c65d2cf2925ddd,Anthony Hernandez,Gregory Rodrigues,2026-08-22,date,,2026-08-21T04:09:52.419909Z,2026-08-21T04:09:52.419909Z,the-odds-api.com,Bally Bet,-186,150,0.6503496503496503,0.4,1.0503496503496503,0.6191744340878828,bbf30f96d8234812eee2199224f137aaefe623d2187a7cb50f8ed783daf0b649
1,676d26866764e49f2b059bbb85ef83f330b0436154f62d358e743a0d3a484824,capture_20260821T040952153014Z_32445877287_1_21d2fbdf2fb6,matchup_564b24b09c16a5d3d71c2e1db2bb03effe03df5c7e291ae2c10b973d56f78dfa,,a0a69dc9914ef6e1,5be51426ff3c1929,b2a78df161bd67f9,Stan Dorsainvil,Gauge Young,2026-08-22,date,,2026-08-21T04:09:52.419909Z,2026-08-21T04:09:52.419909Z,the-odds-api.com,BetRivers,128,-159,0.43859649122807015,0.6138996138996139,1.052496105127684,0.41672029862273136,bbf30f96d8234812eee2199224f137aaefe623d2187a7cb50f8ed783daf0b649
1,69d3b76e12b718569d0b63f298981457f6b51409496e4b81849e0dfbbb209920,capture_20260821T040952153014Z_32445877287_1_21d2fbdf2fb6,matchup_f02d13336e28fd11d4d67ce3b551ef79a82807effcfdfa6987ffff00233b14ae,,a0a69dc9914ef6e1,8061a3136026a673,f1ab6f37492c630a,Jeisla Chaves,Carli Judice,2026-08-22,date,,2026-08-21T04:09:52.419909Z,2026-08-21T04:09:52.419909Z,the-odds-api.com,BetMGM,425,-600,0.19047619047619047,0.8571428571428571,1.0476190476190474,0.18181818181818185,bbf30f96d8234812eee2199224f137aaefe623d2187a7cb50f8ed783daf0b649
1,6efd78edf58843321df06bb8a5c3cd6507055723748847c794ba55647cf8e0f4,capture_20260821T040952153014Z_32445877287_1_21d2fbdf2fb6,matchup_68e6abbd2402f75a27fca169bbb4b6b4bd8efdf38b2c6172adc63c57c031d894,,a0a69dc9914ef6e1,e2be0c1a9b886d92,f6ad6a1e4d600e0d,MarQuel Mederos,Mason Jones,2026-08-22,date,,2026-08-21T04:09:52.419909Z,2026-08-21T04:09:52.419909Z,the-odds-api.com,BetMGM,260,-325,0.2777777777777778,0.7647058823529411,1.0424836601307188,0.26645768025078376,bbf30f96d8234812eee2199224f137aaefe623d2187a7cb50f8ed783daf0b649
1,731a9080e44b30ef830caf25b5bb95b0d7881cdf3de1b39edea1fb887e2492c5,capture_20260821T040952153014Z_32445877287_1_21d2fbdf2fb6,matchup_b8b3107093e97e3246a7af79a6851dcba8bd810a295a6759bd6d28b78f753335,,a0a69dc9914ef6e1,3eeec2f53cebdf12,b4443fae47e7eb9d,Jackson McVey,Wes Schultz,2026-08-22,date,,2026-08-21T04:09:52.419909Z,2026-08-21T04:09:52.419909Z,the-odds-api.com,BetMGM,-185,150,0.6491228070175439,0.4,1.049122807017544,0.6187290969899665,bbf30f96d8234812eee2199224f137aaefe623d2187a7cb50f8ed783daf0b649
1,761821ee54c4397300376ed264f5e140bbee1859c9a5c6602d53d8f2cca81191,capture_20260821T040952153014Z_32445877287_1_21d2fbdf2fb6,matchup_b8b3107093e97e3246a7af79a6851dcba8bd810a295a6759bd6d28b78f753335,,a0a69dc9914ef6e1,3eeec2f53cebdf12,b4443fae47e7eb9d,Jackson McVey,Wes Schultz,2026-08-22,date,,2026-08-21T04:09:52.419909Z,2026-08-21T04:09:52.419909Z,the-odds-api.com,BetRivers,-180,143,0.6428571428571429,0.411522633744856,1.0543797766019989,0.6097017005854475,bbf30f96d8234812eee2199224f137aaefe623d2187a7cb50f8ed783daf0b649
1,77f186157d74fb1082c3c9ec262774ee84daa267a72290fd56772d602f03f28e,capture_20260821T040952153014Z_32445877287_1_21d2fbdf2fb6,matchup_68e6abbd2402f75a27fca169bbb4b6b4bd8efdf38b2c6172adc63c57c031d894,,a0a69dc9914ef6e1,e2be0c1a9b886d92,f6ad6a1e4d600e0d,MarQuel Mederos,Mason Jones,2026-08-22,date,,2026-08-21T04:09:52.419909Z,2026-08-21T04:09:52.419909Z,the-odds-api.com,betPARX,220,-286,0.3125,0.7409326424870466,1.0534326424870466,0.2966492468490624,bbf30f96d8234812eee2199224f137aaefe623d2187a7cb50f8ed783daf0b649
1,78a62bd1ac83d6b95c3193cf32f9d4d3ef9318ba00ffc03390c8b46a3afef95e,capture_20260821T040952153014Z_32445877287_1_21d2fbdf2fb6,matchup_1b9d090be42bc9cbe7c6977d3323219dc57a10c1cb31157b44ed89d760b0a8d7,,a0a69dc9914ef6e1,327d5f279895110d,d549cefc7c54ab78,Roman Dolidze,Reinier de Ridder,2026-08-22,date,,2026-08-21T04:09:52.419909Z,2026-08-21T04:09:52.419909Z,the-odds-api.com,BetMGM,340,-450,0.22727272727272727,0.8181818181818182,1.0454545454545454,0.21739130434782608,bbf30f96d8234812eee2199224f137aaefe623d2187a7cb50f8ed783daf0b649
1,7a7ef17ef1547626573a8e8ec5cc42ebfe3b40f83fc45dab0333f5ce58de29e5,capture_20260821T040952153014Z_32445877287_1_21d2fbdf2fb6,matchup_68e6abbd2402f75a27fca169bbb4b6b4bd8efdf38b2c6172adc63c57c031d894,,a0a69dc9914ef6e1,e2be0c1a9b886d92,f6ad6a1e4d600e0d,MarQuel Mederos,Mason Jones,2026-08-22,date,,2026-08-21T04:09:52.419909Z,2026-08-21T04:09:52.419909Z,the-odds-api.com,DraftKings,250,-310,0.2857142857142857,0.7560975609756098,1.0418118466898956,0.27424749163879597,bbf30f96d8234812eee2199224f137aaefe623d2187a7cb50f8ed783daf0b649
1,7bb494dbea60fe59ae27d05b7ac7b2906c77cc48fc5e254cdfff5e7a9beba2b3,capture_20260821T040952153014Z_32445877287_1_21d2fbdf2fb6,matchup_ff8fe821f0bf7db65c0f5918339e7534290ecc001f4a1ccd0cd954294f76f759,,a0a69dc9914ef6e1,093e1f5bb73850be,d1c65d2cf2925ddd,Anthony Hernandez,Gregory Rodrigues,2026-08-22,date,,2026-08-21T04:09:52.419909Z,2026-08-21T04:09:52.419909Z,the-odds-api.com,betPARX,-186,150,0.6503496503496503,0.4,1.0503496503496503,0.6191744340878828,bbf30f96d8234812eee2199224f137aaefe623d2187a7cb50f8ed783daf0b649
1,7c34bdb671e08a9499240407a4c08625d3e06d04505bf93b86efd9987bf95785,capture_20260821T040952153014Z_32445877287_1_21d2fbdf2fb6,matchup_b04f10f44923c1dd86777d35d18bf07dc4299e65e48d7b713d20daceb3137f2e,,a0a69dc9914ef6e1,ac7c765882f2c68c,cfbb3edab781dfd2,Elise Reed,Shanelle Dyer,2026-08-22,date,,2026-08-21T04:09:52.419909Z,2026-08-21T04:09:52.419909Z,the-odds-api.com,BetMGM,600,-900,0.14285714285714285,0.9,1.042857142857143,0.136986301369863,bbf30f96d8234812eee2199224f137aaefe623d2187a7cb50f8ed783daf0b649
1,7d26641ee721aa7a1101736cf3ce1b9fe981118434c888f5192fc47bb1f44793,capture_20260821T040952153014Z_32445877287_1_21d2fbdf2fb6,matchup_ff8fe821f0bf7db65c0f5918339e7534290ecc001f4a1ccd0cd954294f76f759,,a0a69dc9914ef6e1,093e1f5bb73850be,d1c65d2cf2925ddd,Anthony Hernandez,Gregory Rodrigues,2026-08-22,date,,2026-08-21T04:09:52.419909Z,2026-08-21T04:09:52.419909Z,the-odds-api.com,Fliff,-195,150,0.6610169491525424,0.4,1.0610169491525423,0.623003194888179,bbf30f96d8234812eee2199224f137aaefe623d2187a7cb50f8ed783daf0b649
1,7e8e8a0a996757685b2c1c2f418e6ae41b57e83ba9198d47d88d8542e61070a2,capture_20260821T040952153014Z_32445877287_1_21d2fbdf2fb6,matchup_1b9d090be42bc9cbe7c6977d3323219dc57a10c1cb31157b44ed89d760b0a8d7,,a0a69dc9914ef6e1,327d5f279895110d,d549cefc7c54ab78,Roman Dolidze,Reinier de Ridder,2026-08-22,date,,2026-08-21T04:09:52.419909Z,2026-08-21T04:09:52.419909Z,the-odds-api.com,Fliff,300,-420,0.25,0.8076923076923077,1.0576923076923077,0.23636363636363636,bbf30f96d8234812eee2199224f137aaefe623d2187a7cb50f8ed783daf0b649
1,7eb7155ae972985703d0bdcbb79f94e1120d9927828a2039df2df995f12ee281,capture_20260821T040952153014Z_32445877287_1_21d2fbdf2fb6,matchup_4c03993f07ac33b8ae81fd66c8b4c39f26474009ae11e6dcbcb4c942c33e8f6f,,a0a69dc9914ef6e1,06626b6287e1ae1e,b7b84ccd221be298,Chris Padilla,Nasrat Haqparast,2026-08-22,date,,2026-08-21T04:09:52.419909Z,2026-08-21T04:09:52.419909Z,the-odds-api.com,BetRivers,100,-124,0.5,0.5535714285714286,1.0535714285714286,0.4745762711864407,bbf30f96d8234812eee2199224f137aaefe623d2187a7cb50f8ed783daf0b649
1,7ef37d074271f3db29a39643b39fa20802e29f0b7ceb83f98e1fa3ea0fe600c7,capture_20260821T040952153014Z_32445877287_1_21d2fbdf2fb6,matchup_564b24b09c16a5d3d71c2e1db2bb03effe03df5c7e291ae2c10b973d56f78dfa,,a0a69dc9914ef6e1,5be51426ff3c1929,b2a78df161bd67f9,Stan Dorsainvil,Gauge Young,2026-08-22,date,,2026-08-21T04:09:52.419909Z,2026-08-21T04:09:52.419909Z,the-odds-api.com,FanDuel,130,-160,0.43478260869565216,0.6153846153846154,1.0501672240802675,0.4140127388535032,bbf30f96d8234812eee2199224f137aaefe623d2187a7cb50f8ed783daf0b649
1,819f2077a5430a432e3098be0346211ea1745ab861183b8f23896f0623bc69be,capture_20260821T040952153014Z_32445877287_1_21d2fbdf2fb6,matchup_d628bb58b0c90e5d3f480b744bc8679bc4858110672f89746bbd8d85f07e21f6,,a0a69dc9914ef6e1,71171fc96445bf65,e2f6b2769aaedd6c,Vitor Petrino,Serghei Spivac,2026-08-22,date,,2026-08-21T04:09:52.419909Z,2026-08-21T04:09:52.419909Z,the-odds-api.com,Fliff,-155,120,0.6078431372549019,0.45454545454545453,1.0623885918003564,0.5721476510067114,bbf30f96d8234812eee2199224f137aaefe623d2187a7cb50f8ed783daf0b649
1,8591b51b945d44d5a240b8a608ba233b1b40a32658899defa43d73a85aabcd03,capture_20260821T040952153014Z_32445877287_1_21d2fbdf2fb6,matchup_f02d13336e28fd11d4d67ce3b551ef79a82807effcfdfa6987ffff00233b14ae,,a0a69dc9914ef6e1,8061a3136026a673,f1ab6f37492c630a,Jeisla Chaves,Carli Judice,2026-08-22,date,,2026-08-21T04:09:52.419909Z,2026-08-21T04:09:52.419909Z,the-odds-api.com,Hard Rock Bet,350,-525,0.2222222222222222,0.84,1.0622222222222222,0.20920502092050208,bbf30f96d8234812eee2199224f137aaefe623d2187a7cb50f8ed783daf0b649
1,86e5dbcffb0d8afbf9eadd898b30152ae80a4c3c177a905ae9c34b19f998b590,capture_20260821T040952153014Z_32445877287_1_21d2fbdf2fb6,matchup_68e6abbd2402f75a27fca169bbb4b6b4bd8efdf38b2c6172adc63c57c031d894,,a0a69dc9914ef6e1,e2be0c1a9b886d92,f6ad6a1e4d600e0d,MarQuel Mederos,Mason Jones,2026-08-22,date,,2026-08-21T04:09:52.419909Z,2026-08-21T04:09:52.419909Z,the-odds-api.com,Bovada,255,-310,0.28169014084507044,0.7560975609756098,1.0377877018206803,0.27143330023171136,bbf30f96d8234812eee2199224f137aaefe623d2187a7cb50f8ed783daf0b649
1,88240031b9b142bb4485c11426496fb18a455baa731472e6daf20d6d66cc722e,capture_20260821T040952153014Z_32445877287_1_21d2fbdf2fb6,matchup_5730dbcc9e78781d742f558f3f53256730837650eeeaf894ac53e8987a994db1,,a0a69dc9914ef6e1,640a0f838f057a81,e00a3dee329a51f7,Lerryan Douglas,Jamall Emmers,2026-08-22,date,,2026-08-21T04:09:52.419909Z,2026-08-21T04:09:52.419909Z,the-odds-api.com,BetRivers,-400,295,0.8,0.25316455696202533,1.0531645569620254,0.7596153846153846,bbf30f96d8234812eee2199224f137aaefe623d2187a7cb50f8ed783daf0b649
1,89be307b6b8262e819538588adfba1baf254656f87065810a6546a184ebcd9c8,capture_20260821T040952153014Z_32445877287_1_21d2fbdf2fb6,matchup_564b24b09c16a5d3d71c2e1db2bb03effe03df5c7e291ae2c10b973d56f78dfa,,a0a69dc9914ef6e1,5be51426ff3c1929,b2a78df161bd67f9,Stan Dorsainvil,Gauge Young,2026-08-22,date,,2026-08-21T04:09:52.419909Z,2026-08-21T04:09:52.419909Z,the-odds-api.com,BetUS,134,-160,0.42735042735042733,0.6153846153846154,1.0427350427350428,0.40983606557377045,bbf30f96d8234812eee2199224f137aaefe623d2187a7cb50f8ed783daf0b649
1,8a99191181d60468383a643d9ad1f2d31e9be879cf875bde6b355f386be18492,capture_20260821T040952153014Z_32445877287_1_21d2fbdf2fb6,matchup_1b9d090be42bc9cbe7c6977d3323219dc57a10c1cb31157b44ed89d760b0a8d7,,a0a69dc9914ef6e1,327d5f279895110d,d549cefc7c54ab78,Roman Dolidze,Reinier de Ridder,2026-08-22,date,,2026-08-21T04:09:52.419909Z,2026-08-21T04:09:52.419909Z,the-odds-api.com,BetOnline.ag,300,-400,0.25,0.8,1.05,0.23809523809523808,bbf30f96d8234812eee2199224f137aaefe623d2187a7cb50f8ed783daf0b649
1,8cc6e3624315e29cd5738482e921de3ae6ab698772f46a552fb89da9b59b251a,capture_20260821T040952153014Z_32445877287_1_21d2fbdf2fb6,matchup_240a006adfc1849d47645e66ebc57cbc6f91d7c8144d48635ac4007950c16f48,,a0a69dc9914ef6e1,6747ccd6d1acd266,8667caa0451d245b,Shamil Gaziev,Kennedy Nzechukwu,2026-08-22,date,,2026-08-21T04:09:52.419909Z,2026-08-21T04:09:52.419909Z,the-odds-api.com,Bally Bet,-139,112,0.5815899581589958,0.4716981132075472,1.0532880713665431,0.5521660920401739,bbf30f96d8234812eee2199224f137aaefe623d2187a7cb50f8ed783daf0b649
1,8d6c1c996f2179ad668e2e544f883ace9926a75200099bc1efdf4fa61c317858,capture_20260821T040952153014Z_32445877287_1_21d2fbdf2fb6,matchup_b04f10f44923c1dd86777d35d18bf07dc4299e65e48d7b713d20daceb3137f2e,,a0a69dc9914ef6e1,ac7c765882f2c68c,cfbb3edab781dfd2,Elise Reed,Shanelle Dyer,2026-08-22,date,,2026-08-21T04:09:52.419909Z,2026-08-21T04:09:52.419909Z,the-odds-api.com,BetRivers,525,-835,0.16,0.893048128342246,1.053048128342246,0.15193987406053222,bbf30f96d8234812eee2199224f137aaefe623d2187a7cb50f8ed783daf0b649
1,90d6f3278b130dba06860cdc81a0384eb36102ea5cfa15386cca8d02585d4a09,capture_20260821T040952153014Z_32445877287_1_21d2fbdf2fb6,matchup_d3057e06ce72d9d426192e08d0d671361d06fc52181a58554253d713bb947db0,,a0a69dc9914ef6e1,c85bad793cd14e28,d958ed9e5a08c849,Marcio Barbosa,Ryan Kuse,2026-08-22,date,,2026-08-21T04:09:52.419909Z,2026-08-21T04:09:52.419909Z,the-odds-api.com,Bally Bet,-1000,600,0.9090909090909091,0.14285714285714285,1.051948051948052,0.8641975308641975,bbf30f96d8234812eee2199224f137aaefe623d2187a7cb50f8ed783daf0b649
1,96aa62bd8b757b1c0b4ca09c271929ab14d879a18396f0e1add4c78973ddff60,capture_20260821T040952153014Z_32445877287_1_21d2fbdf2fb6,matchup_b04f10f44923c1dd86777d35d18bf07dc4299e65e48d7b713d20daceb3137f2e,,a0a69dc9914ef6e1,ac7c765882f2c68c,cfbb3edab781dfd2,Elise Reed,Shanelle Dyer,2026-08-22,date,,2026-08-21T04:09:52.419909Z,2026-08-21T04:09:52.419909Z,the-odds-api.com,DraftKings,575,-850,0.14814814814814814,0.8947368421052632,1.0428849902534112,0.14205607476635515,bbf30f96d8234812eee2199224f137aaefe623d2187a7cb50f8ed783daf0b649
1,9756c87a3ccd7aa2285316d7051c180e73264b36063ff2bcd6ca618fa13d4d36,capture_20260821T040952153014Z_32445877287_1_21d2fbdf2fb6,matchup_d3057e06ce72d9d426192e08d0d671361d06fc52181a58554253d713bb947db0,,a0a69dc9914ef6e1,c85bad793cd14e28,d958ed9e5a08c849,Marcio Barbosa,Ryan Kuse,2026-08-22,date,,2026-08-21T04:09:52.419909Z,2026-08-21T04:09:52.419909Z,the-odds-api.com,BetAnything,-900,485,0.9,0.17094017094017094,1.070940170940171,0.8403830806065443,bbf30f96d8234812eee2199224f137aaefe623d2187a7cb50f8ed783daf0b649
1,99498f5342883b5f9d1fcb6e264ab918e9f9ed3f76ed75912b3dddf4bc5ad54f,capture_20260821T040952153014Z_32445877287_1_21d2fbdf2fb6,matchup_d3057e06ce72d9d426192e08d0d671361d06fc52181a58554253d713bb947db0,,a0a69dc9914ef6e1,c85bad793cd14e28,d958ed9e5a08c849,Marcio Barbosa,Ryan Kuse,2026-08-22,date,,2026-08-21T04:09:52.419909Z,2026-08-21T04:09:52.419909Z,the-odds-api.com,DraftKings,-750,525,0.8823529411764706,0.16,1.0423529411764705,0.8465011286681716,bbf30f96d8234812eee2199224f137aaefe623d2187a7cb50f8ed783daf0b649
1,9a05d82a78bd5f7781631418d5742961e1e599c4bbc137a4aa17eafa8702a4d3,capture_20260821T040952153014Z_32445877287_1_21d2fbdf2fb6,matchup_b8b3107093e97e3246a7af79a6851dcba8bd810a295a6759bd6d28b78f753335,,a0a69dc9914ef6e1,3eeec2f53cebdf12,b4443fae47e7eb9d,Jackson McVey,Wes Schultz,2026-08-22,date,,2026-08-21T04:09:52.419909Z,2026-08-21T04:09:52.419909Z,the-odds-api.com,BetUS,-170,142,0.6296296296296297,0.4132231404958678,1.0428527701254975,0.6037569709421778,bbf30f96d8234812eee2199224f137aaefe623d2187a7cb50f8ed783daf0b649
1,9b4656e163cccb9d11e4b76a0e68eb04131e1a75e81960f61807b57525965d96,capture_20260821T040952153014Z_32445877287_1_21d2fbdf2fb6,matchup_fed9bd92cf25bf722674809712169440431c7630ef62bc2874998709ca4801e9,,a0a69dc9914ef6e1,23a81656507b56a3,b34976c022b24568,Terrance Chatman,Anthony Wint,2026-08-22,date,,2026-08-21T04:09:52.419909Z,2026-08-21T04:09:52.419909Z,the-odds-api.com,BetRivers,650,-1115,0.13333333333333333,0.9176954732510288,1.0510288065843623,0.1268598277212216,bbf30f96d8234812eee2199224f137aaefe623d2187a7cb50f8ed783daf0b649
1,9e04b981b555d67ffa49793fd8a7bf912bc069cf20671eff90bc38ea121229c5,capture_20260821T040952153014Z_32445877287_1_21d2fbdf2fb6,matchup_b8b3107093e97e3246a7af79a6851dcba8bd810a295a6759bd6d28b78f753335,,a0a69dc9914ef6e1,3eeec2f53cebdf12,b4443fae47e7eb9d,Jackson McVey,Wes Schultz,2026-08-22,date,,2026-08-21T04:09:52.419909Z,2026-08-21T04:09:52.419909Z,the-odds-api.com,DraftKings,-175,145,0.6363636363636364,0.40816326530612246,1.0445269016697587,0.6092362344582594,bbf30f96d8234812eee2199224f137aaefe623d2187a7cb50f8ed783daf0b649
1,9e81178ba7778d194287d499b243133904d17767d06709274706b0d758af59e2,capture_20260821T040952153014Z_32445877287_1_21d2fbdf2fb6,matchup_1b9d090be42bc9cbe7c6977d3323219dc57a10c1cb31157b44ed89d760b0a8d7,,a0a69dc9914ef6e1,327d5f279895110d,d549cefc7c54ab78,Roman Dolidze,Reinier de Ridder,2026-08-22,date,,2026-08-21T04:09:52.419909Z,2026-08-21T04:09:52.419909Z,the-odds-api.com,betPARX,295,-400,0.25316455696202533,0.8,1.0531645569620254,0.2403846153846154,bbf30f96d8234812eee2199224f137aaefe623d2187a7cb50f8ed783daf0b649
1,9e9acb0a0b7c2ebad687e69c7f53be51c7f7d50f96d39fcf4242acc7f422b8c2,capture_20260821T040952153014Z_32445877287_1_21d2fbdf2fb6,matchup_b04f10f44923c1dd86777d35d18bf07dc4299e65e48d7b713d20daceb3137f2e,,a0a69dc9914ef6e1,ac7c765882f2c68c,cfbb3edab781dfd2,Elise Reed,Shanelle Dyer,2026-08-22,date,,2026-08-21T04:09:52.419909Z,2026-08-21T04:09:52.419909Z,the-odds-api.com,Bovada,600,-900,0.14285714285714285,0.9,1.042857142857143,0.136986301369863,bbf30f96d8234812eee2199224f137aaefe623d2187a7cb50f8ed783daf0b649
1,a59c96531ba864c5788e264f45963ce5677446c7644bdf769810b9fa32455d01,capture_20260821T040952153014Z_32445877287_1_21d2fbdf2fb6,matchup_5730dbcc9e78781d742f558f3f53256730837650eeeaf894ac53e8987a994db1,,a0a69dc9914ef6e1,640a0f838f057a81,e00a3dee329a51f7,Lerryan Douglas,Jamall Emmers,2026-08-22,date,,2026-08-21T04:09:52.419909Z,2026-08-21T04:09:52.419909Z,the-odds-api.com,betPARX,-400,295,0.8,0.25316455696202533,1.0531645569620254,0.7596153846153846,bbf30f96d8234812eee2199224f137aaefe623d2187a7cb50f8ed783daf0b649
1,a6bb2e816a58fe5b213ba1331d4fec2c789e3b10e496064df1d14f51510b9a7f,capture_20260821T040952153014Z_32445877287_1_21d2fbdf2fb6,matchup_4c03993f07ac33b8ae81fd66c8b4c39f26474009ae11e6dcbcb4c942c33e8f6f,,a0a69dc9914ef6e1,06626b6287e1ae1e,b7b84ccd221be298,Chris Padilla,Nasrat Haqparast,2026-08-22,date,,2026-08-21T04:09:52.419909Z,2026-08-21T04:09:52.419909Z,the-odds-api.com,Hard Rock Bet,100,-125,0.5,0.5555555555555556,1.0555555555555556,0.47368421052631576,bbf30f96d8234812eee2199224f137aaefe623d2187a7cb50f8ed783daf0b649
1,a7ddbd40df3146819d36060ac3071b1d3e34523091ba8dbfa9eec79585a8eb4e,capture_20260821T040952153014Z_32445877287_1_21d2fbdf2fb6,matchup_564b24b09c16a5d3d71c2e1db2bb03effe03df5c7e291ae2c10b973d56f78dfa,,a0a69dc9914ef6e1,5be51426ff3c1929,b2a78df161bd67f9,Stan Dorsainvil,Gauge Young,2026-08-22,date,,2026-08-21T04:09:52.419909Z,2026-08-21T04:09:52.419909Z,the-odds-api.com,BetAnything,130,-160,0.43478260869565216,0.6153846153846154,1.0501672240802675,0.4140127388535032,bbf30f96d8234812eee2199224f137aaefe623d2187a7cb50f8ed783daf0b649
1,a90e7ef0901d353d76ccd5edb3d1f487817bd7573117f579de78cfb60fb6660d,capture_20260821T040952153014Z_32445877287_1_21d2fbdf2fb6,matchup_68e6abbd2402f75a27fca169bbb4b6b4bd8efdf38b2c6172adc63c57c031d894,,a0a69dc9914ef6e1,e2be0c1a9b886d92,f6ad6a1e4d600e0d,MarQuel Mederos,Mason Jones,2026-08-22,date,,2026-08-21T04:09:52.419909Z,2026-08-21T04:09:52.419909Z,the-odds-api.com,BetAnything,240,-310,0.29411764705882354,0.7560975609756098,1.0502152080344334,0.28005464480874315,bbf30f96d8234812eee2199224f137aaefe623d2187a7cb50f8ed783daf0b649
1,b10347f39564928308ac9279f651ec8586ff50fa0d004a2587de9cf25772ad20,capture_20260821T040952153014Z_32445877287_1_21d2fbdf2fb6,matchup_ff8fe821f0bf7db65c0f5918339e7534290ecc001f4a1ccd0cd954294f76f759,,a0a69dc9914ef6e1,093e1f5bb73850be,d1c65d2cf2925ddd,Anthony Hernandez,Gregory Rodrigues,2026-08-22,date,,2026-08-21T04:09:52.419909Z,2026-08-21T04:09:52.419909Z,the-odds-api.com,Hard Rock Bet,-185,150,0.6491228070175439,0.4,1.049122807017544,0.6187290969899665,bbf30f96d8234812eee2199224f137aaefe623d2187a7cb50f8ed783daf0b649
1,b11ac1939a2fde8993c1ceb1bbd2427696a220c8b1a880c38522151a6683b4f7,capture_20260821T040952153014Z_32445877287_1_21d2fbdf2fb6,matchup_b8b3107093e97e3246a7af79a6851dcba8bd810a295a6759bd6d28b78f753335,,a0a69dc9914ef6e1,3eeec2f53cebdf12,b4443fae47e7eb9d,Jackson McVey,Wes Schultz,2026-08-22,date,,2026-08-21T04:09:52.419909Z,2026-08-21T04:09:52.419909Z,the-odds-api.com,FanDuel,-184,148,0.647887323943662,0.4032258064516129,1.051113130395275,0.6163821050356603,bbf30f96d8234812eee2199224f137aaefe623d2187a7cb50f8ed783daf0b649
1,b11ddc9abf965068c8e9502fcd95ad0bddcc318944818ff94523b20701cedc71,capture_20260821T040952153014Z_32445877287_1_21d2fbdf2fb6,matchup_240a006adfc1849d47645e66ebc57cbc6f91d7c8144d48635ac4007950c16f48,,a0a69dc9914ef6e1,6747ccd6d1acd266,8667caa0451d245b,Shamil Gaziev,Kennedy Nzechukwu,2026-08-22,date,,2026-08-21T04:09:52.419909Z,2026-08-21T04:09:52.419909Z,the-odds-api.com,Hard Rock Bet,-140,110,0.5833333333333334,0.47619047619047616,1.0595238095238095,0.550561797752809,bbf30f96d8234812eee2199224f137aaefe623d2187a7cb50f8ed783daf0b649
1,b3305bfd51f4a0e83a6af6ec70f7e9125f156988ad32308c0b66ada6880251a7,capture_20260821T040952153014Z_32445877287_1_21d2fbdf2fb6,matchup_5730dbcc9e78781d742f558f3f53256730837650eeeaf894ac53e8987a994db1,,a0a69dc9914ef6e1,640a0f838f057a81,e00a3dee329a51f7,Lerryan Douglas,Jamall Emmers,2026-08-22,date,,2026-08-21T04:09:52.419909Z,2026-08-21T04:09:52.419909Z,the-odds-api.com,BetAnything,-380,250,0.7916666666666666,0.2857142857142857,1.0773809523809523,0.7348066298342542,bbf30f96d8234812eee2199224f137aaefe623d2187a7cb50f8ed783daf0b649
1,b748098ea1ff94978997782078ebca5b28e353f6113908e5a179e4f32010335a,capture_20260821T040952153014Z_32445877287_1_21d2fbdf2fb6,matchup_5730dbcc9e78781d742f558f3f53256730837650eeeaf894ac53e8987a994db1,,a0a69dc9914ef6e1,640a0f838f057a81,e00a3dee329a51f7,Lerryan Douglas,Jamall Emmers,2026-08-22,date,,2026-08-21T04:09:52.419909Z,2026-08-21T04:09:52.419909Z,the-odds-api.com,BetUS,-375,294,0.7894736842105263,0.25380710659898476,1.043280790809511,0.7567221510883484,bbf30f96d8234812eee2199224f137aaefe623d2187a7cb50f8ed783daf0b649
1,b78114b87908a69d04d8b1b794956d5e849e4388812ccdef02dda6d0c3ea4d98,capture_20260821T040952153014Z_32445877287_1_21d2fbdf2fb6,matchup_d3057e06ce72d9d426192e08d0d671361d06fc52181a58554253d713bb947db0,,a0a69dc9914ef6e1,c85bad793cd14e28,d958ed9e5a08c849,Marcio Barbosa,Ryan Kuse,2026-08-22,date,,2026-08-21T04:09:52.419909Z,2026-08-21T04:09:52.419909Z,the-odds-api.com,BetUS,-900,575,0.9,0.14814814814814814,1.0481481481481483,0.8586572438162543,bbf30f96d8234812eee2199224f137aaefe623d2187a7cb50f8ed783daf0b649
1,bbb8a051531877eb45b9ea36c17e5ed5668174afb8ac0e203f4ac0ab6371558d,capture_20260821T040952153014Z_32445877287_1_21d2fbdf2fb6,matchup_d3057e06ce72d9d426192e08d0d671361d06fc52181a58554253d713bb947db0,,a0a69dc9914ef6e1,c85bad793cd14e28,d958ed9e5a08c849,Marcio Barbosa,Ryan Kuse,2026-08-22,date,,2026-08-21T04:09:52.419909Z,2026-08-21T04:09:52.419909Z,the-odds-api.com,Hard Rock Bet,-1000,600,0.9090909090909091,0.14285714285714285,1.051948051948052,0.8641975308641975,bbf30f96d8234812eee2199224f137aaefe623d2187a7cb50f8ed783daf0b649
1,bc26dd29734c83594d412ba1a5f0c92050ed8ea18c8874abfe04725da341a59d,capture_20260821T040952153014Z_32445877287_1_21d2fbdf2fb6,matchup_5730dbcc9e78781d742f558f3f53256730837650eeeaf894ac53e8987a994db1,,a0a69dc9914ef6e1,640a0f838f057a81,e00a3dee329a51f7,Lerryan Douglas,Jamall Emmers,2026-08-22,date,,2026-08-21T04:09:52.419909Z,2026-08-21T04:09:52.419909Z,the-odds-api.com,DraftKings,-395,310,0.797979797979798,0.24390243902439024,1.0418822370041882,0.7659021045164341,bbf30f96d8234812eee2199224f137aaefe623d2187a7cb50f8ed783daf0b649
1,bcb2329e9d46ff60762088d0adf5de736660f153a5a4be7e73c09495fc79d365,capture_20260821T040952153014Z_32445877287_1_21d2fbdf2fb6,matchup_1b9d090be42bc9cbe7c6977d3323219dc57a10c1cb31157b44ed89d760b0a8d7,,a0a69dc9914ef6e1,327d5f279895110d,d549cefc7c54ab78,Roman Dolidze,Reinier de Ridder,2026-08-22,date,,2026-08-21T04:09:52.419909Z,2026-08-21T04:09:52.419909Z,the-odds-api.com,BetAnything,255,-390,0.28169014084507044,0.7959183673469388,1.0776085081920093,0.2614030408108829,bbf30f96d8234812eee2199224f137aaefe623d2187a7cb50f8ed783daf0b649
1,bd35bf84781bf12e9db8c48eb77efd2c68a4d4af6749aa309e76a97ad2088865,capture_20260821T040952153014Z_32445877287_1_21d2fbdf2fb6,matchup_ff8fe821f0bf7db65c0f5918339e7534290ecc001f4a1ccd0cd954294f76f759,,a0a69dc9914ef6e1,093e1f5bb73850be,d1c65d2cf2925ddd,Anthony Hernandez,Gregory Rodrigues,2026-08-22,date,,2026-08-21T04:09:52.419909Z,2026-08-21T04:09:52.419909Z,the-odds-api.com,BetMGM,-200,165,0.6666666666666666,0.37735849056603776,1.0440251572327044,0.6385542168674698,bbf30f96d8234812eee2199224f137aaefe623d2187a7cb50f8ed783daf0b649
1,bd7bf33ffc8fdccd1276b269887870d5c6e6a0a93f365b0e09ec03777d74c6d3,capture_20260821T040952153014Z_32445877287_1_21d2fbdf2fb6,matchup_1b9d090be42bc9cbe7c6977d3323219dc57a10c1cb31157b44ed89d760b0a8d7,,a0a69dc9914ef6e1,327d5f279895110d,d549cefc7c54ab78,Roman Dolidze,Reinier de Ridder,2026-08-22,date,,2026-08-21T04:09:52.419909Z,2026-08-21T04:09:52.419909Z,the-odds-api.com,Hard Rock Bet,300,-400,0.25,0.8,1.05,0.23809523809523808,bbf30f96d8234812eee2199224f137aaefe623d2187a7cb50f8ed783daf0b649
1,c1213190b63da0e18afa21d7d2e66777425f96987d0f2e4e97d1a42cbabc67a7,capture_20260821T040952153014Z_32445877287_1_21d2fbdf2fb6,matchup_ff8fe821f0bf7db65c0f5918339e7534290ecc001f4a1ccd0cd954294f76f759,,a0a69dc9914ef6e1,093e1f5bb73850be,d1c65d2cf2925ddd,Anthony Hernandez,Gregory Rodrigues,2026-08-22,date,,2026-08-21T04:09:52.419909Z,2026-08-21T04:09:52.419909Z,the-odds-api.com,DraftKings,-205,170,0.6721311475409836,0.37037037037037035,1.042501517911354,0.644729178800233,bbf30f96d8234812eee2199224f137aaefe623d2187a7cb50f8ed783daf0b649
1,c15079f1d8122a270a3ae082952f112ca9b353090e1aca470f0441228854b5cf,capture_20260821T040952153014Z_32445877287_1_21d2fbdf2fb6,matchup_fed9bd92cf25bf722674809712169440431c7630ef62bc2874998709ca4801e9,,a0a69dc9914ef6e1,23a81656507b56a3,b34976c022b24568,Terrance Chatman,Anthony Wint,2026-08-22,date,,2026-08-21T04:09:52.419909Z,2026-08-21T04:09:52.419909Z,the-odds-api.com,FanDuel,680,-1200,0.1282051282051282,0.9230769230769231,1.0512820512820513,0.1219512195121951,bbf30f96d8234812eee2199224f137aaefe623d2187a7cb50f8ed783daf0b649
1,c455b120b9b4f54ff6cfa7d97c81c598c0451de1ae23c027356459536b0ada95,capture_20260821T040952153014Z_32445877287_1_21d2fbdf2fb6,matchup_5730dbcc9e78781d742f558f3f53256730837650eeeaf894ac53e8987a994db1,,a0a69dc9914ef6e1,640a0f838f057a81,e00a3dee329a51f7,Lerryan Douglas,Jamall Emmers,2026-08-22,date,,2026-08-21T04:09:52.419909Z,2026-08-21T04:09:52.419909Z,the-odds-api.com,BetOnline.ag,-380,303,0.7916666666666666,0.24813895781637718,1.0398056244830438,0.7613602465944118,bbf30f96d8234812eee2199224f137aaefe623d2187a7cb50f8ed783daf0b649
1,c69c8df02aa91e5790623e310e30f02cb31e1481634702f0865eb3d7c80e2f40,capture_20260821T040952153014Z_32445877287_1_21d2fbdf2fb6,matchup_d628bb58b0c90e5d3f480b744bc8679bc4858110672f89746bbd8d85f07e21f6,,a0a69dc9914ef6e1,71171fc96445bf65,e2f6b2769aaedd6c,Vitor Petrino,Serghei Spivac,2026-08-22,date,,2026-08-21T04:09:52.419909Z,2026-08-21T04:09:52.419909Z,the-odds-api.com,Hard Rock Bet,-145,120,0.5918367346938775,0.45454545454545453,1.0463821892393321,0.5656028368794326,bbf30f96d8234812eee2199224f137aaefe623d2187a7cb50f8ed783daf0b649
1,c7089dddbbbc4e8acb9c2f24aa315aafb9f88990c6a446146b3a376bf5995145,capture_20260821T040952153014Z_32445877287_1_21d2fbdf2fb6,matchup_4c03993f07ac33b8ae81fd66c8b4c39f26474009ae11e6dcbcb4c942c33e8f6f,,a0a69dc9914ef6e1,06626b6287e1ae1e,b7b84ccd221be298,Chris Padilla,Nasrat Haqparast,2026-08-22,date,,2026-08-21T04:09:52.419909Z,2026-08-21T04:09:52.419909Z,the-odds-api.com,BetMGM,-105,-115,0.5121951219512195,0.5348837209302325,1.0470788428814521,0.4891657638136511,bbf30f96d8234812eee2199224f137aaefe623d2187a7cb50f8ed783daf0b649
1,ca61d71e2cf3a7d83391241913aa6bf58cbd4e8c349be5d65a656786b94044c6,capture_20260821T040952153014Z_32445877287_1_21d2fbdf2fb6,matchup_d3057e06ce72d9d426192e08d0d671361d06fc52181a58554253d713bb947db0,,a0a69dc9914ef6e1,c85bad793cd14e28,d958ed9e5a08c849,Marcio Barbosa,Ryan Kuse,2026-08-22,date,,2026-08-21T04:09:52.419909Z,2026-08-21T04:09:52.419909Z,the-odds-api.com,BetOnline.ag,-900,600,0.9,0.14285714285714285,1.042857142857143,0.863013698630137,bbf30f96d8234812eee2199224f137aaefe623d2187a7cb50f8ed783daf0b649
1,cad8e297e9786b086f82be1052f51eae288d46cc81288c98b0262f561ef0916d,capture_20260821T040952153014Z_32445877287_1_21d2fbdf2fb6,matchup_f02d13336e28fd11d4d67ce3b551ef79a82807effcfdfa6987ffff00233b14ae,,a0a69dc9914ef6e1,8061a3136026a673,f1ab6f37492c630a,Jeisla Chaves,Carli Judice,2026-08-22,date,,2026-08-21T04:09:52.419909Z,2026-08-21T04:09:52.419909Z,the-odds-api.com,BetAnything,360,-590,0.21739130434782608,0.855072463768116,1.0724637681159421,0.2027027027027027,bbf30f96d8234812eee2199224f137aaefe623d2187a7cb50f8ed783daf0b649
1,cb7088ed7b8c98286319037dc376170c3ef312f1ab3f82fca8dfe6bf45b1d4a0,capture_20260821T040952153014Z_32445877287_1_21d2fbdf2fb6,matchup_1b9d090be42bc9cbe7c6977d3323219dc57a10c1cb31157b44ed89d760b0a8d7,,a0a69dc9914ef6e1,327d5f279895110d,d549cefc7c54ab78,Roman Dolidze,Reinier de Ridder,2026-08-22,date,,2026-08-21T04:09:52.419909Z,2026-08-21T04:09:52.419909Z,the-odds-api.com,FanDuel,320,-430,0.23809523809523808,0.8113207547169812,1.0494159928122193,0.22688356164383558,bbf30f96d8234812eee2199224f137aaefe623d2187a7cb50f8ed783daf0b649
1,d244cb3499f41d1e8887c3c67a709d2d6ee23ed1e5e70cea5c424bab41e0a833,capture_20260821T040952153014Z_32445877287_1_21d2fbdf2fb6,matchup_b8b3107093e97e3246a7af79a6851dcba8bd810a295a6759bd6d28b78f753335,,a0a69dc9914ef6e1,3eeec2f53cebdf12,b4443fae47e7eb9d,Jackson McVey,Wes Schultz,2026-08-22,date,,2026-08-21T04:09:52.419909Z,2026-08-21T04:09:52.419909Z,the-odds-api.com,Bovada,-172,147,0.6323529411764706,0.4048582995951417,1.0372112407716123,0.6096664944607083,bbf30f96d8234812eee2199224f137aaefe623d2187a7cb50f8ed783daf0b649
1,d2eff7e4a8252c846f135836d160f9279f23ebac8a9a98a8b27b21c6e87c3be2,capture_20260821T040952153014Z_32445877287_1_21d2fbdf2fb6,matchup_564b24b09c16a5d3d71c2e1db2bb03effe03df5c7e291ae2c10b973d56f78dfa,,a0a69dc9914ef6e1,5be51426ff3c1929,b2a78df161bd67f9,Stan Dorsainvil,Gauge Young,2026-08-22,date,,2026-08-21T04:09:52.419909Z,2026-08-21T04:09:52.419909Z,the-odds-api.com,betPARX,128,-159,0.43859649122807015,0.6138996138996139,1.052496105127684,0.41672029862273136,bbf30f96d8234812eee2199224f137aaefe623d2187a7cb50f8ed783daf0b649
1,d3b04d9b29b193f6d6eb7d21ef49efaf85011d184ff71607a36cb51f8262e092,capture_20260821T040952153014Z_32445877287_1_21d2fbdf2fb6,matchup_f02d13336e28fd11d4d67ce3b551ef79a82807effcfdfa6987ffff00233b14ae,,a0a69dc9914ef6e1,8061a3136026a673,f1ab6f37492c630a,Jeisla Chaves,Carli Judice,2026-08-22,date,,2026-08-21T04:09:52.419909Z,2026-08-21T04:09:52.419909Z,the-odds-api.com,Bovada,450,-600,0.18181818181818182,0.8571428571428571,1.0389610389610389,0.17500000000000002,bbf30f96d8234812eee2199224f137aaefe623d2187a7cb50f8ed783daf0b649
1,d70d3aae161326880ab18a7e241d4c679557f4986e43ad2fb54fd6d68a153b0d,capture_20260821T040952153014Z_32445877287_1_21d2fbdf2fb6,matchup_d628bb58b0c90e5d3f480b744bc8679bc4858110672f89746bbd8d85f07e21f6,,a0a69dc9914ef6e1,71171fc96445bf65,e2f6b2769aaedd6c,Vitor Petrino,Serghei Spivac,2026-08-22,date,,2026-08-21T04:09:52.419909Z,2026-08-21T04:09:52.419909Z,the-odds-api.com,FanDuel,-154,126,0.6062992125984252,0.4424778761061947,1.04877708870462,0.5781011228489802,bbf30f96d8234812eee2199224f137aaefe623d2187a7cb50f8ed783daf0b649
1,d76363bcf8a761363c5ca2c51844136ed1db506dbfc31a885e3ebd373638b0be,capture_20260821T040952153014Z_32445877287_1_21d2fbdf2fb6,matchup_1b9d090be42bc9cbe7c6977d3323219dc57a10c1cb31157b44ed89d760b0a8d7,,a0a69dc9914ef6e1,327d5f279895110d,d549cefc7c54ab78,Roman Dolidze,Reinier de Ridder,2026-08-22,date,,2026-08-21T04:09:52.419909Z,2026-08-21T04:09:52.419909Z,the-odds-api.com,BetUS,309,-400,0.24449877750611246,0.8,1.0444987775061125,0.2340823970037453,bbf30f96d8234812eee2199224f137aaefe623d2187a7cb50f8ed783daf0b649
1,db2e3c9215115f2982b018b1e503e104b761df4c85d209718623bbd9e81c77ff,capture_20260821T040952153014Z_32445877287_1_21d2fbdf2fb6,matchup_ff8fe821f0bf7db65c0f5918339e7534290ecc001f4a1ccd0cd954294f76f759,,a0a69dc9914ef6e1,093e1f5bb73850be,d1c65d2cf2925ddd,Anthony Hernandez,Gregory Rodrigues,2026-08-22,date,,2026-08-21T04:09:52.419909Z,2026-08-21T04:09:52.419909Z,the-odds-api.com,BetOnline.ag,-190,165,0.6551724137931034,0.37735849056603776,1.0325309043591413,0.6345305608065531,bbf30f96d8234812eee2199224f137aaefe623d2187a7cb50f8ed783daf0b649
1,ddb745229e3b3919eea4282f10138361a4a0315a2ef81e4472ec08786dc7972f,capture_20260821T040952153014Z_32445877287_1_21d2fbdf2fb6,matchup_4c03993f07ac33b8ae81fd66c8b4c39f26474009ae11e6dcbcb4c942c33e8f6f,,a0a69dc9914ef6e1,06626b6287e1ae1e,b7b84ccd221be298,Chris Padilla,Nasrat Haqparast,2026-08-22,date,,2026-08-21T04:09:52.419909Z,2026-08-21T04:09:52.419909Z,the-odds-api.com,FanDuel,-102,-120,0.504950495049505,0.5454545454545454,1.0504050405040504,0.48071979434447304,bbf30f96d8234812eee2199224f137aaefe623d2187a7cb50f8ed783daf0b649
1,de5a11189b31e97663332222ff1c9e100ff419c43844b50ddc95a5392e1549fb,capture_20260821T040952153014Z_32445877287_1_21d2fbdf2fb6,matchup_b04f10f44923c1dd86777d35d18bf07dc4299e65e48d7b713d20daceb3137f2e,,a0a69dc9914ef6e1,ac7c765882f2c68c,cfbb3edab781dfd2,Elise Reed,Shanelle Dyer,2026-08-22,date,,2026-08-21T04:09:52.419909Z,2026-08-21T04:09:52.419909Z,the-odds-api.com,Hard Rock Bet,525,-850,0.16,0.8947368421052632,1.0547368421052632,0.15169660678642716,bbf30f96d8234812eee2199224f137aaefe623d2187a7cb50f8ed783daf0b649
1,de89830211dc2456478976523bc55fe8d7c9ac4775fdaf2ce9c6ee2884c7a326,capture_20260821T040952153014Z_32445877287_1_21d2fbdf2fb6,matchup_b04f10f44923c1dd86777d35d18bf07dc4299e65e48d7b713d20daceb3137f2e,,a0a69dc9914ef6e1,ac7c765882f2c68c,cfbb3edab781dfd2,Elise Reed,Shanelle Dyer,2026-08-22,date,,2026-08-21T04:09:52.419909Z,2026-08-21T04:09:52.419909Z,the-odds-api.com,FanDuel,540,-900,0.15625,0.9,1.05625,0.14792899408284024,bbf30f96d8234812eee2199224f137aaefe623d2187a7cb50f8ed783daf0b649
1,dfac8048c11758485f3e13b9a17884fe9580ee02f2774fd9caafe80c3b522427,capture_20260821T040952153014Z_32445877287_1_21d2fbdf2fb6,matchup_d3057e06ce72d9d426192e08d0d671361d06fc52181a58554253d713bb947db0,,a0a69dc9914ef6e1,c85bad793cd14e28,d958ed9e5a08c849,Marcio Barbosa,Ryan Kuse,2026-08-22,date,,2026-08-21T04:09:52.419909Z,2026-08-21T04:09:52.419909Z,the-odds-api.com,betPARX,-1000,600,0.9090909090909091,0.14285714285714285,1.051948051948052,0.8641975308641975,bbf30f96d8234812eee2199224f137aaefe623d2187a7cb50f8ed783daf0b649
1,e015e3cf3d939256935612cdf6a35eb8195af4754d6efda51e6d86f5ec0d1d0b,capture_20260821T040952153014Z_32445877287_1_21d2fbdf2fb6,matchup_f02d13336e28fd11d4d67ce3b551ef79a82807effcfdfa6987ffff00233b14ae,,a0a69dc9914ef6e1,8061a3136026a673,f1ab6f37492c630a,Jeisla Chaves,Carli Judice,2026-08-22,date,,2026-08-21T04:09:52.419909Z,2026-08-21T04:09:52.419909Z,the-odds-api.com,BetOnline.ag,450,-625,0.18181818181818182,0.8620689655172413,1.0438871473354232,0.1741741741741742,bbf30f96d8234812eee2199224f137aaefe623d2187a7cb50f8ed783daf0b649
1,e0602249cfb66f4b6c9b70c8f7f36a90dddff56a49f59bc0cdca19c2edb23178,capture_20260821T040952153014Z_32445877287_1_21d2fbdf2fb6,matchup_fed9bd92cf25bf722674809712169440431c7630ef62bc2874998709ca4801e9,,a0a69dc9914ef6e1,23a81656507b56a3,b34976c022b24568,Terrance Chatman,Anthony Wint,2026-08-22,date,,2026-08-21T04:09:52.419909Z,2026-08-21T04:09:52.419909Z,the-odds-api.com,BetMGM,750,-1200,0.11764705882352941,0.9230769230769231,1.0407239819004526,0.11304347826086955,bbf30f96d8234812eee2199224f137aaefe623d2187a7cb50f8ed783daf0b649
1,e3776751ebc222d7ea2eb214646e6e6ba2413d42e4598913a0efa2fe852bf930,capture_20260821T040952153014Z_32445877287_1_21d2fbdf2fb6,matchup_d3057e06ce72d9d426192e08d0d671361d06fc52181a58554253d713bb947db0,,a0a69dc9914ef6e1,c85bad793cd14e28,d958ed9e5a08c849,Marcio Barbosa,Ryan Kuse,2026-08-22,date,,2026-08-21T04:09:52.419909Z,2026-08-21T04:09:52.419909Z,the-odds-api.com,FanDuel,-900,570,0.9,0.14925373134328357,1.0492537313432835,0.8577524893314368,bbf30f96d8234812eee2199224f137aaefe623d2187a7cb50f8ed783daf0b649
1,e520abaa8a57e94dae9c23a8aaad1766cd942773e2b60abcd60675754cd35c00,capture_20260821T040952153014Z_32445877287_1_21d2fbdf2fb6,matchup_b04f10f44923c1dd86777d35d18bf07dc4299e65e48d7b713d20daceb3137f2e,,a0a69dc9914ef6e1,ac7c765882f2c68c,cfbb3edab781dfd2,Elise Reed,Shanelle Dyer,2026-08-22,date,,2026-08-21T04:09:52.419909Z,2026-08-21T04:09:52.419909Z,the-odds-api.com,BetOnline.ag,534,-750,0.15772870662460567,0.8823529411764706,1.0400816478010761,0.15165031222123104,bbf30f96d8234812eee2199224f137aaefe623d2187a7cb50f8ed783daf0b649
1,e72b794921c3a86de3d6fdb209a733335b2154167cebeb34739cee6504c50c95,capture_20260821T040952153014Z_32445877287_1_21d2fbdf2fb6,matchup_240a006adfc1849d47645e66ebc57cbc6f91d7c8144d48635ac4007950c16f48,,a0a69dc9914ef6e1,6747ccd6d1acd266,8667caa0451d245b,Shamil Gaziev,Kennedy Nzechukwu,2026-08-22,date,,2026-08-21T04:09:52.419909Z,2026-08-21T04:09:52.419909Z,the-odds-api.com,BetMGM,-135,110,0.574468085106383,0.47619047619047616,1.050658561296859,0.5467695274831245,bbf30f96d8234812eee2199224f137aaefe623d2187a7cb50f8ed783daf0b649
1,e8e4dfb3cc96700467fff3bb576b63daf6fef877d4bc6e29128e345c1134c663,capture_20260821T040952153014Z_32445877287_1_21d2fbdf2fb6,matchup_240a006adfc1849d47645e66ebc57cbc6f91d7c8144d48635ac4007950c16f48,,a0a69dc9914ef6e1,6747ccd6d1acd266,8667caa0451d245b,Shamil Gaziev,Kennedy Nzechukwu,2026-08-22,date,,2026-08-21T04:09:52.419909Z,2026-08-21T04:09:52.419909Z,the-odds-api.com,BetAnything,-140,110,0.5833333333333334,0.47619047619047616,1.0595238095238095,0.550561797752809,bbf30f96d8234812eee2199224f137aaefe623d2187a7cb50f8ed783daf0b649
1,e96afdbccd75de90e50f1ec7c5024a811c74e50b17b75a9e16208b4e254d53df,capture_20260821T040952153014Z_32445877287_1_21d2fbdf2fb6,matchup_240a006adfc1849d47645e66ebc57cbc6f91d7c8144d48635ac4007950c16f48,,a0a69dc9914ef6e1,6747ccd6d1acd266,8667caa0451d245b,Shamil Gaziev,Kennedy Nzechukwu,2026-08-22,date,,2026-08-21T04:09:52.419909Z,2026-08-21T04:09:52.419909Z,the-odds-api.com,betPARX,-139,112,0.5815899581589958,0.4716981132075472,1.0532880713665431,0.5521660920401739,bbf30f96d8234812eee2199224f137aaefe623d2187a7cb50f8ed783daf0b649
1,eb1992efa2eca54efc66c46691e3e16bd534b8871d3d098a574d714b34c7b252,capture_20260821T040952153014Z_32445877287_1_21d2fbdf2fb6,matchup_4c03993f07ac33b8ae81fd66c8b4c39f26474009ae11e6dcbcb4c942c33e8f6f,,a0a69dc9914ef6e1,06626b6287e1ae1e,b7b84ccd221be298,Chris Padilla,Nasrat Haqparast,2026-08-22,date,,2026-08-21T04:09:52.419909Z,2026-08-21T04:09:52.419909Z,the-odds-api.com,BetOnline.ag,-105,-115,0.5121951219512195,0.5348837209302325,1.0470788428814521,0.4891657638136511,bbf30f96d8234812eee2199224f137aaefe623d2187a7cb50f8ed783daf0b649
1,eb571f008e6843bfa4f99c9e6b6bc127e8cc99e3bc5c4b826753c016761f8d63,capture_20260821T040952153014Z_32445877287_1_21d2fbdf2fb6,matchup_1b9d090be42bc9cbe7c6977d3323219dc57a10c1cb31157b44ed89d760b0a8d7,,a0a69dc9914ef6e1,327d5f279895110d,d549cefc7c54ab78,Roman Dolidze,Reinier de Ridder,2026-08-22,date,,2026-08-21T04:09:52.419909Z,2026-08-21T04:09:52.419909Z,the-odds-api.com,Bovada,320,-410,0.23809523809523808,0.803921568627451,1.0420168067226891,0.22849462365591394,bbf30f96d8234812eee2199224f137aaefe623d2187a7cb50f8ed783daf0b649
1,ebc8e2a550ed9c89a12072daf94a95457f981b79b3a85a90ef8fa234e8bbaf51,capture_20260821T040952153014Z_32445877287_1_21d2fbdf2fb6,matchup_fed9bd92cf25bf722674809712169440431c7630ef62bc2874998709ca4801e9,,a0a69dc9914ef6e1,23a81656507b56a3,b34976c022b24568,Terrance Chatman,Anthony Wint,2026-08-22,date,,2026-08-21T04:09:52.419909Z,2026-08-21T04:09:52.419909Z,the-odds-api.com,Hard Rock Bet,650,-1100,0.13333333333333333,0.9166666666666666,1.05,0.12698412698412698,bbf30f96d8234812eee2199224f137aaefe623d2187a7cb50f8ed783daf0b649
1,ee006a2e67aba7e8a6bdb513ea1902307f2ec9c4bdb28cc8940fdce1c5825784,capture_20260821T040952153014Z_32445877287_1_21d2fbdf2fb6,matchup_b04f10f44923c1dd86777d35d18bf07dc4299e65e48d7b713d20daceb3137f2e,,a0a69dc9914ef6e1,ac7c765882f2c68c,cfbb3edab781dfd2,Elise Reed,Shanelle Dyer,2026-08-22,date,,2026-08-21T04:09:52.419909Z,2026-08-21T04:09:52.419909Z,the-odds-api.com,BetAnything,485,-900,0.17094017094017094,0.9,1.070940170940171,0.1596169193934557,bbf30f96d8234812eee2199224f137aaefe623d2187a7cb50f8ed783daf0b649
1,f3c739991d8040efa47db5440460109f1417d6216dbbdf9acc876c75a783c187,capture_20260821T040952153014Z_32445877287_1_21d2fbdf2fb6,matchup_240a006adfc1849d47645e66ebc57cbc6f91d7c8144d48635ac4007950c16f48,,a0a69dc9914ef6e1,6747ccd6d1acd266,8667caa0451d245b,Shamil Gaziev,Kennedy Nzechukwu,2026-08-22,date,,2026-08-21T04:09:52.419909Z,2026-08-21T04:09:52.419909Z,the-odds-api.com,BetUS,-135,114,0.574468085106383,0.4672897196261682,1.0417578047325513,0.551441114716549,bbf30f96d8234812eee2199224f137aaefe623d2187a7cb50f8ed783daf0b649
1,fa75bf7ffc44f9492defeb5f73f80f32f1419385105c05193d76b9003adb6a6b,capture_20260821T040952153014Z_32445877287_1_21d2fbdf2fb6,matchup_68e6abbd2402f75a27fca169bbb4b6b4bd8efdf38b2c6172adc63c57c031d894,,a0a69dc9914ef6e1,e2be0c1a9b886d92,f6ad6a1e4d600e0d,MarQuel Mederos,Mason Jones,2026-08-22,date,,2026-08-21T04:09:52.419909Z,2026-08-21T04:09:52.419909Z,the-odds-api.com,BetUS,267,-330,0.2724795640326976,0.7674418604651163,1.0399214244978139,0.2620193772469685,bbf30f96d8234812eee2199224f137aaefe623d2187a7cb50f8ed783daf0b649
1,fa75c5d6747f12cb700137dd342550e06fc3d15cf7d5a2c29410e6109a4e22dd,capture_20260821T040952153014Z_32445877287_1_21d2fbdf2fb6,matchup_5730dbcc9e78781d742f558f3f53256730837650eeeaf894ac53e8987a994db1,,a0a69dc9914ef6e1,640a0f838f057a81,e00a3dee329a51f7,Lerryan Douglas,Jamall Emmers,2026-08-22,date,,2026-08-21T04:09:52.419909Z,2026-08-21T04:09:52.419909Z,the-odds-api.com,BetMGM,-400,310,0.8,0.24390243902439024,1.0439024390243903,0.7663551401869159,bbf30f96d8234812eee2199224f137aaefe623d2187a7cb50f8ed783daf0b649
1,fffb60f80f74b1bc9c868f8184ef0c4455a96ae8e55fdad6f9316cd6c27a4b02,capture_20260821T040952153014Z_32445877287_1_21d2fbdf2fb6,matchup_b04f10f44923c1dd86777d35d18bf07dc4299e65e48d7b713d20daceb3137f2e,,a0a69dc9914ef6e1,ac7c765882f2c68c,cfbb3edab781dfd2,Elise Reed,Shanelle Dyer,2026-08-22,date,,2026-08-21T04:09:52.419909Z,2026-08-21T04:09:52.419909Z,the-odds-api.com,betPARX,525,-835,0.16,0.893048128342246,1.053048128342246,0.15193987406053222,bbf30f96d8234812eee2199224f137aaefe623d2187a7cb50f8ed783daf0b649
