schema_version,decision_id,betting_status,paper_only,policy_version,capture_id,matchup_id,fight_id,event_id,fighter_id,opponent_id,fighter_name,opponent_name,event_date,timing_precision,event_start_utc,decision_issued_at_utc,market_as_of_utc,reference_quote_id,forecast_capture_id,line,target_book,target_book_key,target_source_quote_age_seconds,maximum_source_quote_age_seconds,consensus_id,consensus_book_count,consensus_book_keys,market_over_probability,model_over_probability,residual_over_probability,selected_residual_weight,residual_selection_status,residual_training_scored_lines,residual_training_settled_events,residual_training_dataset_sha256,over_reference_moneyline,under_reference_moneyline,over_break_even_probability,under_break_even_probability,model_over_expected_return,model_under_expected_return,residual_over_expected_return,residual_under_expected_return,minimum_expected_return,paper_action,action_probability,action_reference_moneyline,hypothetical_risk_units
1,1008f6fda7213e4453916917570105ea959ba344bb78a39c4cb3fff7b3c00eef,disabled_paper_only_no_execution,True,prospective-total-round-residual-v1,capture_20260904T172656316630Z_33900328517_1_edfac4e1ad8c,matchup_1fce52baf78bc8d3d8b338f10139cc7aeb18fe188c5bae17140a9dcc62f262e6,,2144954270be834d,9f5e3c20ce40b344,f2b3f4ef3f780168,Klaudia Sygula,Nora Cornolle,2026-09-05,timestamp,2026-09-05T16:10:00.000000Z,2026-09-04T17:26:56.686757Z,2026-09-04T17:26:56.686757Z,806619c47432a0d271563a3dcb6d5267b8af7f4a4428d05d34f615779b36913b,25908c4935f9333d7d773610ba111df7489ac78b4b22ab47f5f93b88fc89e0ce,2.5,BetUS,betus,39.686757,1800.0,776d8f7d455f3753d2099a284b0f82043db2699809370629e096ec37a09cfb9e,4,betanysports;betonlineag;bovada;draftkings,0.6506825608203637,0.5696177270003085,0.6506825608203637,0.0,market_only_insufficient_history,0,0,4f53cda18c2baa0c0354bb5f9a3ecbe5ed12ab4d8e11ba873c2f11161202b945,-225,186,0.6923076923076923,0.34965034965034963,-0.17721883877733202,0.23089330077911763,-0.060125189926141354,-0.0009521239462401132,0.05,pass,,,0.0
1,29eda8431a5a880fead3ddf347eae696943945eb9e5503d7f56251c0da97208e,disabled_paper_only_no_execution,True,prospective-total-round-residual-v1,capture_20260904T172656316630Z_33900328517_1_edfac4e1ad8c,matchup_e77fa0e4f3862227418eef40fbbb1a99437034414985a81107bee615f9da08ca,,2144954270be834d,5b03b61f9d90125e,9256f591b30c073e,Morgan Charriere,Felipe Lima,2026-09-05,timestamp,2026-09-05T16:10:00.000000Z,2026-09-04T17:26:56.686757Z,2026-09-04T17:26:56.686757Z,3fc835f99f5ceb8dd92905fc4ab2b468de1e5401a16224d72f06288127c00b67,c89be0f4b5dbbdbb621c1177033466a1d5c68d408593d4abee705958bd54cf6f,2.5,BetOnline.ag,betonlineag,31.686757,1800.0,0a4703686133a5db4249e8e3c0c4a2990e6b5151bbd6cc193a2bd7c27d3df82b,4,betanysports;betus;bovada;draftkings,0.6241947472745293,0.6012044914856635,0.6241947472745293,0.0,market_only_insufficient_history,0,0,4f53cda18c2baa0c0354bb5f9a3ecbe5ed12ab4d8e11ba873c2f11161202b945,-185,157,0.6491228070175439,0.38910505836575876,-0.07382010771127523,0.02490445688184484,-0.038402686631130556,-0.03418050049554022,0.05,pass,,,0.0
1,31f12df9024d3ca6f14f19854a359c7faba12dd6e8e84c52da4dd0d6f28faf5b,disabled_paper_only_no_execution,True,prospective-total-round-residual-v1,capture_20260904T172656316630Z_33900328517_1_edfac4e1ad8c,matchup_59d3204bd6591089d45ebe3e85e99fc60ec6d3301eb3884ceb1d0451d9599614,,2144954270be834d,1d2d98ddd05b38fb,1e4f273069fb9e85,Axel Sola,Fares Ziam,2026-09-05,timestamp,2026-09-05T16:10:00.000000Z,2026-09-04T17:26:56.686757Z,2026-09-04T17:26:56.686757Z,83d2d2e042f140926e447c5b42ebd4f6fefea87a1d60df131193c8873f137c6a,277c4b6c0957f0fa8511f2f4d7b8676a70545d1810b16955435b24b7b0dce272,2.5,BetAnything,betanysports,39.686757,1800.0,e97a9783ad09565141accdbe0f0784c16e01529f3b1dfdaa66181f8ee77c34a2,4,betonlineag;betus;bovada;draftkings,0.6607861936720998,0.6078504334585714,0.6607861936720998,0.0,market_only_insufficient_history,0,0,4f53cda18c2baa0c0354bb5f9a3ecbe5ed12ab4d8e11ba873c2f11161202b945,-200,170,0.6666666666666666,0.37037037037037035,-0.08822434981214289,0.058803829661857376,-0.00882070949185032,-0.08412272291466938,0.05,pass,,,0.0
1,40e5d7dcd1f795658ac61572e77794e0d83b7114c5f9d4e16ecd00b243371ae5,disabled_paper_only_no_execution,True,prospective-total-round-residual-v1,capture_20260904T172656316630Z_33900328517_1_edfac4e1ad8c,matchup_cf3205b162a0dde589038b55f4225ba43c70eea4bcc574f1ed3694825204d030,,2144954270be834d,0bc697c5936a2d0a,9d51798e61f2e0c7,Trevor Peek,Kurtis Campbell,2026-09-05,timestamp,2026-09-05T16:10:00.000000Z,2026-09-04T17:26:56.686757Z,2026-09-04T17:26:56.686757Z,cbefb949cd4fab6598aa5ab79515483ed9f38e2ce042a01fedcbda38690ef78e,18c8ba87b2c51566c0bc8eefd004e81f86d7088d1a6ddd5fdf12ee8aeb03a1b2,1.5,BetUS,betus,39.686757,1800.0,ffee2b33fcb6b62cd9831c0e560e28b3249f11e09ee8e2d55eb64e6fd1b883fb,3,betanysports;betonlineag;draftkings,0.6007688895460594,0.7524024830566337,0.6007688895460594,0.0,market_only_insufficient_history,0,0,4f53cda18c2baa0c0354bb5f9a3ecbe5ed12ab4d8e11ba873c2f11161202b945,-170,142,0.6296296296296297,0.4132231404958678,0.1949921789723006,-0.40081400899705355,-0.04583764601508211,-0.033860712701463846,0.05,pass,,,0.0
1,4189c311bd9ef351bb4cc22729b55852be31223735f02309366366116224af3a,disabled_paper_only_no_execution,True,prospective-total-round-residual-v1,capture_20260904T172656316630Z_33900328517_1_edfac4e1ad8c,matchup_86b2eb61db67ca8fa121533f6e961a913c37fc9cd4cd9b044b5534cfa1159816,,2144954270be834d,64facb6cc564262d,70dd69b6a703257e,Punahele Soriano,Daniil Donchenko,2026-09-05,timestamp,2026-09-05T16:10:00.000000Z,2026-09-04T17:26:56.686757Z,2026-09-04T17:26:56.686757Z,b75133e35f8c53f32ca67e4ebbb750fb468a6a2b2d916f117456703f14751712,8c0f79be1f15fba6c0626e38bcd2398186c27be60fd8ea04fd6a0a25dc8f365c,1.5,BetOnline.ag,betonlineag,31.686757,1800.0,8d64486fe86a4db88dcc4eb1fd1044b7d1eb9a82f66b14752a354ee0c59bd50e,3,betanysports;betus;draftkings,0.6037569709421778,0.5781129206530892,0.6037569709421778,0.0,market_only_insufficient_history,0,0,4f53cda18c2baa0c0354bb5f9a3ecbe5ed12ab4d8e11ba873c2f11161202b945,-165,140,0.6226415094339622,0.4166666666666667,-0.07151561228443248,0.01252899043258604,-0.03032971333529011,-0.04901673026122688,0.05,pass,,,0.0
1,59403b8398c9653b4a5eb1c580ac04922cfba23a19f892738aa881aac3024afa,disabled_paper_only_no_execution,True,prospective-total-round-residual-v1,capture_20260904T172656316630Z_33900328517_1_edfac4e1ad8c,matchup_5ba9978871b848d5b7445f82c33ad8b233afd688c6347983e72b3aec7be3e696,,2144954270be834d,329e403448756217,93f9c19ae41d2a97,Nathaniel Wood,Pavel Andrusca,2026-09-05,timestamp,2026-09-05T16:10:00.000000Z,2026-09-04T17:26:56.686757Z,2026-09-04T17:26:56.686757Z,c1089514d52e509a375abd9b8b70c6684cae5a64e184031405c37810a3c92605,a9bee0bc7509a322a8bcbcdf9201c55fce8fb8267166c9892def83e2376aea94,2.5,DraftKings,draftkings,41.686757,1800.0,428fa4b134f8b6519a129e37d759be2e373de96866aae816f4079b7847cde78c,4,betanysports;betonlineag;betus;bovada,0.6052288132205426,0.43210373330094715,0.6052288132205426,0.0,market_only_insufficient_history,0,0,4f53cda18c2baa0c0354bb5f9a3ecbe5ed12ab4d8e11ba873c2f11161202b945,-188,145,0.6527777777777778,0.40816326530612246,-0.33805385536876187,0.39134585341267925,-0.0728409669812965,-0.03281059239032924,0.05,pass,,,0.0
1,843daa85024eb3b8e9fade8ac5a9e4d3fc51c8cd003328a9f99c842b463babb9,disabled_paper_only_no_execution,True,prospective-total-round-residual-v1,capture_20260904T172656316630Z_33900328517_1_edfac4e1ad8c,matchup_0dc64302fb9aa1e8a2fefa3fcd256374a63542df95f08a12b53d18c5af710d5b,,2144954270be834d,193b9d1858bc4df3,b3cb9dfccff3be76,Dan Hooker,Salahdine Parnasse,2026-09-05,timestamp,2026-09-05T16:10:00.000000Z,2026-09-04T17:26:56.686757Z,2026-09-04T17:26:56.686757Z,4063a5d0f5407f44a7f61db6cb339c6d5436126316b2e38e2aed24a0e1bf5edd,8781830bb883ef45c6435afe3ee374fd524a0999b3dbeb85c2c4051d8a68d843,3.5,BetOnline.ag,betonlineag,31.686757,1800.0,72d0bf1faea866253d3971784a06b227bf5f071d116500a2b7754afa6feb3dd6,3,betanysports;betus;draftkings,0.3181818181818181,0.7790103490210136,0.3181818181818181,0.0,market_only_insufficient_history,0,0,4f53cda18c2baa0c0354bb5f9a3ecbe5ed12ab4d8e11ba873c2f11161202b945,212,-255,0.32051282051282054,0.7183098591549296,1.4305122889455624,-0.6923477407939602,-0.007272727272727542,-0.050802139037433136,0.05,pass,,,0.0
1,8550c29590429b3199c10e5caf4e4ad21b3b9c5f7a7a0a1a18f7a0d14aab5ad6,disabled_paper_only_no_execution,True,prospective-total-round-residual-v1,capture_20260904T172656316630Z_33900328517_1_edfac4e1ad8c,matchup_c4fdd2478b8f9bfba7f679889348ae3848153f5d11360f550d52e07349e29e17,,2144954270be834d,39d309957c5c210d,a67f5afa8d6a1b80,Mario Pinto,Ryan Spann,2026-09-05,timestamp,2026-09-05T16:10:00.000000Z,2026-09-04T17:26:56.686757Z,2026-09-04T17:26:56.686757Z,bcd7fcf69ff87946e6e85a03214517189905d5bab4fc348edca5c764e39a2ee2,dbca2f2913a936c09fe2a020fb755db59a64191805ee30345df6ca18bfb5573a,1.5,BetOnline.ag,betonlineag,31.686757,1800.0,46739662e7b483f75e3adb3bde3b68b444c8a0dfd2c3d3b3200eacef2af7f338,4,betanysports;betus;bovada;draftkings,0.4592085979482169,0.6160673917764953,0.45920859794821695,0.0,market_only_insufficient_history,0,0,4f53cda18c2baa0c0354bb5f9a3ecbe5ed12ab4d8e11ba873c2f11161202b945,110,-133,0.47619047619047616,0.5708154506437768,0.29374152273064014,-0.32739625777386017,-0.035661944308744364,-0.05259852121755304,0.05,pass,,,0.0
1,af9f4dfd9c1ade6b86f6c0990ce14c342be564230a7346300f3370ee7e8b7b93,disabled_paper_only_no_execution,True,prospective-total-round-residual-v1,capture_20260904T172656316630Z_33900328517_1_edfac4e1ad8c,matchup_efceb8a2cf0faca403b487b7f86a45ed53496d69cfb44431d1fce10df1751431,,2144954270be834d,5b43d68174b6e2ab,8d11d9c13e2ccdf7,Losene Keita,Muhammad Naimov,2026-09-05,timestamp,2026-09-05T16:10:00.000000Z,2026-09-04T17:26:56.686757Z,2026-09-04T17:26:56.686757Z,26c5b8f8dd942f8e6f4ea58209b55b29d2003b2283dc406a2bbf8b90eb171d97,148693f0af6ee59b8cb1be08be6d8811b19182be8ac508cc3b4c6ca167ed51d1,2.5,BetUS,betus,39.686757,1800.0,a935668cca3b85043de04c190fd366a41151870f747af1d1cff5216606c530ee,4,betanysports;betonlineag;bovada;draftkings,0.4592085979482169,0.46274943931760065,0.45920859794821695,0.0,market_only_insufficient_history,0,0,4f53cda18c2baa0c0354bb5f9a3ecbe5ed12ab4d8e11ba873c2f11161202b945,110,-130,0.47619047619047616,0.5652173913043478,-0.02822617743303857,-0.04947977725421637,-0.035661944308744364,-0.043215211754537686,0.05,pass,,,0.0
1,b74046526265a67fdf2b6aef7bb04291e2a73e89989991e3a67c84d14ff2542d,disabled_paper_only_no_execution,True,prospective-total-round-residual-v1,capture_20260904T172656316630Z_33900328517_1_edfac4e1ad8c,matchup_c6f99d827d99147ec40154996f5cd9c439402f8c1fe7b0c6d927bd3c81990c61,,2144954270be834d,3138df4d117ebc12,8b1b051038354655,Delphine Benouaich,Sofia Montenegro,2026-09-05,timestamp,2026-09-05T16:10:00.000000Z,2026-09-04T17:26:56.686757Z,2026-09-04T17:26:56.686757Z,e2ca3d394d87214c813fd419a76ee1afa8ade2aa621e7b128f231f9fc68f4e7f,96a2529b6ce55e21ec510c97568deb4114b04b8215680142e541bc6eec72a29d,2.5,BetUS,betus,39.686757,1800.0,bef9307a298ad7186b0b67518806fe7c96f1bcbf95676c2db037d7260c7fe4cb,4,betanysports;betonlineag;bovada;draftkings,0.6790991143965163,0.5581591831782831,0.6790991143965162,0.0,market_only_insufficient_history,0,0,4f53cda18c2baa0c0354bb5f9a3ecbe5ed12ab4d8e11ba873c2f11161202b945,-245,202,0.7101449275362319,0.33112582781456956,-0.21402074205507082,0.3343592668015851,-0.04371757360490591,-0.030879325477478847,0.05,pass,,,0.0
1,bdd8934aa66a6d5d036452df913daef1d2682169ccfc6afd9e9c983c1664cf87,disabled_paper_only_no_execution,True,prospective-total-round-residual-v1,capture_20260904T172656316630Z_33900328517_1_edfac4e1ad8c,matchup_28fea7b40a742271baa73e0e4459f1d5777e4498f310623c111e7397e38f7183,,2144954270be834d,33a86e839ad202d8,ec322adbabbfa6e7,Luis Felipe Dias,Matthieu Duclos,2026-09-05,timestamp,2026-09-05T16:10:00.000000Z,2026-09-04T17:26:56.686757Z,2026-09-04T17:26:56.686757Z,f69ea13aa1f88484ce5b10ac029cdd3159e3413b831957076200764103651388,65c4cc8d8cdacb376d245da3a813eb548125213fde18f6dac1eb22b1462e0924,1.5,Bovada,bovada,189.686757,1800.0,a53943da4f4d4a6e954eaca6ddbd2de8282f26f03d364c2edde66404bbd9ff67,3,betanysports;betonlineag;betus,0.452053476964509,0.6826153456050497,0.452053476964509,0.0,market_only_insufficient_history,0,0,4f53cda18c2baa0c0354bb5f9a3ecbe5ed12ab4d8e11ba873c2f11161202b945,115,-150,0.46511627906976744,0.6,0.46762299305085686,-0.4710255760084161,-0.02808502452630568,-0.0867557949408484,0.05,pass,,,0.0
1,c6674d297288da58c824ffa2c15a69ac9f5e8d8cef2f523b9d1ea1cf3eac54aa,disabled_paper_only_no_execution,True,prospective-total-round-residual-v1,capture_20260904T172656316630Z_33900328517_1_edfac4e1ad8c,matchup_a98b162dd2ff1d5415a572a5a20b0f37599fc71cd28b0ac30b961720373d1199,,2144954270be834d,46e2011d92463b7e,476fe566d2df676e,Oumar Sy,Modestas Bukauskas,2026-09-05,timestamp,2026-09-05T16:10:00.000000Z,2026-09-04T17:26:56.686757Z,2026-09-04T17:26:56.686757Z,e444d0775adf2916925e0d04c36e3af4eee421a17d5761a85b66108822d7bfd2,3f25d509836238fb27c9119c4f78326b311acab530a3ce095f96de31db89518a,2.5,BetAnything,betanysports,39.686757,1800.0,69f637bc64156be26e4ca105083383151efdbdd4f8a3ef0d42548b2f0efced21,4,betonlineag;betus;bovada;draftkings,0.5747923626319487,0.5289286109223958,0.5747923626319487,0.0,market_only_insufficient_history,0,0,4f53cda18c2baa0c0354bb5f9a3ecbe5ed12ab4d8e11ba873c2f11161202b945,-145,115,0.5918367346938775,0.46511627906976744,-0.10629303671733115,0.012803486516848928,-0.02879911141498326,-0.08580357965868957,0.05,pass,,,0.0
1,e20cfdb4f35d98d46c3e12cd4cc75d5d2974fb9990b76ef379e30769768dc7d6,disabled_paper_only_no_execution,True,prospective-total-round-residual-v1,capture_20260904T172656316630Z_33900328517_1_edfac4e1ad8c,matchup_4b14d6546c8101cf4e7844a682d653e6a80eb09ed63c589aec54a33e149df254,,2144954270be834d,22e3458965d5d08a,9911989cf48b195d,Michael Aljarouj,Fabia Sintes,2026-09-05,timestamp,2026-09-05T16:10:00.000000Z,2026-09-04T17:26:56.686757Z,2026-09-04T17:26:56.686757Z,53e820a702e0d108188e6d204c87aaea4095173c0c2d7b04f18f9a476615e0f2,67e9587caee3afb0d0ff9a2ec9a7aa37e08b23328af56e77613c64447c6335b3,1.5,BetAnything,betanysports,39.686757,1800.0,82b6293207d4972cce60a5ae2d2e92d7a451c881af9d3b0e72f0cd6e58b2083f,3,betonlineag;betus;draftkings,0.644729178800233,0.7008097724374533,0.644729178800233,0.0,market_only_insufficient_history,0,0,4f53cda18c2baa0c0354bb5f9a3ecbe5ed12ab4d8e11ba873c2f11161202b945,-215,180,0.6825396825396826,0.35714285714285715,0.026767806129292193,-0.16226736282486942,-0.05539678454849595,-0.005241700640652325,0.05,pass,,,0.0
1,02236710c93d5ad6dd99edb20331849ef1672289fe0fd3eec2719a77e89e18c9,disabled_paper_only_no_execution,True,prospective-total-round-residual-v1,capture_20260918T232830347226Z_35405613816_1_71cb2a01e5ef,matchup_476907300c352a3007df1648d5891307dad34b5ffaf7f0940510328bb5dda3c1,,8a0a35e7c74bebcc,1c23ec2f1b71be40,a495f599e787614f,Iwo Baraniewski,Alonzo Menifield,2026-09-19,timestamp,2026-09-19T21:45:00.000000Z,2026-09-18T23:28:30.715570Z,2026-09-18T23:28:30.715570Z,eace4417ae3080df626d5b25004227cc116e99f682d66932369037df848e0024,d482fa3d800e89b47396a302d8be0d3b93cf163c2fbc58baaac542be761df3a3,1.5,BetOnline.ag,betonlineag,290.71557,1800.0,8cbfb23b2f0b33857930a712560ecb772f2f01660270e2bec4d346f569d5e03a,3,betanysports;bovada;draftkings,0.3306973400431344,0.5637280537113999,0.3306973400431344,0.0,market_only_insufficient_history,13,1,1f40345b128e164b1ac8725ba5058c51b9c700eddf7b640cffc01fe2752bb84d,205,-246,0.32786885245901637,0.7109826589595376,0.7193705638197698,-0.3863817340818877,0.008626887131560013,-0.05862308802814831,0.05,pass,,,0.0
1,253ca34dc23d86321fb1c0a20baebdccda0f4eef66fc24d2ca37aca9e3a085ba,disabled_paper_only_no_execution,True,prospective-total-round-residual-v1,capture_20260918T232830347226Z_35405613816_1_71cb2a01e5ef,matchup_6e355a8ad7d197cbe29ce642d75d50d2a8e45844e42d87852e64e4bf6ec40b9c,,8a0a35e7c74bebcc,17e97649403ba428,a0f0004aadf10b71,Joshua Van,Alexandre Pantoja,2026-09-19,timestamp,2026-09-19T21:45:00.000000Z,2026-09-18T23:28:30.715570Z,2026-09-18T23:28:30.715570Z,29d0370a3c7e88683eff843ecd00936eafe397a1d331273cfa1aca0f38c8eb3e,ec25fefeaadee3089453da5244a711f2d9a3a4b54ed8510742576f7c2726342b,4.5,BetOnline.ag,betonlineag,290.71557,1800.0,dd00cf2def278ec9e17a7ba8ead5874ddfafbdc8e89809afef2bedb55f80130e,2,betanysports;draftkings,0.4078093377067486,0.19188203023656544,0.4078093377067486,0.0,market_only_insufficient_history,13,1,1f40345b128e164b1ac8725ba5058c51b9c700eddf7b640cffc01fe2752bb84d,145,-170,0.40816326530612246,0.6296296296296297,-0.5298890259204148,0.2834814813889841,-0.0008671226184659986,-0.059461889298953796,0.05,pass,,,0.0
1,36d4ca4411db66b66ce976ac9c717c77f4229251ad3d7693a0c2695f0b9e15e9,disabled_paper_only_no_execution,True,prospective-total-round-residual-v1,capture_20260918T232830347226Z_35405613816_1_71cb2a01e5ef,matchup_41ba239087a241674fcd8f74181fb92a25ca542b10d45301b7c21c7489209f99,,8a0a35e7c74bebcc,140567899d98978a,c62fbc117d57b943,Robelis Despaigne,Tai Tuivasa,2026-09-19,timestamp,2026-09-19T21:45:00.000000Z,2026-09-18T23:28:30.715570Z,2026-09-18T23:28:30.715570Z,43ff2c2d616d36c3b07d24669daef1ded551ed09c86cea393ab09b23db3c1f32,496b10b07ea240c38f563e470a6b89ac62236f6f67ee4d45ad418ef713130539,1.5,BetOnline.ag,betonlineag,290.71557,1800.0,59ea01e21e561641b46d99a313d1b0b35238d76125995411defd7770c6557762,2,betanysports;draftkings,0.31895172609591615,0.7080447776845138,0.31895172609591615,0.0,market_only_insufficient_history,13,1,1f40345b128e164b1ac8725ba5058c51b9c700eddf7b640cffc01fe2752bb84d,220,-265,0.3125,0.726027397260274,1.265743288590444,-0.5978729956786699,0.020645523506931607,-0.06195237745286564,0.05,pass,,,0.0
1,46ecb1cbda0457b06c7c780b6c99b5b18b9e87e53c7977df7b255982d93b8484,disabled_paper_only_no_execution,True,prospective-total-round-residual-v1,capture_20260918T232830347226Z_35405613816_1_71cb2a01e5ef,matchup_24d2abb788a1cd512c495fdc548d6e73ba97540b84f658b9ddefdfce49e378d6,,8a0a35e7c74bebcc,0f3a990526c5e706,f7e856a73c96048e,Sean Sharaf,Gable Steveson,2026-09-19,timestamp,2026-09-19T21:45:00.000000Z,2026-09-18T23:28:30.715570Z,2026-09-18T23:28:30.715570Z,a7e4bcddda25c753d4560e3bf2e3531e6ca350edceb8804252e69234d1115245,4f22ff8d0c1325d8364d6fbc14cdeee76455f1ccdbe390b179be598ed74473a0,1.5,BetOnline.ag,betonlineag,290.71557,1800.0,355e3c370893153d7b29f57af00d168725e412bc6c55c53d31236ba8f87354f2,2,betanysports;draftkings,0.20829597067152694,0.5501256549888488,0.20829597067152697,0.0,market_only_insufficient_history,13,1,1f40345b128e164b1ac8725ba5058c51b9c700eddf7b640cffc01fe2752bb84d,420,-550,0.19230769230769232,0.8461538461538461,1.8606534059420134,-0.4683303195322759,0.08313904749194023,-0.06434978352089549,0.05,over,0.20829597067152697,420,1.0
1,63568955a8b3e17695331074e631b2a2303b15eb9ca2ff9f91b2d421b6534c39,disabled_paper_only_no_execution,True,prospective-total-round-residual-v1,capture_20260918T232830347226Z_35405613816_1_71cb2a01e5ef,matchup_8cb639734e70349cede5526c9186ce46910e1a9fe372bc84895459f47f63314c,,8a0a35e7c74bebcc,04835018f90b118c,de594b35c45c2e9a,Casey O'Neill,Eduarda Moura,2026-09-19,timestamp,2026-09-19T21:45:00.000000Z,2026-09-18T23:28:30.715570Z,2026-09-18T23:28:30.715570Z,0325c703b1794eec40b25b8e8ac4d0432ce9d37b5f089232cb2504ddd8b6a955,bd9a627866aa33adf12ceb7176800c2016a4b40a2d93ba56c495334453281a9c,2.5,BetOnline.ag,betonlineag,290.71557,1800.0,b9f0316acabfd546a9d5204f8cbbee259451f694bfb92a800effd84b27151e85,3,betanysports;bovada;draftkings,0.6693026599568656,0.5249376062494039,0.6693026599568656,0.0,market_only_insufficient_history,13,1,1f40345b128e164b1ac8725ba5058c51b9c700eddf7b640cffc01fe2752bb84d,-235,197,0.7014925373134329,0.3367003367003367,-0.25168468896361573,0.41093530943927026,-0.04588769750829813,-0.017828900071890752,0.05,pass,,,0.0
1,7cd29ba5459fa46ac4872d3f00ca56c5736df53fc19302a8d65fdf39ecb1f57e,disabled_paper_only_no_execution,True,prospective-total-round-residual-v1,capture_20260918T232830347226Z_35405613816_1_71cb2a01e5ef,matchup_acd0e6b31a1c8fb3bae358145f988d378eaf334300bf13546996916eed3530b8,,8a0a35e7c74bebcc,1e719d4b676dc19a,4144798612ef96e5,Brunno Ferreira,Edmen Shahbazyan,2026-09-19,timestamp,2026-09-19T21:45:00.000000Z,2026-09-18T23:28:30.715570Z,2026-09-18T23:28:30.715570Z,06a64cd1522679b5e6b140e9ba6125e96964d390fcd735263b4145abeb270982,ccf32b521757ee36a9ea3ab72f44ba030e080ac1c42c2899d8fa6c45695b9225,1.5,BetOnline.ag,betonlineag,290.71557,1800.0,990bffb7b5140a8f16dd317930f2e82c360e88b2a0c8660f5e9f0557f253f972,3,betanysports;bovada;draftkings,0.5633187772925764,0.6094788038458028,0.5633187772925764,0.0,market_only_insufficient_history,13,1,1f40345b128e164b1ac8725ba5058c51b9c700eddf7b640cffc01fe2752bb84d,-140,120,0.5833333333333334,0.45454545454545453,0.04482080659280463,-0.14085336846076613,-0.03431066749844047,-0.0393013100436681,0.05,pass,,,0.0
1,868ecb0fefd284c0586ee7e9849f9b6381e570bd3f7ab33b1d69ef23f79496e0,disabled_paper_only_no_execution,True,prospective-total-round-residual-v1,capture_20260918T232830347226Z_35405613816_1_71cb2a01e5ef,matchup_c79dcc9635165d1f4a1e239bf9c5b598ecfcf90c75e2f49b00cff1c9260a3fd4,,8a0a35e7c74bebcc,6967153c7edb4d87,e463ce0a2ca474f4,Ozzy Diaz,Ryan Gandra,2026-09-19,timestamp,2026-09-19T21:45:00.000000Z,2026-09-18T23:28:30.715570Z,2026-09-18T23:28:30.715570Z,28059c2a9ae41e2d6bd547ef4e9bf9830eb3ce4a006f80bd495c0dc0e293cec0,40704502a08a729914db969a18e5121258c3998116daefaea6f0db6341c6bc07,1.5,BetOnline.ag,betonlineag,290.71557,1800.0,f80342cfb2a473dacce52ef0ad1875a0a6e85d39153a971419c1da6a13283ffc,3,betanysports;bovada;draftkings,0.32558139534883723,0.5968795093218981,0.32558139534883723,0.0,market_only_insufficient_history,13,1,1f40345b128e164b1ac8725ba5058c51b9c700eddf7b640cffc01fe2752bb84d,205,-245,0.32786885245901637,0.7101449275362319,0.8204825034317895,-0.43234053353491786,-0.006976744186046324,-0.05030849549121985,0.05,pass,,,0.0
1,9acbd565a761c588d1039843512748af25d9236d6826a801a1ab410cffe69c9a,disabled_paper_only_no_execution,True,prospective-total-round-residual-v1,capture_20260918T232830347226Z_35405613816_1_71cb2a01e5ef,matchup_bec90fe45f91dcb38f05be1a35565a02b9c8e1ca4de8ffb24483749c9958aa9c,,8a0a35e7c74bebcc,98a58c26c5b1ed17,e93b04e308913c2e,Patricio Pitbull,Dooho Choi,2026-09-19,timestamp,2026-09-19T21:45:00.000000Z,2026-09-18T23:28:30.715570Z,2026-09-18T23:28:30.715570Z,ad184bebc02d88e9ceba8396089cd6536bbe349c7b011f6d54980c2980129081,5a4f1aa29d6fbbe25bca0879a6030e67bce2af4ccea12b6bbe451b483c965c70,2.5,BetOnline.ag,betonlineag,290.71557,1800.0,2dc348cecef66b383c8923ef35a88d718700d175e482bc2a0befb69978f6a23a,2,betanysports;draftkings,0.5305479852898509,0.4152919619219956,0.5305479852898509,0.0,market_only_insufficient_history,13,1,1f40345b128e164b1ac8725ba5058c51b9c700eddf7b640cffc01fe2752bb84d,-130,111,0.5652173913043478,0.47393364928909953,-0.2652526827533924,0.23373396034458938,-0.06133817987180212,-0.009456248961585478,0.05,pass,,,0.0
1,a900e726437d267baeb92b98976b72293155228b11f70ef042ed89e77c60e1cf,disabled_paper_only_no_execution,True,prospective-total-round-residual-v1,capture_20260918T232830347226Z_35405613816_1_71cb2a01e5ef,matchup_ae4469d6e6c383f48dab6d33688d521769dc4791855bdb3c6cf4abaa090c38c7,,8a0a35e7c74bebcc,7c7332319c14094c,f1d64ae34e088832,Marlon Vera,Charles Jourdain,2026-09-19,timestamp,2026-09-19T21:45:00.000000Z,2026-09-18T23:28:30.715570Z,2026-09-18T23:28:30.715570Z,5f83b0e4011ed1e23395692546a8b3b792014dff9a192b9a7bebd849d85181cf,d27e41570a7c7989f0e553010515321b3b14ec2abb6163c6a2d5872b41b5017d,2.5,BetOnline.ag,betonlineag,290.71557,1800.0,fcf874bfd3ddf33d18bcf4329d4c8aecfdc5a6eb39d50e2fcfe6db9f8b64df07,3,betanysports;bovada;draftkings,0.6955128205128205,0.563592456347278,0.6955128205128205,0.0,market_only_insufficient_history,13,1,1f40345b128e164b1ac8725ba5058c51b9c700eddf7b640cffc01fe2752bb84d,-280,232,0.7368421052631579,0.30120481927710846,-0.23512452352869417,0.44887304492703706,-0.05608974358974361,0.010897435897435859,0.05,pass,,,0.0
1,b52861a69f40fe2ddccc10f2eb60436ffda866e23fe5bec6d1c9b72b5e50b899,disabled_paper_only_no_execution,True,prospective-total-round-residual-v1,capture_20260918T232830347226Z_35405613816_1_71cb2a01e5ef,matchup_730df33900ec43538f5d7a9c368cd8fc9d91aef0d76aae08a2e109ea2630641f,,8a0a35e7c74bebcc,791c8437b341fba5,9560ff14eb3129f7,Joanderson Brito,Giga Chikadze,2026-09-19,timestamp,2026-09-19T21:45:00.000000Z,2026-09-18T23:28:30.715570Z,2026-09-18T23:28:30.715570Z,5a5a53f7d2b6a6eea5103fb270e864680bd00f47fa8072d028d63567cdd0e87b,f9a3bb6e2f9466bd70e469d353fa53052c71e58f3124aaebbdf3f16853646536,1.5,BetOnline.ag,betonlineag,290.71557,1800.0,c501ffd3dc332eb6ca4d49b024bca80592a6a1261a88c66d7ff9904aa6c50776,3,betanysports;bovada;draftkings,0.599271402550091,0.6150118242648328,0.5992714025500911,0.0,market_only_insufficient_history,13,1,1f40345b128e164b1ac8725ba5058c51b9c700eddf7b640cffc01fe2752bb84d,-165,140,0.6226415094339622,0.4166666666666667,-0.012253736786783653,-0.07602837823559883,-0.037533808025611126,-0.038251366120218844,0.05,pass,,,0.0
1,0dd8942b97fc00030d6528a67581eebe45dc2aeb55e0a83177afd5d7b6ab7b17,disabled_paper_only_no_execution,True,prospective-total-round-residual-v1,capture_20260925T173028987442Z_36167121744_1_5c5c07ab740c,matchup_e6fbd5b4ed13b05288ca09bebeb9979c204884c0b08d8693b89a0d3ae9faae5a,,7e654edcddd71550,5987b2458f4b5290,cc1a8b4b38b92c6d,Ricky Simon,Montel Jackson,2026-09-26,timestamp,2026-09-26T21:10:00.000000Z,2026-09-25T17:30:29.317988Z,2026-09-25T17:30:29.317988Z,3c8c9399c544ced4a030e8891aaa71bfe5492ac7388068a9337459a2c7dbed8b,2c165ffeb66f577a651b73d2c1863ee3b1e4e8d703f1567a2327b8c07e0c5c03,2.5,BetOnline.ag,betonlineag,11.317988,1800.0,1d71fcb3daeb5207ae2a1dd4e840ab73e1fe8b78521847b013d3e1b67017aed1,3,betus;bovada;draftkings,0.6378504672897196,0.46442639232536714,0.6378504672897196,0.0,market_only_insufficient_history,23,2,a3d7428484b7130d3982ac9316edb0d6022801054723ac7e27957760a658d875,-210,177,0.6774193548387096,0.36101083032490977,-0.3144181827577913,0.483538893258733,-0.05841121495327095,0.003154205607476701,0.05,pass,,,0.0
1,24e1f0e50e26d1db3f0a7cdc9451c5585a82d59fae5bdaeb3b8f3dd47e59e6fc,disabled_paper_only_no_execution,True,prospective-total-round-residual-v1,capture_20260925T173028987442Z_36167121744_1_5c5c07ab740c,matchup_d14c691a367e024e5705220669d896edb1db21b218621339498702e2778d28e0,,7e654edcddd71550,260e9e0d4954aea6,f96856f9d69fd7e4,Rodolfo Vieira,Robert Bryczek,2026-09-26,timestamp,2026-09-26T21:10:00.000000Z,2026-09-25T17:30:29.317988Z,2026-09-25T17:30:29.317988Z,d7657c970d55bae847188fca2a9a0fad692290b97ce1cf2f06621da2026a73eb,5fe0715bb799608d50c4a1887754238498c58c8f6d856de25d1306adc4820a54,1.5,BetUS,betus,33.317988,1800.0,c438027527083c5b1d7c68ad74a6c6d607d20de21b51006b046afc0d56ef33ac,3,betonlineag;bovada;draftkings,0.5407914020517831,0.5458327942931473,0.540791402051783,0.0,market_only_insufficient_history,23,2,a3d7428484b7130d3982ac9316edb0d6022801054723ac7e27957760a658d875,-120,100,0.5454545454545454,0.5,0.0006934562041036596,-0.0916655885862947,-0.008549096238397724,-0.081582804103566,0.05,pass,,,0.0
1,44054c3eb0ece385272126b72446133b231d035a41d8ad838eb7d7fa2dba356e,disabled_paper_only_no_execution,True,prospective-total-round-residual-v1,capture_20260925T173028987442Z_36167121744_1_5c5c07ab740c,matchup_34028b84a7ec0b53a2fa9219c106e593df1824e7fab7bcebd62d525afd645b53,,7e654edcddd71550,2c483cf443f38ece,40cb680ae1cd331f,Vanessa Demopoulos,Yazmin Jauregui,2026-09-26,timestamp,2026-09-26T21:10:00.000000Z,2026-09-25T17:30:29.317988Z,2026-09-25T17:30:29.317988Z,0d0c4211a6568c099bc5616fa7216c18b1f7b04687928abdf43d70b04ed3cd53,0748a787c890a051bed002b721d32487a36319e1b5a66c68dc543ac8beac3a48,2.5,BetOnline.ag,betonlineag,11.317988,1800.0,1f29d39eba5e3fa2993b70c832b0bba5d11b04e967707f8ba6e74bfe0f52666d,3,betus;bovada;draftkings,0.6283004357856959,0.4211745125979869,0.6283004357856959,0.0,market_only_insufficient_history,23,2,a3d7428484b7130d3982ac9316edb0d6022801054723ac7e27957760a658d875,-189,160,0.6539792387543253,0.38461538461538464,-0.35598182994276084,0.5049462672452341,-0.039265471205999325,-0.03358113304280952,0.05,pass,,,0.0
1,46654158c55acfc856afd7742490aafd31fea6ee65faba0043ddebe5af336463,disabled_paper_only_no_execution,True,prospective-total-round-residual-v1,capture_20260925T173028987442Z_36167121744_1_5c5c07ab740c,matchup_e7c500b651f8f8feef8228bdb897ec8da3fd58afb4035308f5df77b252e53330,,7e654edcddd71550,69898645d600abdb,f5d82eccdea4e2dd,Rodolfo Bellato,Christian Edwards,2026-09-26,timestamp,2026-09-26T21:10:00.000000Z,2026-09-25T17:30:29.317988Z,2026-09-25T17:30:29.317988Z,0e976d9873e0bc5479c82c06fa5efa2ac6d1ca016a113c54af0dabc8c65cc92d,b637cebdab1977a7f5ec5c597639860dcbbe37a1167a0a658115388e6fa5e5d1,1.5,BetOnline.ag,betonlineag,11.317988,1800.0,3172b0a53aef89c4f793403c2937b85344e35953f4fc144610e5a4aabdb4cefd,2,betus;draftkings,0.5965682045201781,0.7001315636474255,0.5965682045201781,0.0,market_only_insufficient_history,23,2,a3d7428484b7130d3982ac9316edb0d6022801054723ac7e27957760a658d875,-170,145,0.6296296296296297,0.40816326530612246,0.11197365991061692,-0.2653223309361924,-0.05250932223265836,-0.011592101074436423,0.05,pass,,,0.0
1,5e5e6840c36f21c821daaf95fcf021f1fbc6021354598d668a88ec2dae70e931,disabled_paper_only_no_execution,True,prospective-total-round-residual-v1,capture_20260925T173028987442Z_36167121744_1_5c5c07ab740c,matchup_7aa95ba68484517158ef35e7f68d68ddaa97e6998cad2e106c8088000ff50d60,,7e654edcddd71550,06e4245d16fc5315,d3f5d33d61cd00c9,Ailin Perez,Norma Dumont,2026-09-26,timestamp,2026-09-26T21:10:00.000000Z,2026-09-25T17:30:29.317988Z,2026-09-25T17:30:29.317988Z,55d529cab14c46cf17d182dcccddd984abf195c263e721eecdef12cc26c6d022,4a089c855907f4d2e83c0df8cb71257c80000c029c554ece690dbadb4647c2a7,2.5,BetOnline.ag,betonlineag,11.317988,1800.0,d4eb057a431e6f847605e9e2352cbf1f56ba603f6456db25aa57e17644a2a50c,3,betus;bovada;draftkings,0.8028169014084507,0.5073660930361793,0.8028169014084507,0.0,market_only_insufficient_history,23,2,a3d7428484b7130d3982ac9316edb0d6022801054723ac7e27957760a658d875,-535,410,0.84251968503937,0.19607843137254902,-0.39779912321874045,1.5124329255154856,-0.04712386468342755,0.005633802816901179,0.05,pass,,,0.0
1,87fd8ddbde9eb868def8b7ecf02080f20cf6bf57ca277f0fd5865c1d6a819d88,disabled_paper_only_no_execution,True,prospective-total-round-residual-v1,capture_20260925T173028987442Z_36167121744_1_5c5c07ab740c,matchup_bd37b6457569db68ac2f9d98f3c91207a45248f8fc97c57786bba8dce606713e,,7e654edcddd71550,7af33fc4435017f1,d8c811df0386d5e8,Brady Hiestand,Rinya Nakamura,2026-09-26,timestamp,2026-09-26T21:10:00.000000Z,2026-09-25T17:30:29.317988Z,2026-09-25T17:30:29.317988Z,45d09898c37bff88c354f7a0244e686e0d3ef2b903e2a8b31f32ba40da1236f4,93dbe2aa143a6be3f3f8b33f7dff8131c500d6f66d71b0f308693febace3cc43,1.5,BetOnline.ag,betonlineag,11.317988,1800.0,76919eaf71f703b63113a2e57b1d09b15d655ef93c520ec9263bd664c9a68145,2,betus;draftkings,0.6158601078176982,0.6511199974760161,0.6158601078176982,0.0,market_only_insufficient_history,23,2,a3d7428484b7130d3982ac9316edb0d6022801054723ac7e27957760a658d875,-190,161,0.6551724137931034,0.3831417624521073,-0.006185267010291096,-0.08942319341240212,-0.06000299333088166,0.0026051185958078094,0.05,pass,,,0.0
1,b8a62ac41176ceb80cb7ff0051684a8fbb1531fd44b2b44268357a529166f6c9,disabled_paper_only_no_execution,True,prospective-total-round-residual-v1,capture_20260925T173028987442Z_36167121744_1_5c5c07ab740c,matchup_77abcf3c53b775efe29136d638e75a9874c26ecf33cd29728d274597c66b3704,,7e654edcddd71550,1897b7b913736a7c,5fa2974cbd18e05c,Alatengheili,John Castaneda,2026-09-26,timestamp,2026-09-26T21:10:00.000000Z,2026-09-25T17:30:29.317988Z,2026-09-25T17:30:29.317988Z,95818d12d2a9c7b0036f122ef3b82d2394948ca65e0ca6839ab4f6aa2613eea8,50602e042c0dfd0d0c2539ae10aac14c1a50ad833cec8f8895112982c688bd1b,2.5,BetOnline.ag,betonlineag,11.317988,1800.0,22439de1c4601634fd8fde4c43dffc3b24bf23635eb629404c582c05f14a50bd,3,betus;bovada;draftkings,0.7249575551782682,0.4534656179271754,0.7249575551782682,0.0,market_only_insufficient_history,23,2,a3d7428484b7130d3982ac9316edb0d6022801054723ac7e27957760a658d875,-305,250,0.7530864197530864,0.2857142857142857,-0.39785713029342284,0.9128703372548861,-0.0373514431239389,-0.03735144312393868,0.05,pass,,,0.0
1,18fc6398116575875e139e081db4a8ef124c3c22d428dc013641e038b800f457,disabled_paper_only_no_execution,True,prospective-total-round-residual-v1,capture_20261002T172501815118Z_37040065812_1_0325902cf9ee,matchup_2262ab8db3220297f56095b4d9b401e1da328c568e1c75089d05cb062284a744,,ad3fdba28a7540cf,22e07d3da1aa3475,fdd22e895a70e4a8,Andrey Pulyaev,Damian Pinas,2026-10-03,timestamp,2026-10-03T21:20:00.000000Z,2026-10-02T17:25:02.082379Z,2026-10-02T17:25:02.082379Z,c2172dd558b8faf9be835409923356c64256159e3e98bcc2cb1548b0f8da68bb,c1efdcd85cdbc60ad8ff078e30c8dbaac3b35c567dcde5160cf1f209e9acb624,1.5,BetOnline.ag,betonlineag,57.082379,1800.0,9473aa6b96339bbc4d332900420e482d02478b8b8586055b4a1cc042556192b8,3,betanysports;bovada;draftkings,0.4693877551020409,0.5273238538915032,0.4693877551020409,0.0,market_only_insufficient_history,30,3,95b55a033795876410a871e97543d030c41b579c8265b5d0c94b9aec71d8adba,105,-125,0.4878048780487805,0.5555555555555556,0.08101390047758139,-0.14918293700470575,-0.03775510204081611,-0.044897959183673675,0.05,pass,,,0.0
1,4ec854b77d324a8c60ef81e230fc2eb82bb2505d31765623605a36610404ea81,disabled_paper_only_no_execution,True,prospective-total-round-residual-v1,capture_20261002T172501815118Z_37040065812_1_0325902cf9ee,matchup_47771d7cdbcd1a079df9c13cdaaefafabc66f27fe0f5a9955af59c7bcc43e4b5,,ad3fdba28a7540cf,5e9ca8dd7d783a75,6e8349a0a0476d60,Alden Coria,Imanol Rodriguez,2026-10-03,timestamp,2026-10-03T21:20:00.000000Z,2026-10-02T17:25:02.082379Z,2026-10-02T17:25:02.082379Z,c785bbcb80f88f29e33c921ab35330fdf547d640f4b0937aa4dfb5486af9cf74,5ce84de9e1a8ec481f53b655bb9112799d3cb667ec6d6ee677d3fa948860c553,2.5,BetOnline.ag,betonlineag,57.082379,1800.0,293214fd9c1724c2135f7caf23644a2885013ac830db58e918cbd70380aa74b6,3,betanysports;bovada;draftkings,0.5795601552393274,0.5407693276843208,0.5795601552393274,0.0,market_only_insufficient_history,30,3,95b55a033795876410a871e97543d030c41b579c8265b5d0c94b9aec71d8adba,-155,135,0.6078431372549019,0.425531914893617,-0.11034723509998823,0.07919207994184596,-0.04653006718691299,-0.011966364812419306,0.05,pass,,,0.0
1,5710e9b0c55b88e13dda773782d991c568710b0106273856b08496c2f467b87a,disabled_paper_only_no_execution,True,prospective-total-round-residual-v1,capture_20261002T172501815118Z_37040065812_1_0325902cf9ee,matchup_ed41d7d1cb3097c77c7076f680f2cb3681e8e5c75938bd485e15ed89e97731bf,,ad3fdba28a7540cf,20e04625a5395a06,b34976c022b24568,Lucas Armand,Anthony Wint,2026-10-03,timestamp,2026-10-03T21:20:00.000000Z,2026-10-02T17:25:02.082379Z,2026-10-02T17:25:02.082379Z,a824f26c7f2643ecbfb7f92a29ff5e166c56f6a772bd727d21d181d7ba346d13,5b551e52b562c7151c7a18d1a45b33bcf66bf47d3194eb10bdfc448f6a6ca331,1.5,BetOnline.ag,betonlineag,57.082379,1800.0,61830b7be4d317d98554c2bad368d920045c59394a3cebf7e7bde408295cb672,3,betanysports;bovada;draftkings,0.33651931501393867,0.4916564253407371,0.33651931501393867,0.0,market_only_insufficient_history,30,3,95b55a033795876410a871e97543d030c41b579c8265b5d0c94b9aec71d8adba,183,-215,0.35335689045936397,0.6825396825396826,0.391387683714286,-0.25521755340619634,-0.04765033851055356,-0.02792364757856136,0.05,pass,,,0.0
1,5bd1aebf96fa8d649b5916d20e1038c52cde8851e12ec6f9ff935df69ea4bd3f,disabled_paper_only_no_execution,True,prospective-total-round-residual-v1,capture_20261002T172501815118Z_37040065812_1_0325902cf9ee,matchup_2af7bc98c3d9b6e7473054b59710c038af09974d8f8ab4201ae8b92e6a32cc1b,,ad3fdba28a7540cf,6c39d016053601ee,85497ffd934ecf7e,Bruce Whitehead,Jacobe Smith,2026-10-03,timestamp,2026-10-03T21:20:00.000000Z,2026-10-02T17:25:02.082379Z,2026-10-02T17:25:02.082379Z,27335c021532e743d8a96b7992347c072348bab5f0de1abf58ae6ad1d49b4443,5a0f804abb65e7763e56aa7a2a2ca437e60fc347bbd478776e0939e5fd9dfd4a,1.5,BetOnline.ag,betonlineag,57.082379,1800.0,f6e5ae58d37076200386308f6a66f612ca0f82dff903fbadcf6b7a2327da7686,2,betanysports;draftkings,0.31013832658569496,0.4051124130900207,0.31013832658569496,0.0,market_only_insufficient_history,30,3,95b55a033795876410a871e97543d030c41b579c8265b5d0c94b9aec71d8adba,234,-285,0.2994011976047904,0.7402597402597403,0.35307545972066934,-0.1963799264549404,0.03586201079622131,-0.0680815990719037,0.05,pass,,,0.0
1,68e6a54b5a4b3a3f79656013842321395a539aa23072a9e11124a26e31750589,disabled_paper_only_no_execution,True,prospective-total-round-residual-v1,capture_20261002T172501815118Z_37040065812_1_0325902cf9ee,matchup_45f81cc18a58b8e7b4de3d623dee6a0fa0c900c04c78e3ffa9d439c784117462,,ad3fdba28a7540cf,4419acb81e6f0ea4,c0ac37a4a1133da9,Anthony Romero,Marcus McGhee,2026-10-03,timestamp,2026-10-03T21:20:00.000000Z,2026-10-02T17:25:02.082379Z,2026-10-02T17:25:02.082379Z,aae88af4f287b3ca0979a3ba57eeff882e9bd2131ba8921f349faafb0b2ba4d9,936eaf10e767d984fa6b47b7e018f2835f35e365ad9e247276005ebe3e0b1c45,1.5,BetOnline.ag,betonlineag,57.082379,1800.0,aa2349ad36c4f9cad5c64ae257aa0e74e7167ef274f70c6c7e53734ffaf20efd,2,betanysports;draftkings,0.6473357238656579,0.4784917599027293,0.6473357238656579,0.0,market_only_insufficient_history,30,3,95b55a033795876410a871e97543d030c41b579c8265b5d0c94b9aec71d8adba,-210,177,0.6774193548387096,0.36101083032490977,-0.29365502109597097,0.44457782506943966,-0.04440916953164786,-0.023119955107872348,0.05,pass,,,0.0
1,7be9df7cacb6b762cbc620fff00b48b9c449158081d889cc800a0ba204dc43e2,disabled_paper_only_no_execution,True,prospective-total-round-residual-v1,capture_20261002T172501815118Z_37040065812_1_0325902cf9ee,matchup_f84fdeccea811e8a8d8d7634ec81040e40757e251636341c6e5e24a26fe1c2d1,,ad3fdba28a7540cf,2558ae2e5671e318,5a229cbd9cdd28ca,Khaos Williams,Roberto Soldic,2026-10-03,timestamp,2026-10-03T21:20:00.000000Z,2026-10-02T17:25:02.082379Z,2026-10-02T17:25:02.082379Z,ae070afaad77a447446ea3fbb9cc05b645568c5bc0a57375cd6ce4a31f25af39,b62ddd0c33f72bb6b500a8e4dd7addd7475bada229632eb3634594060d81059e,1.5,BetOnline.ag,betonlineag,57.082379,1800.0,5ab54173c58130c219409170d829a1c65066247327701ebd1cb55ac9af54947f,3,betanysports;bovada;draftkings,0.4796954314720812,0.46538947766821837,0.47969543147208127,0.0,market_only_insufficient_history,30,3,95b55a033795876410a871e97543d030c41b579c8265b5d0c94b9aec71d8adba,108,-128,0.4807692307692308,0.5614035087719298,-0.03198988645010581,-0.04772500709651395,-0.002233502538070975,-0.07320748730964466,0.05,pass,,,0.0
1,c710c055b3b1175cf1ceaa2869f18df4719c1d504891bd182fa8c66eaff5502e,disabled_paper_only_no_execution,True,prospective-total-round-residual-v1,capture_20261002T172501815118Z_37040065812_1_0325902cf9ee,matchup_03086047eba4d3b8053fce964b47c70aa4cc3ea154511951d73e1508fefec1b2,,ad3fdba28a7540cf,323d4ca260dfa0ba,887961364be5ceb3,Esteban Ribovics,King Green,2026-10-03,timestamp,2026-10-03T21:20:00.000000Z,2026-10-02T17:25:02.082379Z,2026-10-02T17:25:02.082379Z,0fc65863b3b005d8d58d964b6304f26efcaec2f5a36fbb4f6452b8fb8b6b203c,25021ef5d6730cad19817ecb677351c9b5608453059487d98b88bec9ebf21551,1.5,BetOnline.ag,betonlineag,57.082379,1800.0,9ccde99507662b7dc38192cec14fd0f63ad199b84e8d8d1b715595c1ecddb819,2,betanysports;draftkings,0.643412182618173,0.7918536578032681,0.643412182618173,0.0,market_only_insufficient_history,30,3,95b55a033795876410a871e97543d030c41b579c8265b5d0c94b9aec71d8adba,-205,177,0.6721311475409836,0.36101083032490977,0.17812373478047205,-0.4234346321150527,-0.04272821610466937,-0.012251745852339346,0.05,pass,,,0.0
1,de3a62778194b4170ead84ad865acba58838a884ba3581375b9e8128fe02a38c,disabled_paper_only_no_execution,True,prospective-total-round-residual-v1,capture_20261002T172501815118Z_37040065812_1_0325902cf9ee,matchup_7d336af9109719eb87c6700a284cb685965411a9a8b650072f0e59998fa0c99b,,ad3fdba28a7540cf,6e743a33d56bdaa4,aa72b0f831d0bfe5,Payton Talbott,Deiveson Figueiredo,2026-10-03,timestamp,2026-10-03T21:20:00.000000Z,2026-10-02T17:25:02.082379Z,2026-10-02T17:25:02.082379Z,c97510dce51370686840a453d006f8f4c2e60ba920f85f2be8a9fe4ba3a3f648,4e114c40f50aa683189c16ccc686670a5e0d7b748db67b15511826961bbbc4bb,2.5,BetOnline.ag,betonlineag,57.082379,1800.0,647b27bcd84126dbe489dbd84553757aec63276783c8943ab1c343ccd7f24a52,3,betanysports;bovada;draftkings,0.5203045685279188,0.419908526816466,0.5203045685279188,0.0,market_only_insufficient_history,30,3,95b55a033795876410a871e97543d030c41b579c8265b5d0c94b9aec71d8adba,-115,-101,0.5348837209302325,0.5024875621890548,-0.21495362377791127,0.15443946643455786,-0.027256676230412502,-0.045358596773383164,0.05,pass,,,0.0
1,eca6d15c62cc14f6b10732cb97fd88f5aa4f94d76ee086a9b23980aa3396159d,disabled_paper_only_no_execution,True,prospective-total-round-residual-v1,capture_20261002T172501815118Z_37040065812_1_0325902cf9ee,matchup_ae0ef3e530a55bf48ed14f36581c97d6bdd70675620ae2bc4f9937ffe3a70da3,,ad3fdba28a7540cf,523fa774700d7d3f,64b12fe31be7560c,Court McGee,Eric Nolan,2026-10-03,timestamp,2026-10-03T21:20:00.000000Z,2026-10-02T17:25:02.082379Z,2026-10-02T17:25:02.082379Z,e4107567c3482cc426b087d54ee8cc822ba38c7a5c7bb08ba0a22dec22683ef4,2fe9a6dfa9d1f28b63295b56b9619a48ec0846e4ab9330ec06038cf8f287676c,2.5,BetOnline.ag,betonlineag,57.082379,1800.0,8067b4a20b583a5941065bef1a2f330930b073b37104c215a3e782b45d99272c,3,betanysports;bovada;draftkings,0.5,0.5960981727827612,0.5,0.0,market_only_insufficient_history,30,3,95b55a033795876410a871e97543d030c41b579c8265b5d0c94b9aec71d8adba,-110,-110,0.5238095238095238,0.5238095238095238,0.1380056025852714,-0.22891469349436233,-0.045454545454545525,-0.045454545454545525,0.05,pass,,,0.0
1,eeef24cf45818162fb47eaf69fe84513b277041e941468b03f1f95120e8a94a5,disabled_paper_only_no_execution,True,prospective-total-round-residual-v1,capture_20261002T172501815118Z_37040065812_1_0325902cf9ee,matchup_4811f9d3f9bbc6c0085c39682d7c0cc84ddb3131c2e89dc00d9fe12cbb965472,,ad3fdba28a7540cf,262d32ebda89efc4,2997e7fe3c9d3d4a,Natalia Silva,Wang Cong,2026-10-03,timestamp,2026-10-03T21:20:00.000000Z,2026-10-02T17:25:02.082379Z,2026-10-02T17:25:02.082379Z,c0526ce25693f67becd8328a1145f3b700e4bed7b4d6ec8c94cca25e996d6061,1d7a9f2b86a1a4f40d6b0687ab869a4d032edb3988e764794805b090e4b68b7d,4.5,BetOnline.ag,betonlineag,57.082379,1800.0,ed61db814aea0adda827bb3c7ca9228315703883ed22a5d51c8fad15877e962a,3,betanysports;bovada;draftkings,0.7122302158273381,0.4573583215072306,0.7122302158273381,0.0,market_only_insufficient_history,30,3,95b55a033795876410a871e97543d030c41b579c8265b5d0c94b9aec71d8adba,-300,247,0.75,0.2881844380403458,-0.3901889046570258,0.8829666243699099,-0.05035971223021585,-0.0014388489208633226,0.05,pass,,,0.0
1,f1674ec642a38a2f08592cc458a75d7469a239a8e66dc2929337e55bb9841d89,disabled_paper_only_no_execution,True,prospective-total-round-residual-v1,capture_20261002T172501815118Z_37040065812_1_0325902cf9ee,matchup_2f017da39e97cecb240cde1f4cc8bd428e1f1ba43c6fe898e2ed8a48bb787fb5,,ad3fdba28a7540cf,2f815ed5f8278ba6,9d83f6da776ff7d6,Ateba Gautier,Roman Kopylov,2026-10-03,timestamp,2026-10-03T21:20:00.000000Z,2026-10-02T17:25:02.082379Z,2026-10-02T17:25:02.082379Z,0218df7132babd39d0925f2bf4bb60d17508d70d2f746cf197e3beb5a788bee5,777d9ed9464c5fc5fddce185846c8123ecd9ce7f64cf33963546b3cf96efbce1,1.5,BetOnline.ag,betonlineag,57.082379,1800.0,c31ddfedb0f2fea051ab93d2c4fb5f31abc4b3d35136a7379d5f7f519acd6b1b,2,betanysports;draftkings,0.5966483401107406,0.5956723023098652,0.5966483401107406,0.0,market_only_insufficient_history,30,3,95b55a033795876410a871e97543d030c41b579c8265b5d0c94b9aec71d8adba,-170,149,0.6296296296296297,0.40160642570281124,-0.05393222574315526,0.006775967248435544,-0.052382048059411934,0.004345633124255732,0.05,pass,,,0.0
1,fa39ff4f93608b10003d316eee1fef800c00d3f1cd8c96167f1eee2a19bef058,disabled_paper_only_no_execution,True,prospective-total-round-residual-v1,capture_20261002T172501815118Z_37040065812_1_0325902cf9ee,matchup_b1e9339d567d33747815ea9ee232b8c84cb2ee38d345a6b3a0f442fb0ed390bc,,ad3fdba28a7540cf,6a96ad1bc34fb113,7acbb0972e75281a,Ismail Naurdiev,Marvin Vettori,2026-10-03,timestamp,2026-10-03T21:20:00.000000Z,2026-10-02T17:25:02.082379Z,2026-10-02T17:25:02.082379Z,4ad9d8f3c1ab7bd43c7d0c6c9f20d54f5980c505a4c58c49f843f997c2eaee49,f73c942e6ae680625898e26b784f6846c0d09138cceae3ab0d8ce576efdd1d77,2.5,BetOnline.ag,betonlineag,57.082379,1800.0,dd5405e9a5b081d23094dda3ed13b614d8150063338bd1a4da3b757fd203b091,2,bovada;draftkings,0.6699454476254916,0.5896327966195769,0.6699454476254916,0.0,market_only_insufficient_history,30,3,95b55a033795876410a871e97543d030c41b579c8265b5d0c94b9aec71d8adba,-245,203,0.7101449275362319,0.33003300330033003,-0.16970075578059585,0.2434126262426819,-0.05660743089471598,6.529369476049318e-05,0.05,pass,,,0.0
