schema_version,settlement_id,betting_status,paper_only,decision_id,capture_id,matchup_id,fight_id,event_id,settled_at_utc,result_source_sha256,total_fight_seconds,target,settlement_status,hypothetical_risk_units,hypothetical_profit_units,market_log_loss,model_log_loss,residual_log_loss,market_brier_score,model_brier_score,residual_brier_score
1,01d172667dd3eeeaeda8cd21b79d3f668a17f19070a22962ce27c0b348249b84,disabled_paper_only_no_execution,True,af9f4dfd9c1ade6b86f6c0990ce14c342be564230a7346300f3370ee7e8b7b93,capture_20260904T172656316630Z_33900328517_1_edfac4e1ad8c,matchup_efceb8a2cf0faca403b487b7f86a45ed53496d69cfb44431d1fce10df1751431,b90b099c1f47bb93,2144954270be834d,2026-09-06T14:44:18.000000Z,769905304f60076c05b58207f16b7d3623898ba609a4186010157f9504197b36,174.0,0,pass,0.0,0.0,0.6147216529526526,0.6212906998446138,0.6147216529526528,0.2108725364295671,0.21413704358875377,0.21087253642956716
1,09dc5524ab8500358a3b907c28801c4afe2ea6a7cd35119f9a16b7081dd3aa99,disabled_paper_only_no_execution,True,1008f6fda7213e4453916917570105ea959ba344bb78a39c4cb3fff7b3c00eef,capture_20260904T172656316630Z_33900328517_1_edfac4e1ad8c,matchup_1fce52baf78bc8d3d8b338f10139cc7aeb18fe188c5bae17140a9dcc62f262e6,809ebb0cfdd01ce2,2144954270be834d,2026-09-06T14:44:18.000000Z,769905304f60076c05b58207f16b7d3623898ba609a4186010157f9504197b36,900.0,1,pass,0.0,0.0,0.4297333734852422,0.5627897975282161,0.4297333734852422,0.12202267331501891,0.18522890091238095,0.12202267331501891
1,0b35e9b4140488bdd473382c953303d5f1a942ecb834545f07761c69b0390efd,disabled_paper_only_no_execution,True,bdd8934aa66a6d5d036452df913daef1d2682169ccfc6afd9e9c983c1664cf87,capture_20260904T172656316630Z_33900328517_1_edfac4e1ad8c,matchup_28fea7b40a742271baa73e0e4459f1d5777e4498f310623c111e7397e38f7183,e5fd7ef7ccf955b8,2144954270be834d,2026-09-06T14:44:18.000000Z,769905304f60076c05b58207f16b7d3623898ba609a4186010157f9504197b36,275.0,0,pass,0.0,0.0,0.6015775824975748,1.1476408199006194,0.6015775824975748,0.20435234603570185,0.4659637100555014,0.20435234603570185
1,323cfb78767c78fe98d8164aa31a573fb6fd9d332fa6b6c1184b11ba35a8cbe8,disabled_paper_only_no_execution,True,40e5d7dcd1f795658ac61572e77794e0d83b7114c5f9d4e16ecd00b243371ae5,capture_20260904T172656316630Z_33900328517_1_edfac4e1ad8c,matchup_cf3205b162a0dde589038b55f4225ba43c70eea4bcc574f1ed3694825204d030,cbf9063d23513661,2144954270be834d,2026-09-06T14:44:18.000000Z,769905304f60076c05b58207f16b7d3623898ba609a4186010157f9504197b36,787.0,1,pass,0.0,0.0,0.5095449615872132,0.2844838813791101,0.5095449615872132,0.15938547955428647,0.061304530396520555,0.15938547955428647
1,399d1a4681686637112fcd77339a6e724d99d88d2a6e9698196142337504c281,disabled_paper_only_no_execution,True,29eda8431a5a880fead3ddf347eae696943945eb9e5503d7f56251c0da97208e,capture_20260904T172656316630Z_33900328517_1_edfac4e1ad8c,matchup_e77fa0e4f3862227418eef40fbbb1a99437034414985a81107bee615f9da08ca,ad17c34e0cc7d702,2144954270be834d,2026-09-06T14:44:18.000000Z,769905304f60076c05b58207f16b7d3623898ba609a4186010157f9504197b36,900.0,1,pass,0.0,0.0,0.47129286431298767,0.5088201502635207,0.47129286431298767,0.14122958797605492,0.15903785761120826,0.14122958797605492
1,466250f00ff0170a5e0696961c34912765a5984abf58d8bdc5286dc240e8d0a4,disabled_paper_only_no_execution,True,b74046526265a67fdf2b6aef7bb04291e2a73e89989991e3a67c84d14ff2542d,capture_20260904T172656316630Z_33900328517_1_edfac4e1ad8c,matchup_c6f99d827d99147ec40154996f5cd9c439402f8c1fe7b0c6d927bd3c81990c61,9226a13d001b49ec,2144954270be834d,2026-09-06T14:44:18.000000Z,769905304f60076c05b58207f16b7d3623898ba609a4186010157f9504197b36,562.0,0,pass,0.0,0.0,1.1366229711210416,0.8168056047087733,1.1366229711210414,0.4611756071741327,0.31154167376624814,0.46117560717413253
1,728cb18aba962784addf2361e1c884f59cd65ddb54ea853f9499e167fbe2159f,disabled_paper_only_no_execution,True,4189c311bd9ef351bb4cc22729b55852be31223735f02309366366116224af3a,capture_20260904T172656316630Z_33900328517_1_edfac4e1ad8c,matchup_86b2eb61db67ca8fa121533f6e961a913c37fc9cd4cd9b044b5534cfa1159816,8300a095a4908ab1,2144954270be834d,2026-09-06T14:44:18.000000Z,769905304f60076c05b58207f16b7d3623898ba609a4186010157f9504197b36,900.0,1,pass,0.0,0.0,0.5045835280080094,0.5479860649391975,0.5045835280080094,0.15700853807691809,0.17798870771986663,0.15700853807691809
1,8ffde433f938ac3e0b98096e5d8b8756ed3e1ef9ee805262028f91a7530d7e60,disabled_paper_only_no_execution,True,31f12df9024d3ca6f14f19854a359c7faba12dd6e8e84c52da4dd0d6f28faf5b,capture_20260904T172656316630Z_33900328517_1_edfac4e1ad8c,matchup_59d3204bd6591089d45ebe3e85e99fc60ec6d3301eb3884ceb1d0451d9599614,55f698e5c4ed2c47,2144954270be834d,2026-09-06T14:44:18.000000Z,769905304f60076c05b58207f16b7d3623898ba609a4186010157f9504197b36,100.0,0,pass,0.0,0.0,1.0811246732750877,0.9361119646627729,1.0811246732750877,0.4366383937476618,0.3694821494557731,0.4366383937476618
1,d538526b0185ea709d300bbcd0a226f9e7e5d5973878cff0705a18ed5b252170,disabled_paper_only_no_execution,True,843daa85024eb3b8e9fade8ac5a9e4d3fc51c8cd003328a9f99c842b463babb9,capture_20260904T172656316630Z_33900328517_1_edfac4e1ad8c,matchup_0dc64302fb9aa1e8a2fefa3fcd256374a63542df95f08a12b53d18c5af710d5b,bba8c0ab999b9e6f,2144954270be834d,2026-09-06T14:44:18.000000Z,769905304f60076c05b58207f16b7d3623898ba609a4186010157f9504197b36,155.0,0,pass,0.0,0.0,0.3829922522561057,1.5096394067102392,0.3829922522561057,0.10123966942148757,0.6068571238818414,0.10123966942148757
1,df60ff42de7d41dcc98b716c905ed9559c3363d3bf2e074523553754bac74eff,disabled_paper_only_no_execution,True,59403b8398c9653b4a5eb1c580ac04922cfba23a19f892738aa881aac3024afa,capture_20260904T172656316630Z_33900328517_1_edfac4e1ad8c,matchup_5ba9978871b848d5b7445f82c33ad8b233afd688c6347983e72b3aec7be3e696,ac3af13ffe39b1d8,2144954270be834d,2026-09-06T14:44:18.000000Z,769905304f60076c05b58207f16b7d3623898ba609a4186010157f9504197b36,900.0,1,pass,0.0,0.0,0.5021486887819581,0.8390895961812096,0.5021486887819581,0.15584428991126129,0.3225061697307217,0.15584428991126129
1,ea21339ffe8e64c60e29d29a363ec35d5d3285022a1e93c26332b584930cd241,disabled_paper_only_no_execution,True,8550c29590429b3199c10e5caf4e4ad21b3b9c5f7a7a0a1a18f7a0d14aab5ad6,capture_20260904T172656316630Z_33900328517_1_edfac4e1ad8c,matchup_c4fdd2478b8f9bfba7f679889348ae3848153f5d11360f550d52e07349e29e17,b1c6ea7d7d413bd5,2144954270be834d,2026-09-06T14:44:18.000000Z,769905304f60076c05b58207f16b7d3623898ba609a4186010157f9504197b36,355.0,0,pass,0.0,0.0,0.6147216529526526,0.9572882412141915,0.6147216529526528,0.2108725364295671,0.3795390312102937,0.21087253642956716
1,f0c7742302d0e108964c6c88c0708bc2acc7cdcf272d6d7e740b3a1126a12c70,disabled_paper_only_no_execution,True,c6674d297288da58c824ffa2c15a69ac9f5e8d8cef2f523b9d1ea1cf3eac54aa,capture_20260904T172656316630Z_33900328517_1_edfac4e1ad8c,matchup_a98b162dd2ff1d5415a572a5a20b0f37599fc71cd28b0ac30b961720373d1199,94d411112ebe8fad,2144954270be834d,2026-09-06T14:44:18.000000Z,769905304f60076c05b58207f16b7d3623898ba609a4186010157f9504197b36,537.0,0,pass,0.0,0.0,0.8551776708505116,0.7527456272842772,0.8551776708505116,0.3303862601400176,0.2797654754522952,0.3303862601400176
1,f3dc5a8deb716060fefa36043d5b1c115b24db30f358c64bedbf61cecb410f8d,disabled_paper_only_no_execution,True,e20cfdb4f35d98d46c3e12cd4cc75d5d2974fb9990b76ef379e30769768dc7d6,capture_20260904T172656316630Z_33900328517_1_edfac4e1ad8c,matchup_4b14d6546c8101cf4e7844a682d653e6a80eb09ed63c589aec54a33e149df254,1f973e21581b082a,2144954270be834d,2026-09-06T14:44:18.000000Z,769905304f60076c05b58207f16b7d3623898ba609a4186010157f9504197b36,900.0,1,pass,0.0,0.0,0.43892492818883866,0.35551879476903475,0.43892492818883866,0.12621735639595685,0.08951479226892844,0.12621735639595685
1,1013a4ad41ba30a3737e0f0e13cc556a2fb250b5b8ffcab72486b157ef1d83ef,disabled_paper_only_no_execution,True,63568955a8b3e17695331074e631b2a2303b15eb9ca2ff9f91b2d421b6534c39,capture_20260918T232830347226Z_35405613816_1_71cb2a01e5ef,matchup_8cb639734e70349cede5526c9186ce46910e1a9fe372bc84895459f47f63314c,73304588cef4f88b,8a0a35e7c74bebcc,2026-09-20T14:44:31.000000Z,63f7e229c2d1d1cc26ee80b720668f23fc6505d9d8d1842527e296c7d479925b,202.0,0,pass,0.0,0.0,1.1065517024403022,0.7443091283094303,1.1065517024403022,0.4479660506253356,0.2755594904548542,0.4479660506253356
1,10454bca120906a930541c4e180c112fcf912e9f9a90e9330e833198329e98a0,disabled_paper_only_no_execution,True,a900e726437d267baeb92b98976b72293155228b11f70ef042ed89e77c60e1cf,capture_20260918T232830347226Z_35405613816_1_71cb2a01e5ef,matchup_ae4469d6e6c383f48dab6d33688d521769dc4791855bdb3c6cf4abaa090c38c7,d0361fe28d05a0b5,8a0a35e7c74bebcc,2026-09-20T14:44:31.000000Z,63f7e229c2d1d1cc26ee80b720668f23fc6505d9d8d1842527e296c7d479925b,722.0,0,pass,0.0,0.0,1.1891262962089415,0.8291787390756442,1.1891262962089415,0.48373808349769887,0.3176364568515584,0.48373808349769887
1,19b4c82bdb538e65f51bafa8c2efac4c93855b7f0aaeebfbc770ed9b2ba784f0,disabled_paper_only_no_execution,True,b52861a69f40fe2ddccc10f2eb60436ffda866e23fe5bec6d1c9b72b5e50b899,capture_20260918T232830347226Z_35405613816_1_71cb2a01e5ef,matchup_730df33900ec43538f5d7a9c368cd8fc9d91aef0d76aae08a2e109ea2630641f,2e35163040eb3189,8a0a35e7c74bebcc,2026-09-20T14:44:31.000000Z,63f7e229c2d1d1cc26ee80b720668f23fc6505d9d8d1842527e296c7d479925b,117.0,0,pass,0.0,0.0,0.914470895157169,0.9545426575421766,0.9144708951571693,0.35912621391435323,0.3782395439855576,0.3591262139143534
1,21c5f6422d295a3278830ebb2e237d878045f95433360e38b70c33e61bb5ef0f,disabled_paper_only_no_execution,True,02236710c93d5ad6dd99edb20331849ef1672289fe0fd3eec2719a77e89e18c9,capture_20260918T232830347226Z_35405613816_1_71cb2a01e5ef,matchup_476907300c352a3007df1648d5891307dad34b5ffaf7f0940510328bb5dda3c1,196c64693a2ce308,8a0a35e7c74bebcc,2026-09-20T14:44:31.000000Z,63f7e229c2d1d1cc26ee80b720668f23fc6505d9d8d1842527e296c7d479925b,900.0,1,pass,0.0,0.0,1.1065517024403024,0.57318331803804,1.1065517024403024,0.44796605062533573,0.19033321111844317,0.44796605062533573
1,2279da7f6a8762f4b66c2e074443d718962df910506fd25aab3cf48e65b47d56,disabled_paper_only_no_execution,True,253ca34dc23d86321fb1c0a20baebdccda0f4eef66fc24d2ca37aca9e3a085ba,capture_20260918T232830347226Z_35405613816_1_71cb2a01e5ef,matchup_6e355a8ad7d197cbe29ce642d75d50d2a8e45844e42d87852e64e4bf6ec40b9c,568ec6af4008355a,8a0a35e7c74bebcc,2026-09-20T14:44:31.000000Z,63f7e229c2d1d1cc26ee80b720668f23fc6505d9d8d1842527e296c7d479925b,1500.0,1,pass,0.0,0.0,0.896955523343391,1.6508745216424954,0.896955523343391,0.35068978050731964,0.6530546530545753,0.35068978050731964
1,419214b006730df8a95137dca7724c70fbda62abb5b5ca592dc472c07a38ff18,disabled_paper_only_no_execution,True,868ecb0fefd284c0586ee7e9849f9b6381e570bd3f7ab33b1d69ef23f79496e0,capture_20260918T232830347226Z_35405613816_1_71cb2a01e5ef,matchup_c79dcc9635165d1f4a1e239bf9c5b598ecfcf90c75e2f49b00cff1c9260a3fd4,51789f77811b1817,8a0a35e7c74bebcc,2026-09-20T14:44:31.000000Z,63f7e229c2d1d1cc26ee80b720668f23fc6505d9d8d1842527e296c7d479925b,124.0,0,pass,0.0,0.0,0.3939042857070884,0.908519777409449,0.3939042857070884,0.10600324499729585,0.3562651486483499,0.10600324499729585
1,67b14ec1c7b41c993c927674aec2be8ba56a36fcaa4f238fda42be669ba2d110,disabled_paper_only_no_execution,True,46ecb1cbda0457b06c7c780b6c99b5b18b9e87e53c7977df7b255982d93b8484,capture_20260918T232830347226Z_35405613816_1_71cb2a01e5ef,matchup_24d2abb788a1cd512c495fdc548d6e73ba97540b84f658b9ddefdfce49e378d6,023ce4fa7b7b76f9,8a0a35e7c74bebcc,2026-09-20T14:44:31.000000Z,63f7e229c2d1d1cc26ee80b720668f23fc6505d9d8d1842527e296c7d479925b,12.0,0,paper_loss,1.0,-1.0,0.23356765735392224,0.7987869685192037,0.23356765735392224,0.04338721139799361,0.3026382362769099,0.043387211397993626
1,c2db5a7d38b4350de69e829d71469f15efc0681d9c42b84b29d53404c411da77,disabled_paper_only_no_execution,True,9acbd565a761c588d1039843512748af25d9236d6826a801a1ab410cffe69c9a,capture_20260918T232830347226Z_35405613816_1_71cb2a01e5ef,matchup_bec90fe45f91dcb38f05be1a35565a02b9c8e1ca4de8ffb24483749c9958aa9c,f7810c98786c3dd8,8a0a35e7c74bebcc,2026-09-20T14:44:31.000000Z,63f7e229c2d1d1cc26ee80b720668f23fc6505d9d8d1842527e296c7d479925b,208.0,0,pass,0.0,0.0,0.7561891906473199,0.5366426365407999,0.7561891906473199,0.28148116469511986,0.17246741363702023,0.28148116469511986
1,ec09ff6c62935e2031b0f89258864fbb94b18ba4d1e990a07025bc4db316dcf7,disabled_paper_only_no_execution,True,7cd29ba5459fa46ac4872d3f00ca56c5736df53fc19302a8d65fdf39ecb1f57e,capture_20260918T232830347226Z_35405613816_1_71cb2a01e5ef,matchup_acd0e6b31a1c8fb3bae358145f988d378eaf334300bf13546996916eed3530b8,9be47241c960d082,8a0a35e7c74bebcc,2026-09-20T14:44:31.000000Z,63f7e229c2d1d1cc26ee80b720668f23fc6505d9d8d1842527e296c7d479925b,900.0,1,pass,0.0,0.0,0.5739095991925676,0.49515110696444936,0.5739095991925676,0.19069049026525048,0.15250680464570499,0.19069049026525048
1,f0137c157c558c0c2cb0600c68638ef661bbacf63a4cf0ace2e7b5f55f2cec6b,disabled_paper_only_no_execution,True,36d4ca4411db66b66ce976ac9c717c77f4229251ad3d7693a0c2695f0b9e15e9,capture_20260918T232830347226Z_35405613816_1_71cb2a01e5ef,matchup_41ba239087a241674fcd8f74181fb92a25ca542b10d45301b7c21c7489209f99,3f2d637ffb324a51,8a0a35e7c74bebcc,2026-09-20T14:44:31.000000Z,63f7e229c2d1d1cc26ee80b720668f23fc6505d9d8d1842527e296c7d479925b,900.0,1,pass,0.0,0.0,1.142715516501586,0.34524794197120817,1.142715516501586,0.463826751387732,0.08523785183728498,0.463826751387732
