schema_version,decision_id,betting_status,paper_only,capture_id,matchup_id,fight_id,event_id,fighter_id,opponent_id,event_date,timing_precision,event_start_utc,decision_issued_at_utc,market_consensus_id,reference_quote_id,forecast_capture_id,model_id,selected_gamma,market_probability,model_probability,blend_probability,minimum_expected_return,fighter_reference_moneyline,opponent_reference_moneyline,fighter_break_even_probability,opponent_break_even_probability,fighter_edge,opponent_edge,fighter_expected_return,opponent_expected_return,paper_action,action_probability,action_reference_moneyline,hypothetical_risk_units
1,3a23993d006410867b85bb1409bf6762a7d0a47e58bbcae636cf4a61e39779a0,disabled_paper_only_no_execution,True,capture_54e9bf23f85bc5254ad34c5187bde736414abad3d739a93c846637a0a645f0d3,matchup_7e1d2f3fe098f83e63dcafb684a3e3e78d742ff04e9feafed17eb55c96bb57b0,ef12d2aaaadaf6d0,7956f026e2672c47,333b9e5c723ac873,e90a2f22417af68e,2025-10-25,date,,2025-10-19T23:59:16.000000Z,9716e7890aaf2872d9186c84d4485c64168b2d5a1e36a4ee57790fd52f1f4924,26e2c461e96926651a04f36eeb3ec2f5b381e4c08962e99da1b46b549d9c3825,6068d8bebd34df3c11374df63166db6a0132bbaca069d4fff3c617b47aeceef4,legacy_ufc_prediction,0.0,0.49763423943391344,0.43859649122807015,0.49763423943391344,0.05,102,-122,0.49504950495049505,0.5495495495495496,0.002584734483418394,-0.04718378898346309,0.005221163656505157,-0.08585902585515404,pass,,,0.0
1,3a92eec28966cbc17022d06135c2673cd45d55cd9ca50f3892bae0ed0decd682,disabled_paper_only_no_execution,True,capture_54e9bf23f85bc5254ad34c5187bde736414abad3d739a93c846637a0a645f0d3,matchup_24f117d5b1da6b81392f2e08630377014f0e9b2aa92025d7fa4004b94af3d41d,e69f9b4b9cae12a4,7956f026e2672c47,2b6fc1c02736833d,bc711b6dd95c1af6,2025-10-25,date,,2025-10-19T23:59:16.000000Z,5aabf0b932e44958e2194396d4a9ea06f9ae35fff07c45bc0d739fa5a1b23cd1,dd8cadb4514d601727bb9d7f6611e91a7677026fa8ef4a6bf904c002326fa8fc,c742a106ae559c7d94b900ad2b0ee4ec08f46bc703ae6d045c6399d4dd1537d9,legacy_ufc_prediction,0.0,0.7940248564834461,0.6031746031746031,0.7940248564834461,0.05,-550,410,0.8461538461538461,0.19607843137254902,-0.05212898967040003,0.009896712144004866,-0.0616069877922909,0.05047323193442477,opponent,0.20597514351655388,410,1.0
1,551b56b50d5d0e5e4077b71013ada0f95f8d9b8c767d693da8ab6f8b0842d0fe,disabled_paper_only_no_execution,True,capture_54e9bf23f85bc5254ad34c5187bde736414abad3d739a93c846637a0a645f0d3,matchup_05466634893dcf2a94bd9bd2b16013a588ec90ceba7e5333e049f30054393cab,0230a9dd2739add4,7956f026e2672c47,285ae0b4a68221f4,b07aed698fba8624,2025-10-25,date,,2025-10-19T23:59:16.000000Z,6cac9d8e93067dccc0912201e983055d0fe29375f232953a47c52d6caf379674,32843ad692cba0fe8762b135b70d8e59f77644764eb5bafac8e61adc287b97c8,ac493f5d7602d881e5a2bd4e51d45994420ba58b76017a82df83ec80d1fdbb4c,legacy_ufc_prediction,0.0,0.3045583931748183,0.5815899581589958,0.3045583931748183,0.05,225,-295,0.3076923076923077,0.7468354430379747,-0.0031339145174894,-0.05139383621279303,-0.010185222181840481,-0.06881547560696022,pass,,,0.0
1,6069712ef03dc7418d4b2d3b6fa30b9b0877ab3ea6e7b57c26b8f425403b99ed,disabled_paper_only_no_execution,True,capture_54e9bf23f85bc5254ad34c5187bde736414abad3d739a93c846637a0a645f0d3,matchup_aaef011d2c0115a459b83dbcde482c7217ee804278c60c699312e557fe469fdc,e9c034cec33b3479,7956f026e2672c47,5b86d491d63890c5,849c5d9979df5357,2025-10-25,date,,2025-10-19T23:59:16.000000Z,bc35e1ef1d54e7516902b9b046fe9fe0bd4d1b22efa56da282d9f057b00b2f4f,26c60aeaadecad374da2d8378a46da6f20b090ffb0eb36fd2b9775595bb1de32,ec890249f55e33ab8cb215887c0a4fcc32b1808330c98a7ba3ab3e8aa9593207,legacy_ufc_prediction,0.0,0.5599220863781129,0.5951417004048583,0.5599220863781129,0.05,-150,125,0.6,0.4444444444444444,-0.04007791362188706,-0.004366530822557335,-0.06679652270314518,-0.00982469435075406,pass,,,0.0
1,728d87b84c81a6280d8ff95efcd902d9b1d397ba8a7539be5fb849d7836c7bab,disabled_paper_only_no_execution,True,capture_54e9bf23f85bc5254ad34c5187bde736414abad3d739a93c846637a0a645f0d3,matchup_3024fb5729d476f46afc7e6e24892ce27724d4a522caa953a94dd6fd6a1fe3da,22dd728012944f0a,7956f026e2672c47,0be6776db31d98ec,7f1bf0c255ec8756,2025-10-25,date,,2025-10-19T23:59:16.000000Z,dfa0d5415e1597a6961afa9ee2aa0d892d211636418f512ad334faac066654ac,4ed3fc71667f108a615d651c294be73f854d76132436dbf96b5306e90d3cf273,f84f5699be3ef9fb530dc1b60f809dbf1a143c20f9d2cf4e5a55482166d6a600,legacy_ufc_prediction,0.0,0.26659510523526897,0.574468085106383,0.26659510523526897,0.05,275,-350,0.26666666666666666,0.7777777777777778,-7.156143139769311e-05,-0.04437288301304676,-0.0002683553677413908,-0.057050849588203056,pass,,,0.0
1,754b9ce9ae3c022d9d9d6c7465a71b76652f1a959ba198406fd0bbce990af028,disabled_paper_only_no_execution,True,capture_54e9bf23f85bc5254ad34c5187bde736414abad3d739a93c846637a0a645f0d3,matchup_61b9e05e03bedd6a5e4493f3909af47f920c5b3ec7fd5de6439dee57f2349908,ef1519c8c1d20977,7956f026e2672c47,43a59ce3bb40449e,bc7d1ad49fcb2d08,2025-10-25,date,,2025-10-19T23:59:16.000000Z,fe8325a9e2e98674b3bec3cedc304ded32c8bae9c10eb1b8969f5f93fa560494,1ab156f053c6d85aba2671bf4ea5667016cb8b9d2c85bbc516077d4a4eeab6f6,7dde245e08e21bac375c43438611dc66282d1800975117581b52c1738d887d94,legacy_ufc_prediction,0.0,0.21836437890308796,0.45045045045045046,0.21836437890308794,0.05,350,-450,0.2222222222222222,0.8181818181818182,-0.0038578433191342743,-0.03654619708490614,-0.017360294936104248,-0.0446675742148851,pass,,,0.0
1,8610bb225755a1071e79637f8c67bea6ce1a6a4044faf9d5c0929e0ab69a4201,disabled_paper_only_no_execution,True,capture_54e9bf23f85bc5254ad34c5187bde736414abad3d739a93c846637a0a645f0d3,matchup_08c0f0b285cdca2ad33086f49269f0ee860ce5e5936117e03e485e705e419456,7d3da3c4153717de,7956f026e2672c47,7447e9f28508106a,7dda2cf308f24a02,2025-10-25,date,,2025-10-19T23:59:16.000000Z,2dec515a1c84e420d4e13bd6cd789e369b4233aaf2fcd08c0e811165294089d7,38601b52b52f1384c8fddb7f9071e75ba7f9021f0b921c3346d4295de6953e32,701268f89ab054c59bbfdab6c33ffb5c80942b8a2044c7d88675e7a6e272a85d,legacy_ufc_prediction,0.0,0.5763498660789714,0.3816793893129771,0.5763498660789714,0.05,-160,135,0.6153846153846154,0.425531914893617,-0.03903474930564399,-0.0018817809725884538,-0.0634314676216714,-0.0044221852855828025,pass,,,0.0
1,accb3dcc9d9e19f08359644a4247f5cf0548c4587c36436b478f2c40afb5c92a,disabled_paper_only_no_execution,True,capture_54e9bf23f85bc5254ad34c5187bde736414abad3d739a93c846637a0a645f0d3,matchup_262744eb86f41e64bcffa462b4e2b238f728e4c5463108633820708e79882041,3fdb4c4b39218cf4,7956f026e2672c47,3329d692aea4dc28,7a5e8c94a86f9895,2025-10-25,date,,2025-10-19T23:59:16.000000Z,20d97e0896e500d681f424227d3c6d4ed03fd4e89ccabb5ef68c184d1bf5859d,baa6fd8d031ef822166af6650ab310ce46e4919474f36bc12c64106bec169095,a4afbdeac9e6c46b4869a667ab9883dab01d1c5aa49a05d8cfedf2d187b0ca9a,legacy_ufc_prediction,0.0,0.759242424667169,0.6710526315789473,0.759242424667169,0.05,-420,310,0.8076923076923077,0.24390243902439024,-0.04844988302513875,-0.0031448636915591965,-0.059985569459695576,-0.012893941135392772,pass,,,0.0
1,b9b1113dd58b30c6e1db08f1e1e58e46ca3dc3102a1866b35777dade6ea02cec,disabled_paper_only_no_execution,True,capture_54e9bf23f85bc5254ad34c5187bde736414abad3d739a93c846637a0a645f0d3,matchup_0a2bf447e6c522fcdb4bbd43a42eb2b200a9b18ad2df51adcf66ee2e53fba2f5,b42a3386a7dccb3d,7956f026e2672c47,279566840aa55bf2,41e83a89929d1327,2025-10-25,date,,2025-10-19T23:59:16.000000Z,f8377dbf4affd8a8fc07d445a146e6309f1b436f70d06c589d092e6000868663,03bf75ba38dd7ddd45d291f680d475e019a3f9041302e59268f46884ad60e734,2e101dc978dd4311b10bfa0f0915d8de51797babb016b0e8b2470d038ecc9464,legacy_ufc_prediction,0.0,0.37314782818693726,0.36231884057971014,0.3731478281869372,0.05,170,-205,0.37037037037037035,0.6721311475409836,0.002777457816566853,-0.04527897572792072,0.007499136104730519,-0.0673662809610528,pass,,,0.0
1,c4e60130b75a3c2bdf463d6c0fa1dfdc1b1963ed6e02a3d28f6f8e26c306da16,disabled_paper_only_no_execution,True,capture_54e9bf23f85bc5254ad34c5187bde736414abad3d739a93c846637a0a645f0d3,matchup_b05405c180a52abf23cfd42d1f882962c28fc040022484faa27087f487a920a7,bd7394f07247d9ca,7956f026e2672c47,329e403448756217,7d6ceff6747f2de2,2025-10-25,date,,2025-10-19T23:59:16.000000Z,9f6efe9f2e9b5a92f89a647faf7edf040acf0f6e1496a979e8a046e0c65b1126,dc6545d5b31648fda3cdc2f35a87c64cc74b2f9df4aa4f80e9f453b9d6aa837b,479608213b3c24542107b0124e9afd3597e2fe15cc0204b53a0bf0c2c0972ae6,legacy_ufc_prediction,0.0,0.4237627504007609,0.2070393374741201,0.4237627504007609,0.05,120,-145,0.45454545454545453,0.5918367346938775,-0.03078270414469364,-0.015599485094638377,-0.06772194911832596,-0.02635775067714763,pass,,,0.0
1,0a2e3613a939e0a0755c0ce121ee80b11f3493ba16c93067aad54ab8d1957904,disabled_paper_only_no_execution,True,capture_f05af2c980c0e95c1d597b8544f3c38770a9feb135eec2c438e5c4d70ddba38d,matchup_1f533f099800eeadace7ac5293994566ad62f645a349e83ae1e6e5b1f3466738,71c8ca7442bcb757,0e2c2daf11b5d8f2,7cec3c4a5e7b6d68,feedf3053472fe56,2025-11-01,date,,2025-10-27T02:44:34.000000Z,630c185f2c42570653f0034fe6469913d9f6c6ccb124d6eed27e1254bbb5c50b,df21d855a331c80d147031171d0542773bfe7fcb71da4fefb2da397850c2e971,9c74c30e85d4ef597bd882329818641991f45a8980d0466ecad05de313688710,legacy_ufc_prediction,0.0,0.42276484468947056,0.423728813559322,0.4227648446894706,0.05,130,-155,0.43478260869565216,0.6078431372549019,-0.012017764006181542,-0.03060798194437253,-0.027640857214217607,-0.05035506706977433,pass,,,0.0
1,0d9fd508af65ba3e42cd8f8bc6930b048ff181d75dbf790415fe430eacad8071,disabled_paper_only_no_execution,True,capture_f05af2c980c0e95c1d597b8544f3c38770a9feb135eec2c438e5c4d70ddba38d,matchup_38dac01eb8193f2012d172b65a9e2ebfff419dacacecd9679e09c58827034816,7add5901fac6ab82,0e2c2daf11b5d8f2,c0d5c0c95c59050b,d35298b6df168456,2025-11-01,date,,2025-10-27T02:44:34.000000Z,3222d567e679a53fa6afe3c0fba843b038f5f9a14a7ff77f2e0aa80fb90f1c1e,6b2afe36b7b421a18cba145969e541e6bf3d008439866ffddcf6d7ccbfaf5df9,24236c8f9b5bc524684290e38becb0e58aaea8ed27a01b95c06ebf02e683c752,legacy_ufc_prediction,0.0,0.32187126326512167,0.4,0.3218712632651216,0.05,210,-258,0.3225806451612903,0.7206703910614525,-0.0007093818961687037,-0.042541654326574085,-0.002199083878122954,-0.05903066763144782,pass,,,0.0
1,2a6a73c75fc343d69a908b5e9559e340fd78cf37a9c4fedf80a4c00640a1f708,disabled_paper_only_no_execution,True,capture_f05af2c980c0e95c1d597b8544f3c38770a9feb135eec2c438e5c4d70ddba38d,matchup_d5ca6022577169e9c3edd5dfb6011f35e76fef5fb941ec116d6b25ce4c85ba6c,747d922b329b7f30,0e2c2daf11b5d8f2,97cf1a2c7c5e7889,ffe9703408fb5964,2025-11-01,date,,2025-10-27T02:44:34.000000Z,34e34dd817bc835c63b7d5d7b1d858830c6584c89ab1f0a7384f4b1ab9d1aa3e,93d106fe819a2b192938db0a64c822c82bcdbef0219237216f8dbe639451a49b,547261c92e9104f533dda1afa3fa5fc2649f590a0b31e398fcd70a6ed5b5e6f0,legacy_ufc_prediction,0.0,0.532403888056586,0.40816326530612246,0.532403888056586,0.05,-135,110,0.574468085106383,0.47619047619047616,-0.042064197049797025,-0.00859436424706217,-0.07322286153112811,-0.018048164918830545,pass,,,0.0
1,2e049c6db50f958ac3c05fe747be829f8d530bb2e6037097c2189ff865207a20,disabled_paper_only_no_execution,True,capture_f05af2c980c0e95c1d597b8544f3c38770a9feb135eec2c438e5c4d70ddba38d,matchup_55423e01adc7354326fff8cfa37cc7c545616d1308dd77e6c2138c0e19c1d766,b0f68344e01884ff,0e2c2daf11b5d8f2,40f3cb27fc7305a1,d66a46de8d705353,2025-11-01,date,,2025-10-27T02:44:34.000000Z,3ae4fecdbc741a8192b3ee2e24b8537c7e07ae78ea2787daef79b91b1a0c6612,4bf38caf555b884652f11f0807b3f762ccc26d5fc1eb47761c79c0ad2e60b068,19138697d9d7829704dbe170d57182b635fc1cd32e19b5f4b63d0a0b67425814,legacy_ufc_prediction,0.0,0.5620196319096591,0.6323529411764706,0.5620196319096591,0.05,-135,114,0.574468085106383,0.4672897196261682,-0.012448453196723941,-0.02930935153582731,-0.02166952963874158,-0.06272201228667063,pass,,,0.0
1,3947040169a6aca9978491df795e52b62eb0ce0c0a89fc4c024a3510a12ea7dc,disabled_paper_only_no_execution,True,capture_f05af2c980c0e95c1d597b8544f3c38770a9feb135eec2c438e5c4d70ddba38d,matchup_c34cfd42ad9f4c895177592de4fe6e931e48de24c578d12732c217104a6d0d78,9d9390b550d77e06,0e2c2daf11b5d8f2,7d8435c56043b0ae,fc08099550072fe4,2025-11-01,date,,2025-10-27T02:44:34.000000Z,a9aab000cf1308a53f648dc2ad1a66ed17ab010113ea3aa85ce3f86781bbb3c3,33a67fb5e94aa02d57c620cedffc69362f24fffccd63826d6a55ad6e56f69199,69c16464511df853d3c8f077568665166a53174e337fca5a582713766f5a9994,legacy_ufc_prediction,0.0,0.5036427976686094,0.2808988764044944,0.5036427976686094,0.05,-103,-121,0.5073891625615764,0.5475113122171946,-0.00374636489296698,-0.051154109885804044,-0.007383612361866909,-0.09343023375836934,pass,,,0.0
1,519905fa7ddd32f23f06624616cfc568887a7e7d726eaffa90be9898a579a4a3,disabled_paper_only_no_execution,True,capture_f05af2c980c0e95c1d597b8544f3c38770a9feb135eec2c438e5c4d70ddba38d,matchup_8b1cc24ce75f8fb484561da3a1ee0f70ac440b245ab2d640e6e6c7ecbaa2e629,e6031b5937294176,0e2c2daf11b5d8f2,4a07b1988477502c,8e382b585a92affe,2025-11-01,date,,2025-10-27T02:44:34.000000Z,6788ac1fb769d559f074c5f65771ffb0388db14dd7b700e1307dc45983ca4ca6,94680ec382e0a9d54d326e2805589306af306e56061826e9f9d4be14799e1a2a,313d8c53f4c4cc45acb6095fe41f82ab488d2eaefb2d6e6976861d322a84efca,legacy_ufc_prediction,0.0,0.6288192338756547,0.6515679442508711,0.6288192338756547,0.05,-205,170,0.6721311475409836,0.37037037037037035,-0.04331191366532883,0.0008103957539749018,-0.06443967642890391,0.0021880685357322793,pass,,,0.0
1,619a7ea8a31208c5211ee738494c912e186861691d10d8c6b105665d05658d0d,disabled_paper_only_no_execution,True,capture_f05af2c980c0e95c1d597b8544f3c38770a9feb135eec2c438e5c4d70ddba38d,matchup_082c547ce8d655cf72013bbaced07ecb9772c1d30abdf2b5d83920ba90e1406a,760150e9951e65fa,0e2c2daf11b5d8f2,b9706f80d005036c,d3f5d33d61cd00c9,2025-11-01,date,,2025-10-27T02:44:34.000000Z,98de7e74d37beb022657e845a6e14f26f3571a54a1e03d3f9d756714744160b3,27e2a4c5552517e053adae15424dc8813a5b6d289898b2d3d54dea1ea2e7c25c,502bdf33f97ea60f2efd073d1ee7eb2d5bc2786640b11c1837bd2f98699e921c,legacy_ufc_prediction,0.0,0.42911357304225084,0.37174721189591076,0.42911357304225084,0.05,135,-165,0.425531914893617,0.6226415094339622,0.003581658148633815,-0.05175508247621308,0.008416896649289463,-0.08312179912846351,pass,,,0.0
1,bd5aeba0bdf1bc58e8e1394a88ab3e426fac6c56c1ad9c9dd68ac529569e321e,disabled_paper_only_no_execution,True,capture_f05af2c980c0e95c1d597b8544f3c38770a9feb135eec2c438e5c4d70ddba38d,matchup_c8c4e50aa35e6cd2ae2d82a89fe181d6216eaf2993b8947e2e5fbfd40e1129f2,32927d50acedb507,0e2c2daf11b5d8f2,1235b31de15d0c6e,87f8699fdcc2c404,2025-11-01,date,,2025-10-27T02:44:34.000000Z,071b973135f2f4dd02214480461e549deebd478992733e9da036033f84537422,3dc219a5ea3f81c87fbb94a92d372786ab4dc968750ad7205444fd505b4a8636,79693dbb8dd7ccb0b04bfafbdda92a7a942fc5b10c25d63866fe76780a2ddfea,legacy_ufc_prediction,0.0,0.23958096634292347,0.1968503937007874,0.2395809663429235,0.05,310,-420,0.24390243902439024,0.8076923076923077,-0.004321472681466737,-0.04727327403523118,-0.017718037994013724,-0.05852881547219091,pass,,,0.0
1,f78b640fed6d5fe7b011996eccefdd3735ef03591f5fd3f936fa265ad6318302,disabled_paper_only_no_execution,True,capture_f05af2c980c0e95c1d597b8544f3c38770a9feb135eec2c438e5c4d70ddba38d,matchup_76ef176b08fc75ac8b1b4bc933f7987ac8106d35b5721a0a4662dcdce8b01839,767b78b67c7da17c,0e2c2daf11b5d8f2,70380ccdc81915b8,a57cb948c4c70a47,2025-11-01,date,,2025-10-27T02:44:34.000000Z,cbeba5b0cd30bed636c7f32d5f648d06668a737b1ab86912cfcb6eb0e7603eaf,bd9f39c6821ba6f8074021eff61b7f5da24a9d352f15bbfe13b68860163848ab,77f9a7b9319d2f3c01d1cd69d8ef350c9b1768f70db2f00a5045b3fcac429a9e,legacy_ufc_prediction,0.0,0.32127085754597057,0.765807962529274,0.32127085754597057,0.05,205,-250,0.32786885245901637,0.7142857142857143,-0.0065979949130458015,-0.035556571831684924,-0.020123884484789856,-0.049779200564358916,pass,,,0.0
1,70cf4961fc9b508a3add461af435d5c3b5dcd5939f646c0d408e45e3c490d2eb,disabled_paper_only_no_execution,True,capture_f3236cd5d9b6fa1ed6cd3434d622dc9b9aa9e569dd7953b1855d80d3b137cf81,matchup_e6e2ae8922e8c88185876e978d8cdad9a99564fee6edf6430d777c271a3184d1,e3d657dd88864ba7,6436029b50a9c255,41cc71cbf210e0fe,e00a3dee329a51f7,2025-11-08,date,,2025-11-06T04:42:29.000000Z,732d1bb1b6a069a7c0aa127c8d0ef64d117019e0ce86129204bb5a3622fa8651,2112e4286208bea5c5868bb0f5eb39836a67e4bd9a56175daee9b6d9e4ca71c3,c49ce237dcc5e9fe96953107c3e82bb61d5a4032f1fb783820b165c292334cb1,legacy_ufc_prediction,0.1,0.5709567306432658,0.5327102803738317,0.5671623587753017,0.05,-150,125,0.6,0.4444444444444444,-0.03283764122469823,-0.011606803219746165,-0.05472940204116383,-0.026115307244428898,pass,,,0.0
1,757ffa7fd53b586df8c598fef1abc96c2654f27452c574868e8121af35f8f81b,disabled_paper_only_no_execution,True,capture_f3236cd5d9b6fa1ed6cd3434d622dc9b9aa9e569dd7953b1855d80d3b137cf81,matchup_8bc20ac02efc528318e76e646573432296b38cc37e6402cd5c3f1c66432c9dae,238c274c90587e21,6436029b50a9c255,46e0d677f91bacc0,850266b3dc4e506e,2025-11-08,date,,2025-11-06T04:42:29.000000Z,a4125b4775225aaafd8c57e4e1e3bde792dc22a5b5538f463402029578edb161,670b51347d03e01923f9b2a8c8ba28670d11110e4a67691c68b10ea45e294cbc,9a97f14490743cd0752cbcb3df0c94919f3f36ac2ab20a4ab015b8b47cbe8391,legacy_ufc_prediction,0.1,0.37781743415031127,0.5575221238938053,0.39512275569041844,0.05,158,-205,0.3875968992248062,0.6721311475409836,0.007525856465612213,-0.06725390323140201,0.01941670968127962,-0.1000606852955006,pass,,,0.0
1,83c388c66df465f0aae97089d7359c0f52d7dec775615278c658e9dbf92be40c,disabled_paper_only_no_execution,True,capture_f3236cd5d9b6fa1ed6cd3434d622dc9b9aa9e569dd7953b1855d80d3b137cf81,matchup_ac8f926323c8f176d7513319862f2df45b85e6b30b6bfb9e6448fab86bd0600e,20971ed9a842b0cb,6436029b50a9c255,06626b6287e1ae1e,eb393afdbe3293d5,2025-11-08,date,,2025-11-06T04:42:29.000000Z,0a8d434290816192649d272976ce20776e033ca52aa0d7b163c4f9cefb2e71de,0cfdc090424b9dec9f2b1e785576380fa372a568e19f501d0cb4e7989dec7e14,f81e8dd59cffd4853b343ed33e2201306914811ee03ce94c35ce14ec332d8c5a,legacy_ufc_prediction,0.1,0.36770603019299697,0.588477366255144,0.38886250768853353,0.05,165,-200,0.37735849056603776,0.6666666666666666,0.011504017122495769,-0.055529174355200106,0.030485645374613846,-0.08329376153280021,pass,,,0.0
1,aff50398ca2ea2a595120c97c598a451cc1780856598e5eaff5c6b6317611f35,disabled_paper_only_no_execution,True,capture_f3236cd5d9b6fa1ed6cd3434d622dc9b9aa9e569dd7953b1855d80d3b137cf81,matchup_21e66b673d541c02e5e30682f0c20e246eef30a162c7cd097a72ce7906f1a6eb,ac4343150638b635,6436029b50a9c255,9384e71bca6c409d,a93f94c923c3a9cb,2025-11-08,date,,2025-11-06T04:42:29.000000Z,77257cb046580013db6f471dc367bd18b40b7b642dc3ed984caec672895bd585,35980db2893a7ebac13e9e9ebe7990d1a69382502953ac407a9cefc698852bda,7cf1ed96a87005bdc6560d6b285f2d5193be9b7f413a9e74d48fc71a2dc08721,legacy_ufc_prediction,0.1,0.623870987594275,0.5934959349593496,0.6208726674046403,0.05,-190,160,0.6551724137931034,0.38461538461538464,-0.034299746388463115,-0.005488052020024947,-0.0523522444876543,-0.01426893525206474,pass,,,0.0
1,ba0586517482cc9d6b907fc9f13d211bcd42900ade48f655cc5630772798f9be,disabled_paper_only_no_execution,True,capture_f3236cd5d9b6fa1ed6cd3434d622dc9b9aa9e569dd7953b1855d80d3b137cf81,matchup_8062190ab4ec4081bab719356ed444b175dd51651634b1e022c089afb22f1c48,c6d56aad93f98249,6436029b50a9c255,5987b2458f4b5290,b9f28e7045fdfce7,2025-11-08,date,,2025-11-06T04:42:29.000000Z,01b0e1aedc2e7b1920c95385a454dca4e26acf28eb3ff5c058c697bec4f73cbc,edfe721b34733be97e14363bdae8c03be8ae3c306aec1fc3cf8d6ec46950bc02,7d81f689886239c2bb5af4a35ac4b775ce783e9b2a6addbd6dcc7e5446c1060f,legacy_ufc_prediction,0.1,0.6105294660604496,0.658703071672355,0.6154634011836886,0.05,-175,145,0.6363636363636364,0.40816326530612246,-0.020900235179947768,-0.023626666489811043,-0.03284322671134654,-0.057885332900036945,pass,,,0.0
1,c3cc0eb85f3e734ce9a3686e10d99a0a5ed41927f6420eee40cf646d12149fb6,disabled_paper_only_no_execution,True,capture_f3236cd5d9b6fa1ed6cd3434d622dc9b9aa9e569dd7953b1855d80d3b137cf81,matchup_c5d0545ebe3cbcfce65e99f45c1de70dec1fe1793bbdc6e2c2ed2147c86b3a07,f7e9bd2d6f81aeae,6436029b50a9c255,2fe9032955c2e013,67c1d46f4ed16f9e,2025-11-08,date,,2025-11-06T04:42:29.000000Z,6145255d8e21f403f20d38ae12966b3d3bdc41e2df5e06265bd39ce8700f202a,aa8ef758b98dd47480c2d514d27080ff1a3d402337a7bdc468d46f1c43721689,7b1d390d72f615cd106867f33b3f8152407acdd125d0dd4759bf175e29c80a54,legacy_ufc_prediction,0.1,0.7625514213241399,0.8729351969504447,0.7760446542404679,0.05,-325,260,0.7647058823529411,0.2777777777777778,0.011338771887526744,-0.05382243201824566,0.014827624775996417,-0.19376075526568426,pass,,,0.0
1,cfc65e18e05c85f2a0a0a564d6c2f856859a285906267c5b9bef8ff244244959,disabled_paper_only_no_execution,True,capture_f3236cd5d9b6fa1ed6cd3434d622dc9b9aa9e569dd7953b1855d80d3b137cf81,matchup_7ff519964e8a23e7f04a67ef1f9555f423ee381d3cf2ab43d684042f2498757e,4e224ebb6394611d,6436029b50a9c255,01641ba5df0c69b0,c6aee362c7a7d482,2025-11-08,date,,2025-11-06T04:42:29.000000Z,925b0bc4db4d118c9f3ecb56313e6dc07607b1518e06707a9f2c5a19ceaaefc6,74989cdc4bddef3f5c693352b03a30e4215756e89edcaa8b1a125112cbf6b0b4,4934d3e279fb69b6bca32527763eac1018ce9fc84d671a7f2a8d5c8f4cfd7839,legacy_ufc_prediction,0.1,0.6198742026948226,0.5391705069124424,0.612020495953846,0.05,-190,160,0.6551724137931034,0.38461538461538464,-0.043151917839257425,0.0033641194307693634,-0.06586345354412992,0.008746710520000534,pass,,,0.0
1,d1c0e674175ebe09c10f739ef67f9f4e4e9b301f210235c68f55542cb495a265,disabled_paper_only_no_execution,True,capture_f3236cd5d9b6fa1ed6cd3434d622dc9b9aa9e569dd7953b1855d80d3b137cf81,matchup_fcd6caeaa874b2bf5f89cb437991f117d376d712dc7969b9f75b8f632fe51992,80eae31bc0a94a65,6436029b50a9c255,cc8c623cca88f54f,e3964ece586e0635,2025-11-08,date,,2025-11-06T04:42:29.000000Z,d7597ab97ac009d4ac3b9dc40c4ff61eec5279309e7d4fdf894189af5deeafdf,805db7e74ae3203efb79ff92f2647824523e5b2db2a869baa7244ff576791b34,8a3ae59e8238fe004274ee46f76f39a3008c48d9ea2b8efd35cd2bdda8a62f5e,legacy_ufc_prediction,0.1,0.30153053960778287,0.21367521367521367,0.2918720218263297,0.05,200,-250,0.3333333333333333,0.7142857142857143,-0.041461311507003606,-0.0061577361120440655,-0.12438393452101093,-0.008620830556861692,pass,,,0.0
1,e44357dc2a935e73b963a66eab29c09d9be1ca65d4f0db6c352b66b6e9090e90,disabled_paper_only_no_execution,True,capture_f3236cd5d9b6fa1ed6cd3434d622dc9b9aa9e569dd7953b1855d80d3b137cf81,matchup_c859d7aa59cdfb358c1025d26ae9c28283095971cb13f2566ee697fadc4d88b5,b23fa678cc65cf5b,6436029b50a9c255,447f9858ae78f921,681399317dbf4701,2025-11-08,date,,2025-11-06T04:42:29.000000Z,c3348f9901c889b933e414a4bcc5ca895b9e5efbd5a68ef67b39fb8bdc8c75a4,c189240cd69fd7e00ae1da121e6d56d626c5045e2fe07bd9a0f75ecfebeed211,258457b7524e4f4f51154ae8b016aa5ff7d2c45ae4a05455eec54f056ff8b126,legacy_ufc_prediction,0.1,0.3952376844407904,0.3003003003003003,0.38523176467167564,0.05,135,-160,0.425531914893617,0.6153846153846154,-0.04030015022194139,-0.0006163800562910549,-0.09470535302156224,-0.0010016175914728809,pass,,,0.0
1,0b0ba10a63f4a2affc22d1edfb0f7f102cc46d157c39a00035fe6c0657aed6a6,disabled_paper_only_no_execution,True,capture_0804c9c0d9451ee17fb4100a90af8ed0284b117e11ee32905730f50bccfe50dc,matchup_81339871e544814b870ef0a5981bb5e1dcb1e40dfd93fd7b969e48a1c6df7678,9bbdc2a2ab334541,8db1b36dde268ef6,6ac9bc2953c47345,d6c0cdd7e467c440,2025-11-15,date,,2025-11-09T22:21:34.000000Z,8dde3013ba1aefffa2403e95cf95eca22356fb9481dee31586b117072f0673ce,6cef72cfd91865a241bcf0ce2ddc1304233cbf8e646c616ccd6d482375e29bf5,37d75eec152e292f3fecd30a9a8b247542053961c9eaf16b4830919c2634a9c3,legacy_ufc_prediction,0.15,0.2563568390565103,0.21141649048625794,0.24923367939832053,0.05,250,-333,0.2857142857142857,0.76905311778291,-0.03648060631596517,-0.018286797181230496,-0.12768212210587815,-0.023778327866284754,pass,,,0.0
1,1838c8104eefb7e152bc90218dd2ae2a790d20c4817bd5434e10d171ee4acad7,disabled_paper_only_no_execution,True,capture_0804c9c0d9451ee17fb4100a90af8ed0284b117e11ee32905730f50bccfe50dc,matchup_d109778c8b4a626d104547c54fbe6b54d862e68f3d9512daca939644a395a344,909cd8633507a0c8,8db1b36dde268ef6,669970f7feba8ecd,68d4a891e5cf2029,2025-11-15,date,,2025-11-09T22:21:34.000000Z,f46697c55d5517d2c2ce6b17ae39f73833536f6a3023715dd0c3043a3fa93ed4,1233a8de6a34828f4dd5d39a5314b79aa1e83ed797603d2b904c2687f5df0a3d,b0e34b44654c9880c1b29ca2ae8016c16c28c8af71c28f72f5474b12c30ccef0,legacy_ufc_prediction,0.15,0.6484335209698214,0.6763754045307443,0.6526960394050044,0.05,-245,200,0.7101449275362319,0.3333333333333333,-0.057448888131227505,0.01397062726166226,-0.08089741389907534,0.041911881784986615,pass,,,0.0
1,48ea73e09a67ddb789347f4288dc211f7d5eb20cedfb2aeb7ee077a881f94d93,disabled_paper_only_no_execution,True,capture_0804c9c0d9451ee17fb4100a90af8ed0284b117e11ee32905730f50bccfe50dc,matchup_fa592b03056e69a43c46a31b1bbb7ae7ba3f55c39dd5fa2421ad43edf88a92be,e3cbd663732f4a98,8db1b36dde268ef6,b8bbdeff718dbb7d,e0c6edcb5b5d0b90,2025-11-15,date,,2025-11-09T22:21:34.000000Z,0d4d644480523c38237ecd68f9a8a3fd094c29252f79631153af819cb4151c46,c4ee9b3549a69089432331c3cab72262c250fe14e387f5a95c1578c077f6a312,adc24801604e4e034da0a5dde2096605d68f46b8625bc1e5029bde7dab21539a,legacy_ufc_prediction,0.15,0.5427612708304898,0.44052863436123346,0.5274453387399918,0.05,-140,115,0.5833333333333334,0.46511627906976744,-0.055887994593341594,0.007438382190240789,-0.09580799073144264,0.01599252170901755,pass,,,0.0
1,56fa6296655acbd33ede67c7520c5d671b6d07d4b5e6c1123f0c739e69df662e,disabled_paper_only_no_execution,True,capture_0804c9c0d9451ee17fb4100a90af8ed0284b117e11ee32905730f50bccfe50dc,matchup_47333bd8ac8e2381307d0b15cea9b5bdb4263447c38c3531257f3ad2a4c58750,7606f6b6c19f2d73,8db1b36dde268ef6,132deb59abae64b1,1ebe20ebbfa15e29,2025-11-15,date,,2025-11-09T22:21:34.000000Z,ec7df1b39429765fef94b6c5648de35ccdfb3953a4bde2e54e1564572ecc6e3a,b3340918d148bf684840fb841a5f5750b17f2576581168346e46c0e832e514f8,4c20c10b28e350e0d985a8c6bc51b175c926e8dbc8d6550c20387ff9e7a92953,legacy_ufc_prediction,0.15,0.5238615167205344,0.4149377593360996,0.5074125508049099,0.05,-130,110,0.5652173913043478,0.47619047619047616,-0.057804840499437904,0.016396973004613957,-0.10227010242208256,0.03443364330968923,pass,,,0.0
1,5cef7930d1db7fc7001ba117b7c92d804c537adaa8ff2aef16276124f765b48a,disabled_paper_only_no_execution,True,capture_0804c9c0d9451ee17fb4100a90af8ed0284b117e11ee32905730f50bccfe50dc,matchup_90d2e256985888a3c70bf9998274a82d62ed3d4e9d4675be1182f6f728574a82,292b83afa418635f,8db1b36dde268ef6,260e9e0d4954aea6,35673bf5204524ee,2025-11-15,date,,2025-11-09T22:21:34.000000Z,5fe3b3a3e78d0a53cb3a81cae1c424962a145fa2f741427fe9ef3e66a9826cdb,555840cff3824d8adba9e226a1cd5f96c83cb4cf69dc5521ffcd1616c2379780,580df6463ca5b0267ba6501f07e46c8aa3a2b7d562b3a547dab51766fbdb26cf,legacy_ufc_prediction,0.15,0.3334639327860092,0.4065040650406504,0.3440176148089283,0.05,200,-250,0.3333333333333333,0.7142857142857143,0.01068428147559497,-0.05830332909464253,0.03205284442678491,-0.08162466073249963,pass,,,0.0
1,5ff5d032c2c440b9dd40cd0b9af1201ed5ca3bf92ef98d819bbedec546dd5d35,disabled_paper_only_no_execution,True,capture_0804c9c0d9451ee17fb4100a90af8ed0284b117e11ee32905730f50bccfe50dc,matchup_2e129b9b0c5bb9d38d16624cb5c53498a26affd5c2c2b86b65366d5aa5245e48,477af74ea3cbba8b,8db1b36dde268ef6,45f7cb591c3ab00b,c32aeb1a59e6272d,2025-11-15,date,,2025-11-09T22:21:34.000000Z,f7dccd6065bacc4fc0ab3ea5c13f5ff1f3a605614a0e76289fbe9599c2e4e702,f9245ddf4151962278fb6bae18f187f1e3378f4a4db872956b1bc854260115b1,69701b5ac3ffb5ccfc1dcff8c309631f61eeb9440ec795460f4a5ee55b73b369,legacy_ufc_prediction,0.15,0.5604251234361858,0.3875968992248062,0.5344057191596964,0.05,-156,125,0.609375,0.4444444444444444,-0.07496928084030363,0.02114983639585921,-0.1230265121481906,0.04758713189068309,pass,,,0.0
1,bd0dc6686e83d0e658ad9ceedc3a34650921fb52df748f9e8e7e2bb3c0f14769,disabled_paper_only_no_execution,True,capture_0804c9c0d9451ee17fb4100a90af8ed0284b117e11ee32905730f50bccfe50dc,matchup_52825e3e91aea900fff42f2b1dc9c201854975a3cfb5fa4aa5363477c95dcc95,3c60884853766487,8db1b36dde268ef6,7ee0fd831c0fe7c3,f1fac969a1d70b08,2025-11-15,date,,2025-11-09T22:21:34.000000Z,fbebe280438a45140d3d9fa08ee393a3517c72d724ac277ab35b7d6b2e26a0c6,0e1907c6957773f939d1172fd10500917575dea3e70eda4a03347ca00a131b28,9cc6aa095c6b5cb116e93c25435bc90d82743353e54d646e928f264d1cf46245,legacy_ufc_prediction,0.15,0.6422035663210404,0.4784688995215311,0.6187564450014891,0.05,-220,180,0.6875,0.35714285714285715,-0.06874355499851093,0.024100697855653774,-0.09999062545237947,0.06748195399583046,opponent,0.3812435549985109,180,1.0
1,c5538eed3ca9ea46b8310cd811e51b0913d3d9ff613dfd9439701b4a7ced191b,disabled_paper_only_no_execution,True,capture_0804c9c0d9451ee17fb4100a90af8ed0284b117e11ee32905730f50bccfe50dc,matchup_994878aa8b26f0f86611320a1e08b13a65a2de5daac6682a50567379d09f2fb8,6c2c6a6e3f4d04db,8db1b36dde268ef6,745fa7b605f8e2da,f0feeb2192937424,2025-11-15,date,,2025-11-09T22:21:34.000000Z,ad7bc89f8feaa3c53c484e477a30260424846dfbd32a760ce47603b56ef117e5,7a51dfeeffae05811b310a2bf58ef55189c0dd34317068b460dd376874bbdf7f,0b08f6d9dab04502bb649aaabc87b01b0a69baed903a11676df4104df8be3836,legacy_ufc_prediction,0.15,0.7859598621728212,0.9230769230769231,0.8143257748140426,0.05,-440,310,0.8148148148148148,0.24390243902439024,-0.0004890400007722118,-0.058228213838432796,-0.0006001854554932295,-0.23873567673757456,pass,,,0.0
1,c68f3cc4fb0d994e89ed0f75ac3d9377daa03cf2775b2543e3d3561d954244aa,disabled_paper_only_no_execution,True,capture_0804c9c0d9451ee17fb4100a90af8ed0284b117e11ee32905730f50bccfe50dc,matchup_0e7df4eb3b0339c1a37c97d3cdac41dd1076437a8a0e60b4fcca8f6bb994e606,9b5f190cd3f5ce16,8db1b36dde268ef6,08af939f41b5a57b,c2299ec916bc7c56,2025-11-15,date,,2025-11-09T22:21:34.000000Z,43acaa64331ceb2fb1922738120cc3d462a6f2b2897b69f9fe849e50d99f43e6,80716cd0cfbcb097ca0a0b46ef9babf813af78a36afca066379083cf445903d0,db75285b4f454539de8b08826614fe462d95f6e66d213e7ce08c56617252b6d3,legacy_ufc_prediction,0.15,0.3639153697164853,0.31545741324921134,0.35643805613135354,0.05,155,-190,0.39215686274509803,0.6551724137931034,-0.03571880661374449,-0.011610469924457023,-0.09108295686504853,-0.01772124356890825,pass,,,0.0
1,d2b3504c1a95c374b0506f6b4addcdaf0d07928d6ec6a22d9fb1dc990f7a6dba,disabled_paper_only_no_execution,True,capture_0804c9c0d9451ee17fb4100a90af8ed0284b117e11ee32905730f50bccfe50dc,matchup_b64119e137a49004d56522910fe0ac41676e566b0d3bce6da89f7090bbe9cf55,856f6ee049373843,8db1b36dde268ef6,275aca31f61ba28c,6b453bc35a823c3f,2025-11-15,date,,2025-11-09T22:21:34.000000Z,8a8eb4e2ef386d1fb0818f00a2737708a5f6d5fc1cef5e9ef28f6d32513ece31,89ad959dc0cf676f52e889cebf78c566d65fa93123bf7802d5a317adf10aef9b,da4956e798e8aac8ad05e1b93053349629584d3412b1151eae0d928edeb97082,legacy_ufc_prediction,0.15,0.6987459068802925,0.4291845493562232,0.6620305708438103,0.05,-278,225,0.7354497354497355,0.3076923076923077,-0.07341916460592512,0.03027712146388195,-0.09982893604690535,0.09840064475761645,opponent,0.33796942915618966,225,1.0
1,fbbdb9dfbe07e0e68f2dccc4e70b7520d5edf7a899cd7d206de57843986035ad,disabled_paper_only_no_execution,True,capture_0804c9c0d9451ee17fb4100a90af8ed0284b117e11ee32905730f50bccfe50dc,matchup_968fe1e2248046dbabe4e1745c1fa5b134907fa62604f3c36667534c3d3a8897,ebb012c5f3fd0cbb,8db1b36dde268ef6,9d83f6da776ff7d6,d1c65d2cf2925ddd,2025-11-15,date,,2025-11-09T22:21:34.000000Z,4df9d1bac67c5a1b56dc65a5a2a81169afb9cef9e3e200b34c92659e928331b0,983dda9a301e13f95afb053cb5986765b90610ec52f2b6bcec0337846761a92b,f199a2e8da6c129831132da1475152d87c6c77e74c49c0e09dbd717df71ff426,legacy_ufc_prediction,0.15,0.4053281890462465,0.5454545454545454,0.4259321654561385,0.05,143,-179,0.411522633744856,0.6415770609318996,0.014409531711282508,-0.06750922638803813,0.03501516205841648,-0.10522387800146726,pass,,,0.0
1,05804dfc348d9f9a3c357f6d76b219db365163d80fd460c4cd2be1985b261f18,disabled_paper_only_no_execution,True,capture_bda0c3cd30e2647035bc20d37b6dbeecb493207f294bf7f9fc7bac4977aae6df,matchup_df35ef7c47b7c413e117581b022de5740148b5b57adf3574d845aaaee506f747,870d374f8d9af65a,92c96df8bdab5fea,0845c81e37d3bcb3,a495f599e787614f,2025-11-22,date,,2025-11-19T02:53:23.000000Z,b6dde2dd4d0cf1e0faf9ea09b484d3013dc9065ec08b81cc6a2496aadbd95620,03eb5f8cef8e9cd6093f333511785f42403c72cd211d81d469cf3940c66e1034,21b26f9337a646c279ac1370e2ce5a5296a1461c778f7d668ccc44805dca4f43,legacy_ufc_prediction,0.1,0.668208546673379,0.47393364928909953,0.6501385624601272,0.05,-250,190,0.7142857142857143,0.3448275862068966,-0.06414715182558706,0.00503385133297618,-0.08980601255582188,0.014598168865630923,pass,,,0.0
1,1ba90a47bb2c86d54f3e41c617430c4b9b4c9680f967b0d16a7309ee5bf94d09,disabled_paper_only_no_execution,True,capture_bda0c3cd30e2647035bc20d37b6dbeecb493207f294bf7f9fc7bac4977aae6df,matchup_7c94d23031724b35ef7de8c16bfb78753ba1842ec1b87397d8a74105557d666d,443f30a4a856584a,92c96df8bdab5fea,8d3273573b85be09,ab2b4ff41d6ebe0f,2025-11-22,date,,2025-11-19T02:53:23.000000Z,39ce464041d36077925ee2bc093904e614ad7831bc7b44d534b273fb7d3c7c84,2e7f8b0bf43df6d9f10023edf87aad97e9dcdaaaccad8624383b3c3d80b2b73d,e5cb877e6c3f5ae0db41f6be53b3ce022706199d52cf081c8af4b5c168c841f0,legacy_ufc_prediction,0.1,0.6425924977911862,0.673202614379085,0.6457115233554642,0.05,-230,176,0.696969696969697,0.36231884057971014,-0.051258173614232794,-0.008030363935174367,-0.0735443360552035,-0.02216380446108135,pass,,,0.0
1,1d20b9f1abecf755ce507db0d51d10ebf30f732b9b32659b934ae73f56297c05,disabled_paper_only_no_execution,True,capture_bda0c3cd30e2647035bc20d37b6dbeecb493207f294bf7f9fc7bac4977aae6df,matchup_f1f7e5c57721422496ceda3b3d7e4eaa4d8edfb3c73c3c2fa65d91c22e44ba3f,335064c3380e2f10,92c96df8bdab5fea,6a96ad1bc34fb113,d5bab53a1a603aac,2025-11-22,date,,2025-11-19T02:53:23.000000Z,f27a78ae219e77daf287cc84b9876ac800b636a7aa66247abe835e46f86528e4,c48db0dc5be2d65543b0fb08b2475e813c2706ff96199daa2591fc74a96b5490,8c3ca516b8cb91bb7a3ba7ce99e9d09aeb629da6c2fe35880dc79688215f95d3,legacy_ufc_prediction,0.1,0.5452217878082901,0.5867768595041323,0.5494157121520065,0.05,-125,105,0.5555555555555556,0.4878048780487805,-0.006139843403549117,-0.03722059020078694,-0.011051718126388388,-0.0763022099116133,pass,,,0.0
1,1d8ce1e792084335e5a3fd4a6cbe23b74765ffcef39229477ea419455a84fb08,disabled_paper_only_no_execution,True,capture_bda0c3cd30e2647035bc20d37b6dbeecb493207f294bf7f9fc7bac4977aae6df,matchup_82ca9324c7a574fc502d887b603e1621705754bffcea45f49cfd2431f2670d0c,6f0231915cc28507,92c96df8bdab5fea,4a6dff1b260bcf61,a4dc0f2b95df4cc1,2025-11-22,date,,2025-11-19T02:53:23.000000Z,7be82197ca781bb9039224fa314b8f841048deab931b8c4dbb8c4bef0577de29,c06c31e87da4dbc1624feeb7d63f97054f5d3eba9b23fe6ff112e3c7a8d774e9,f23cd19b678f859aa84a81015c51b0f501c4619479cdc7c3a240cd725f63bc9a,legacy_ufc_prediction,0.1,0.5075347935592873,0.6835443037974683,0.5260110304635226,0.05,-110,-110,0.5238095238095238,0.5238095238095238,0.0022015066539987638,-0.049820554273046436,0.004202876339452377,-0.0951119672485431,pass,,,0.0
1,4d57323d0e024988481fe6f104dfe815bf922daf007e72648fb969d512f1df83,disabled_paper_only_no_execution,True,capture_bda0c3cd30e2647035bc20d37b6dbeecb493207f294bf7f9fc7bac4977aae6df,matchup_ddae0ca15ff359f1a9539ccb4c0697f26f257ceff12f91a470539aaf8865d933,5f5b626e67529056,92c96df8bdab5fea,193b9d1858bc4df3,eae48ff31db420c2,2025-11-22,date,,2025-11-19T02:53:23.000000Z,14c2f17bbdf7bf67451ecc68bc99769a2cae8778cd2da6a6fe48a7ef24bbc0b2,fcff127b26bbd4dfe04f78432706f36077ad298daa2d2c89a06664469989552e,eaeb27dd07dca623ae940ebf8226c0648ecd52bc059e165526419cf7934948d2,legacy_ufc_prediction,0.1,0.2024111628916748,0.16891891891891891,0.19885058143966514,0.05,425,-575,0.19047619047619047,0.8518518518518519,0.00837439096347467,-0.050702433291517024,0.04396555255824186,-0.05952024777699838,pass,,,0.0
1,4ebdebfeb60777c15b97fae563f112ca2d63819ab1e9c1f2f6ff8755a9a8e89c,disabled_paper_only_no_execution,True,capture_bda0c3cd30e2647035bc20d37b6dbeecb493207f294bf7f9fc7bac4977aae6df,matchup_e20eca1088afecb0bce997042227feaae1c9d4e2b2acbca02ad4a6198a475a1a,00ee51bba08b7a08,92c96df8bdab5fea,98aa60cf58071fd6,f00ac08ab056af5d,2025-11-22,date,,2025-11-19T02:53:23.000000Z,5014693a830033ef933968af7a8e0ae7eb1afce0173bf75696c913a9f9f1339e,bc0ddd05bd1e97195c45940ad9077e58df8b3c136552327ee4896c5369ba47e1,8f6935a3d88f9d15bfd98fb12e6cd5c585b73b03280d933ba366e030245a72e4,legacy_ufc_prediction,0.1,0.3601627027937903,0.5454545454545454,0.3777850850218502,0.05,170,-205,0.37037037037037035,0.6721311475409836,0.007414714651479859,-0.04991623256283384,0.02001972955899567,-0.07426561430080159,pass,,,0.0
1,c990491824e6d71ff57f7818138ad4812084f77834d1bb500c935df47e51526c,disabled_paper_only_no_execution,True,capture_bda0c3cd30e2647035bc20d37b6dbeecb493207f294bf7f9fc7bac4977aae6df,matchup_cebabcff5decc9b4ecfe63fef24084e2b95906de410523b32eee38370f1f8b75,b2218930b982d9b6,92c96df8bdab5fea,442c9011034ae1fd,b1b0729d27936f2f,2025-11-22,date,,2025-11-19T02:53:23.000000Z,818627fa034615c9e4988d68a9651f8bdf2bddce61e11c8f31d3f2b3420cd291,703ea08d908a26d98ff7896c0bf0c055dcd6b6b349cc1ad4434ab689e86a68c3,9fb7992c4a8601e92a492ea9883fde6c0cd7397358610e9868a94a376457ca8c,legacy_ufc_prediction,0.1,0.6877940978462316,0.5901639344262295,0.6785918987078869,0.05,-270,220,0.7297297297297297,0.3125,-0.05113783102184277,0.008908101292113058,-0.07007776843734026,0.02850592413476183,pass,,,0.0
1,ff8c50baf8b5b7dd269c9ba4624d5ae9e81687634536ea5d381bb572701111c9,disabled_paper_only_no_execution,True,capture_bda0c3cd30e2647035bc20d37b6dbeecb493207f294bf7f9fc7bac4977aae6df,matchup_4e75fab35028cdd8079eb7b05f5ca0ae4758a1e13599e7486083d02c77a17b1b,8ed609d80e135d94,92c96df8bdab5fea,0a1942069c9ad6b6,bf2c8e01b07d3eb1,2025-11-22,date,,2025-11-19T02:53:23.000000Z,0a53ac23973624bbd1f54389750eaf94ee233a9636e2473b9e43f8276e578fcc,168751becac3a5fcdb18128c6252325739f50fde31ff5c2b12893eddede35619,1a5d516c5e05273afe5ba5ea55ae3481cad4c7e92a8d2b19a06b01c7ff940851,legacy_ufc_prediction,0.1,0.31730859544691387,0.1721170395869191,0.300142151479573,0.05,186,-245,0.34965034965034963,0.7101449275362319,-0.04950819817077662,-0.010287079015804945,-0.14159344676842112,-0.01448588677735796,pass,,,0.0
1,07ab11686dadb5ed3408fec40bb0cd5d23d3bc586a5e499c067b4721ba00fb36,disabled_paper_only_no_execution,True,capture_4959f3bd5995cbac3491a376c8e0f308456f89e13082ccf4e7c2f535b506a222,matchup_76de007f2474b457eed62f6c897bbd4332bcf1b9006f50c7d6a727e37df0b70b,40fa4f8b4b93884e,bd92cf5da5413d2a,480779d7f9a424d3,8d11d9c13e2ccdf7,2025-12-06,date,,2025-12-01T02:59:20.000000Z,ffab14ff6ca6256cc76217cc48c4a37436aa1cefe58acc9e3f1a16a2c4cc4a6f,128b9ab3e2b2596785ae41e5427b90f180bf7303c49e9c10cc5839a432cc0313,ef1bc3290394ce873df694502a9ba2ce0ba105995e91e905584bc2f7104035ae,legacy_ufc_prediction,0.15,0.6929497077279573,0.6575342465753424,0.6877675057996666,0.05,-278,225,0.7354497354497355,0.3076923076923077,-0.04768222965006885,0.004540186508025679,-0.06483411081915835,0.014755606151083622,pass,,,0.0
1,212ea8b399453eed87565a306ffcac0caefe9486acb0e9605a0908d414eb63cf,disabled_paper_only_no_execution,True,capture_4959f3bd5995cbac3491a376c8e0f308456f89e13082ccf4e7c2f535b506a222,matchup_7f1dbd20047f716e34c59cecd8a8a87ebab725254e289b3d5fb2cbb8ca3330cc,7af407397532f7cf,bd92cf5da5413d2a,4d8fa64202cee4c1,64a50dad704d1d49,2025-12-06,date,,2025-12-01T02:59:20.000000Z,4b0ed82fcf3f71016a8639da449b4ecfa6c6aaf1def8bfdd7d241c754a622619,b170815da1ad6a1b17d64ae2a8214e25c9e68ad364329f99f51cbf7df6c451e4,d734c25c264c4139a5d895dde93c9e52ee08b6ffdbfc6c4aea024ca681b02127,legacy_ufc_prediction,0.15,0.703924594828359,0.4878048780487805,0.6745484686439673,0.05,-300,240,0.75,0.29411764705882354,-0.07545153135603266,0.031333884297209125,-0.10060204180804355,0.10653520661051097,opponent,0.32545153135603266,240,1.0
1,54d2dba27ffdca7caa22196434ec041034c3da00fab00a8089323bdf9a0949f3,disabled_paper_only_no_execution,True,capture_4959f3bd5995cbac3491a376c8e0f308456f89e13082ccf4e7c2f535b506a222,matchup_2ea51314f0483013e22c46cdaf0786d9e08d14f76bd2c9f5a532ee8758f51f5f,10a57b983e59f727,bd92cf5da5413d2a,1e4f273069fb9e85,ff62013d2fce6d13,2025-12-06,date,,2025-12-01T02:59:20.000000Z,645f1259cd6128b6bb7710e9099ade00578273397226bc5c7c15e9a78697d69e,0c27ea98457b5b9f28512ac9584f20faa1898c0ce5e0f6d98a95d23d73fedfa7,36956b4a5254ddd1679e63fa5356aaf82a349028c78e628b01038e61501f83ac,legacy_ufc_prediction,0.15,0.5543730889385492,0.7967479674796748,0.5964069578342366,0.05,-132,107,0.5689655172413793,0.4830917874396135,0.027441440592857247,-0.07949874527385009,0.04823041073896128,-0.16456240271686962,pass,,,0.0
1,597c1638005c8adabbae21ee3ffc7deba535e52f50a7cf1511ba9ad1276dd35b,disabled_paper_only_no_execution,True,capture_4959f3bd5995cbac3491a376c8e0f308456f89e13082ccf4e7c2f535b506a222,matchup_ba601cd2c09c8cf1f64691640137a0e2f3e8abb65994c2c60ed89a8564e76f24,2417cc7bc1eea75b,bd92cf5da5413d2a,6a740daf1b279661,9d62c2d8ee151f08,2025-12-06,date,,2025-12-01T02:59:20.000000Z,188e29c4f114128c6137b4ce22e6ffcec3a9843a138e838095bed8184e6da950,57db5c7bade0620411c3a23790fd985a176411ad7c25f88c1744194cc4dafb10,b4c175ecf1457c7bafca83ddd1a06fc19336ac7e636023debb5fea73e5f9ded3,legacy_ufc_prediction,0.15,0.603926711891792,0.5283018867924528,0.5928053692954416,0.05,-192,160,0.6575342465753424,0.38461538461538464,-0.06472887727990084,0.022579246089173777,-0.09844183419651586,0.058706039831851964,opponent,0.4071946307045584,160,1.0
1,8f60bc5c2a6181fd9d169c5d57b03b1ce65b295a264e224f4f8fc3431362ed8c,disabled_paper_only_no_execution,True,capture_4959f3bd5995cbac3491a376c8e0f308456f89e13082ccf4e7c2f535b506a222,matchup_4b5cc4aa79d2fae8adaa3231632c21906a5a445d24a879338d899d2758022666,1dc29f4c6fcdd356,bd92cf5da5413d2a,056c493bbd76a918,6e743a33d56bdaa4,2025-12-06,date,,2025-12-01T02:59:20.000000Z,560cffd1ed035083cc125b34f8f079efe788118ff4dc84ae05fb98b6a0eaa525,50770599fee784776e36e70533fdcee0dbdb9d714ba6bd0b7cf042f51228e83c,6af5921a5b8457db74717adc8a134d9a6a98607c6a6b5e02d8e35b76cf2ec6e3,legacy_ufc_prediction,0.15,0.2957742435374551,0.18450184501845018,0.27681851685407843,0.05,200,-265,0.3333333333333333,0.726027397260274,-0.05651481647925488,-0.0028459141143524214,-0.1695444494377647,-0.003919843968825054,pass,,,0.0
1,9f3f96064c5455ef91303ace88184d303626eb81fdd431119304ee152220052d,disabled_paper_only_no_execution,True,capture_4959f3bd5995cbac3491a376c8e0f308456f89e13082ccf4e7c2f535b506a222,matchup_bf0551008905cb808c3a90c6a4c0c0e86db995a786e410a001c6310e304f2d62,fbbb9e72900b71f5,bd92cf5da5413d2a,4461d7e47375a895,792be9a24df82ed6,2025-12-06,date,,2025-12-01T02:59:20.000000Z,4c00b8725090c2c34a874daf31c3e3393369c2d73e4c1c3511e1e9eb421734ec,49b3939f7e74ad088845369b92172ec8438f961e74702592f63c67e8d7dcc096,b5b611b88933407b6369e0e4a2c3a975cc7523a9759673771043ac572152fb86,legacy_ufc_prediction,0.15,0.553354347895945,0.7126436781609196,0.5789188754611136,0.05,-127,102,0.5594713656387665,0.49504950495049505,0.01944750982234711,-0.07396838041160869,0.034760509682463026,-0.14941612843144958,pass,,,0.0
1,a765d34f1de00490bb3bf2626dbbee9b584fb90e778c61c1d667abf61d889099,disabled_paper_only_no_execution,True,capture_4959f3bd5995cbac3491a376c8e0f308456f89e13082ccf4e7c2f535b506a222,matchup_a1001e7bbcf3823e74b3f5c7f3ddbe7a3294899ba8ecc5d49ed04c05ff5f0988,dfa692db6d39330c,bd92cf5da5413d2a,17e97649403ba428,a0f0004aadf10b71,2025-12-06,date,,2025-12-01T02:59:20.000000Z,12e7e4d20c384086f7fd0f6f0f1c2c1e98fb1c87484933911aeaa7bb588818bd,e171408ecf0620d4a9a44f3558b5bd9afcd4ae3a6b425c969b2f0bdfea2b59d2,e0146bbcb4143a29b00013da9021e2389c43c9f465101dfc49e2bb6b1ede4786,legacy_ufc_prediction,0.15,0.32536111790089656,0.6031746031746031,0.3642305314642458,0.05,205,-263,0.32786885245901637,0.7245179063360881,0.03636167900522941,-0.08874843780033392,0.11090312096594945,-0.12249309095635452,fighter,0.3642305314642458,205,1.0
1,b65a49c6ec625c5f576d2f9e16d4d47d20d7ab5af1647325377932f17a4554c0,disabled_paper_only_no_execution,True,capture_4959f3bd5995cbac3491a376c8e0f308456f89e13082ccf4e7c2f535b506a222,matchup_8ca2927ff6ebc284dccda970fb1ccaeb75f11d50ce866b157573f13901bcd4ef,c797b58d85c840a4,bd92cf5da5413d2a,2e7878927067fdca,99bd51917728c25d,2025-12-06,date,,2025-12-01T02:59:20.000000Z,f23eaa55d13f46e827b5107dd9ea8afeccad9d861f65e936b884735ddd3fc323,4bcfd2222470235397d9bd60a173cb48853df1c82b43a529be7b46ce66c54e68,2cb3c0861ec9dd5b1dc9eabc496038e88201f2a66ff4eeeb667bef44a3d9ecbc,legacy_ufc_prediction,0.15,0.35174479444687823,0.5,0.37292898709955635,0.05,180,-235,0.35714285714285715,0.7014925373134329,0.015786129956699202,-0.07442152441298922,0.04420116387875783,-0.10609025820575058,pass,,,0.0
1,c089f2ed8f2d71c645773d1f643aa1868bcf613fcd14919313f852804ab61220,disabled_paper_only_no_execution,True,capture_4959f3bd5995cbac3491a376c8e0f308456f89e13082ccf4e7c2f535b506a222,matchup_f283abb35e83260922a3417f6e8db468ae7e7c2a31f50866afa2246581159704,4a0db214d9721d6e,bd92cf5da5413d2a,c03520b5c88ed6b4,d661ce4da776fc20,2025-12-06,date,,2025-12-01T02:59:20.000000Z,576c3e8061af69bb6caf5ed92981375ded3583da7865ffe369cd1ff26712327a,b9d745581a91923799ed59a6af3238e511322b58fce2627680025297a0058cad,b95ef7da2320eb856f3bd07a9308792b8d573a7bbf9b80ef807c44a751fc5ed6,legacy_ufc_prediction,0.15,0.7800561433819914,0.647887323943662,0.7627035785499879,0.05,-480,360,0.8275862068965517,0.21739130434782608,-0.06488262834656378,0.019905117102185982,-0.07839984258543131,0.09156353867005551,opponent,0.23729642145001206,360,1.0
1,cdc04e5c5879216f694de0ce73f74eec8116a281a086dbd43c9bbebfa4f9f734,disabled_paper_only_no_execution,True,capture_4959f3bd5995cbac3491a376c8e0f308456f89e13082ccf4e7c2f535b506a222,matchup_1d70d22fddfd8f8bd668cb973a0cd8603c3b6b9feaf19d8dfd0179e0c25c3fd8,964ea1777695851b,bd92cf5da5413d2a,6d48a2df51749d91,841695e02c99a521,2025-12-06,date,,2025-12-01T02:59:20.000000Z,52b3617936b4e281f6412d72b8be545365c03c92a3f1f4b0a0338049ccedded4,3cdb067aaf063aad240c9fe6c823604d8a7fe62eb8e3b015c7efe420f2a0e214,7ef5f6df684bf5a396bfc31317b6314e43ae4eae0ea9c1038e80bf29effb5d55,legacy_ufc_prediction,0.15,0.12717636909600677,0.2403846153846154,0.140659802102825,0.05,800,-1250,0.1111111111111111,0.9259259259259259,0.029548690991713894,-0.06658572802875096,0.2659382189254249,-0.07191258627105102,fighter,0.140659802102825,800,1.0
1,eb39f18d601125e6f44ca31abd744d681337e315bbb1e1fb8e200b01ab3852d9,disabled_paper_only_no_execution,True,capture_4959f3bd5995cbac3491a376c8e0f308456f89e13082ccf4e7c2f535b506a222,matchup_fc3a4944087f3be7151c987040f07b9d59e6db84735f2fbfd3964ff21e661ff6,3c683da1924b6c44,bd92cf5da5413d2a,1e719d4b676dc19a,7acbb0972e75281a,2025-12-06,date,,2025-12-01T02:59:20.000000Z,fd4389f23e4d88419132915f80b45ad41b32d17d23f70c79d5ad676495ea658f,6c13a66804228dd4d27f4594dfee2346e1e8614bf1104644db85198c51644892,cc7040895c3a2c135564a24c08d735ae3291b0893bfe6c93cfc58a8f7800d364,legacy_ufc_prediction,0.15,0.4882396848136306,0.647887323943662,0.5128652567205565,0.05,-102,-118,0.504950495049505,0.5412844036697247,0.00791476167105154,-0.05414966039028124,0.015674331936788466,-0.10003920309390946,pass,,,0.0
1,ebca75b2f1d36f8aa6a254eccdae66431ecb4aecc28f5be5aff1c70f59c5dd8e,disabled_paper_only_no_execution,True,capture_4959f3bd5995cbac3491a376c8e0f308456f89e13082ccf4e7c2f535b506a222,matchup_2ca6c81bf62ebbd8d1773eab9c8d2e698d804d44ef559dad036b4422e8d48a72,b3d2ac2244e4f791,bd92cf5da5413d2a,809bd1a871491508,fd406a32a6fb3a29,2025-12-06,date,,2025-12-01T02:59:20.000000Z,3b9157a9232eb5a232b5333b2fae3503b0d932a47378f12176f8ee15a734f47e,6ea411b1fa43f7fa2fa97c587de7f0290b8c89c3a3e33b0887930e6b1e058c81,16c81202342f33c53fe10c63b1d9fb77e1c216938ad49ce1a4a6628b98023c51,legacy_ufc_prediction,0.15,0.39617546400244175,0.5283018867924528,0.4155148116768402,0.05,150,-194,0.4,0.6598639455782312,0.015514811676840157,-0.07537875725507137,0.03878702919210042,-0.1142337867679949,pass,,,0.0
1,1a0ffbed45492a0465258074eadbff97f503c3080bbd8c0925d4d72b5e07d000,disabled_paper_only_no_execution,True,capture_89bec47eab0330396cfa2ce1e0d2414414f8ae048d521b627fd57208ff38a661,matchup_9d9d0b4a592b2ef3e71aa455eb79ee4c33759a588a10857440f3d91bababd6cf,93ca562453f65b8d,bc0f994de0521926,20bccc9bb4ceb23e,5b03b61f9d90125e,2025-12-13,date,,2025-12-08T00:48:47.000000Z,6ba6bfdce0ef7751a2625c152459721f8fb72c8063eac294b879a6e9dbb5ffce,992e0919a5efbbbb09787434c7df90d393ef9bc45b4674f1927fd0831c7610e9,11f8a1a2a2faaf47bf0a15bc0db2f4631c88ade7115187f6450f97a77492f289,legacy_ufc_prediction,0.25,0.5021114923672945,0.411522633744856,0.4792409161548089,0.05,-125,-102,0.5555555555555556,0.504950495049505,-0.07631463940074668,0.01580858879568614,-0.13736635092134397,0.03130720526204511,pass,,,0.0
1,51b43e6fb3d974801eb8bd4c624ef4c48c3526014c23d2df362784c4e6bde6ad,disabled_paper_only_no_execution,True,capture_89bec47eab0330396cfa2ce1e0d2414414f8ae048d521b627fd57208ff38a661,matchup_a2ae5689a6c9515bb6480610672349259976e3cb21e927aeac96e45cf0604783,24bb03f0a3415fbe,bc0f994de0521926,239d8e5359022f3b,9560ff14eb3129f7,2025-12-13,date,,2025-12-08T00:48:47.000000Z,36c27c1afafc6425a70c1e77cb57247263638cd3aa5a1029acee4a88d8a13b1d,bdd8468c0b479b0bc28a48ff99619bfad8c0b6c7ff90a2bf7b9c3fac384ef5f5,e8f57a3b4f27881a97f4b6c535475b48028f7b11875820e28b9508850c89911f,legacy_ufc_prediction,0.25,0.6840413107098615,0.7863247863247863,0.7119827512510156,0.05,-245,186,0.7101449275362319,0.34965034965034963,0.0018378237147836929,-0.061633100901365256,0.002587955843266876,-0.17627066857790463,pass,,,0.0
1,7208a54569131d8f0a35572dfe666282b5dce7505d5301812f9afb329d330dc0,disabled_paper_only_no_execution,True,capture_89bec47eab0330396cfa2ce1e0d2414414f8ae048d521b627fd57208ff38a661,matchup_41cc17f1ebc3835c055106a71107b7719c9e00ee9da9f74e13de01c54c14330c,71170fb7ade3e1f4,bc0f994de0521926,59c438c81fbf3ece,5c637af9472ae7cc,2025-12-13,date,,2025-12-08T00:48:47.000000Z,612e58ed42805352b2749eb4f943f084a174332d12f1acf21f9e6ed4eeda5ae6,a8a35beb4999899f922f1d2f2773f2b2a7e44040562fbc14ab2b2de4987934ec,e6ec02feaf873cb1430416947df958eca63292d025ec800984943bb59b01606e,legacy_ufc_prediction,0.25,0.5791162831244264,0.7560975609756098,0.6276645226218689,0.05,-140,118,0.5833333333333334,0.45871559633027525,0.04433118928853552,-0.08638011895214415,0.07599632449463245,-0.1883086593156743,fighter,0.6276645226218689,-140,1.0
1,b1e8569d13e526b85d0a7af5590d74bcd8c8534610bcf7187678d7f791d20b9d,disabled_paper_only_no_execution,True,capture_89bec47eab0330396cfa2ce1e0d2414414f8ae048d521b627fd57208ff38a661,matchup_cee6c26875fef04fc70838b9e191c903ac807590244ea1f087b77951eb18585c,a5a81a39ccf9b680,bc0f994de0521926,5d1b7e3dd9e11074,6e15f63b6c2e2c15,2025-12-13,date,,2025-12-08T00:48:47.000000Z,107d892d5b4aacfe0024582554442ac89f8c3612131478683cb03ef6bb739c5f,a639dd6a585a81a573a79d42e1d87339bb8fd13821fd20e9af7206b8ecdf5b9b,0253aa1b901b1e9c6d5bdd8aabc03cb95515baa3b5675c5c43127feba2ec5a64,legacy_ufc_prediction,0.25,0.7015937412710315,0.5495495495495496,0.6661641536957039,0.05,-305,245,0.7530864197530864,0.2898550724637681,-0.08692226605738251,0.043980773840527954,-0.11542136968275385,0.1517336697498215,opponent,0.3338358463042961,245,1.0
1,365e1012d8d71682528aea4426137e914d55a7ad954e968575584835039befcf,disabled_paper_only_no_execution,True,capture_de51661119e0e2a4560c4b9a870e55d31f58eaac9b51954f4a8c34089d90f430,matchup_08a1619808820baffb33e984b39f18599b79ec747afe18175ad42fe6e84cd6df,33be2456161c14c3,00e11b5c8b7bfeeb,22e07d3da1aa3475,2f815ed5f8278ba6,2026-01-24,date,,2026-01-15T01:40:51.000000Z,cbf4e39e809b7ebc2d3443840826eb6ad3f00871f8747d0457305954358157cd,308135e08ee052a6323cbc72a14c3365c50a838b18b08377e4422002c0dd177f,d2d1e8a5231d764aba7eed33d6a3790c6f2fbb6ec03178e0fdc68e893b247f3f,legacy_ufc_prediction,0.15,0.13939623042558205,0.273224043715847,0.1552484792123024,0.05,600,-1200,0.14285714285714285,0.9230769230769231,0.012391336355159543,-0.07832540228922547,0.0867393544861168,-0.08485251914666092,fighter,0.1552484792123024,600,1.0
1,4ed9ab491882c30dc8cd6d686a0c9bf9c51d3a45281e97952599ad6b2bdae0cd,disabled_paper_only_no_execution,True,capture_de51661119e0e2a4560c4b9a870e55d31f58eaac9b51954f4a8c34089d90f430,matchup_0caca7666fa16c098af9a26300f2e0f544fe2495971df34bd428823bb6d3972e,836a188a90e479a5,00e11b5c8b7bfeeb,040a74bb0a465c54,52ef95b5860fb28c,2026-01-24,date,,2026-01-15T01:40:51.000000Z,8af48dada7f53b8bd2c359cc4a95be84224aacfc258b61eee89eb999c100a15f,2bae6e46e1d9db0d0eb5a1e0acf9953d9aaa82b6e8363904b21330abfd125c7b,5b2201f8b1aa7b1696510fa1b55f1e7b326d1866405fcc4365ee7d39189d8c36,legacy_ufc_prediction,0.15,0.2900982921449946,0.4878048780487805,0.3169142357683194,0.05,245,-305,0.2898550724637681,0.7530864197530864,0.02705916330455127,-0.07000065552140589,0.09335411340070188,-0.09295169011858817,fighter,0.3169142357683194,245,1.0
1,51412f9383dd61f51dfa700a5650ed9603da593320904848aebbbe9a234f0275,disabled_paper_only_no_execution,True,capture_de51661119e0e2a4560c4b9a870e55d31f58eaac9b51954f4a8c34089d90f430,matchup_69fe0b9823107a77d60f2348982e060fae920548a788347155efa9adfa881384,6c9f4799990c3c33,00e11b5c8b7bfeeb,2b6fc1c02736833d,aa72b0f831d0bfe5,2026-01-24,date,,2026-01-15T01:40:51.000000Z,f3a6eecea1c26b64a659a10d1dd53b6e1212cd849096172c1d61f120a09e6676,176b5f99adfb3c92e9ce9dc60bf31c9043c99290cf9fe6277e1469b2b41cdf4d,b2d93a0c2c969e1aecaa0ecb49a1ab98f719a30ffe452f505461d433ed49f13b,legacy_ufc_prediction,0.15,0.8949127494381337,0.8405103668261563,0.8879479398393471,0.05,-1667,950,0.9434069043576684,0.09523809523809523,-0.05545896451832133,0.01681396492255771,-0.05878583701492124,0.1765466316868558,opponent,0.11205206016065294,950,1.0
1,5e49201edf15ecfecfb5531b08e10278b3320b0ff4ebda6c3aa6ac7b57d06cc9,disabled_paper_only_no_execution,True,capture_de51661119e0e2a4560c4b9a870e55d31f58eaac9b51954f4a8c34089d90f430,matchup_94d286b571568953adec710a34e7b8965aff87981ac16ec252fc2378dfdca9c1,780cab0cd07589e4,00e11b5c8b7bfeeb,1091d4d957141094,476fe566d2df676e,2026-01-24,date,,2026-01-15T01:40:51.000000Z,3c5f32a27ae86fc0afc4a67e3e6196eef9e1db941765dd4f8669e16e98cd7f51,758f76d1a15617f83e56e337e60b7f46c56ec4bf0cb571fd9b927cf06c0a3946,488169a79922e80889bce50afeaecb6a78c3d9192919254d880af086b3722900,legacy_ufc_prediction,0.15,0.4077791319279761,0.3787878787878788,0.4033838601198269,0.05,125,-150,0.4444444444444444,0.6,-0.04106058432461751,-0.0033838601198269425,-0.0923863147303895,-0.0056397668663783485,pass,,,0.0
1,63cdbe9a83f298810a2e88b654f2794e3dcbec6991f2991f70763ee5b73803a8,disabled_paper_only_no_execution,True,capture_de51661119e0e2a4560c4b9a870e55d31f58eaac9b51954f4a8c34089d90f430,matchup_f0452354d4a3d5c13963de67b40f7fac0b34f706302b7d7b6dbbc4ae1062218f,abfb3ed6dcb0e1f0,00e11b5c8b7bfeeb,955da1675ad58a50,b5c19c34f12c917e,2026-01-24,date,,2026-01-15T01:40:51.000000Z,1c7234291c80e8194933a05a9233d30aa26493c2c4ad04eca2bcd4079f4b4527,d440d118277359d5b8479189381e6bf84de599b3ce8b86a96fe4dbfb491cf072,3d006f6583fc2dad6c36ff7753e42a15c1e36523fc92d715dc85d973f901a834,legacy_ufc_prediction,0.15,0.6686113238729835,0.5535714285714286,0.6522379655787047,0.05,-250,205,0.7142857142857143,0.32786885245901637,-0.062047748707009576,0.019893181962278905,-0.0868668481898135,0.060674204984950464,opponent,0.3477620344212953,205,1.0
1,7bc68d99c2ee074dc9e4d8ae1b382464fde652c65572a600603bef4652516a5d,disabled_paper_only_no_execution,True,capture_de51661119e0e2a4560c4b9a870e55d31f58eaac9b51954f4a8c34089d90f430,matchup_c5b5bcf22ae3dd399002b7890bd7f04ce04709e448be5415e4257134f76cef62,b5aafe149bec4306,00e11b5c8b7bfeeb,814e5233e2acf2ee,ab2b4ff41d6ebe0f,2026-01-24,date,,2026-01-15T01:40:51.000000Z,d699ff0de86e9ed85677b9ef9af98ae38a69be4e83163db93c40dd2019bba856,b2d7e5340c4a6166772c0c586ae3593c2748e184e50c0e375a09b985f4359a11,17e76fddc2193e303500d9ce638c3de0ab0db089b2a3c365c5dec404502e31c2,legacy_ufc_prediction,0.15,0.6399655431137632,0.6108949416342413,0.6356640338309568,0.05,-205,170,0.6721311475409836,0.37037037037037035,-0.036467113710026755,-0.00603440420132717,-0.05425594966613745,-0.01629289134358336,pass,,,0.0
1,824a0aab7354560368ac7865537e6b27892ab5d8e62554737197ffd8593ade59,disabled_paper_only_no_execution,True,capture_de51661119e0e2a4560c4b9a870e55d31f58eaac9b51954f4a8c34089d90f430,matchup_9055cef8a17242a6846d11182a9fa5dc512cbae6c4777f767fcfd63095c9c959,d63c9aa4f4873001,00e11b5c8b7bfeeb,262d32ebda89efc4,47b63240018d5d86,2026-01-24,date,,2026-01-15T01:40:51.000000Z,ebfd9431283c24a7826834c5da7f0f0ded1ba80c6ddb47c20d339d91436cb4c3,75a0911d4fdb38742d7399d722526dd00c7dcd07b80751e887956d145e83a265,9a54634f752084e0fb6ffb507246287739b654c9430e3f8a49b25649309aae6e,legacy_ufc_prediction,0.15,0.7753372690605287,0.6774193548387096,0.7620920918853596,0.05,-476,350,0.8263888888888888,0.2222222222222222,-0.0642967970035292,0.015685685892418144,-0.07780452746645561,0.07058558651588154,opponent,0.23790790811464035,350,1.0
1,8aeaad38cedbd89265b7e60e52c4edca817198a59d405835775e60a4b30dbd6a,disabled_paper_only_no_execution,True,capture_de51661119e0e2a4560c4b9a870e55d31f58eaac9b51954f4a8c34089d90f430,matchup_b1b38577ccbbbccd4cacdc86ff9e6c391509abae403a0ccbf349b0f66e344b1c,007e8e0d4a39d82c,00e11b5c8b7bfeeb,b50a426a33da0012,efb96bf3e9ada36f,2026-01-24,date,,2026-01-15T01:40:51.000000Z,6dfdb851d5156b4cc494e542140dbd06ceb6fdd9fcc7b867f27144752923b707,83a16ae58f5d4082f673d2e3446290202a3c7d4025bd25412f848e2770f23e09,053a76857a25bf639f31d5275ed044c3a5a5d76956aba8e780adcd8b2394b64a,legacy_ufc_prediction,0.15,0.6412113710944816,0.5238095238095238,0.6242972597369628,0.05,-210,175,0.6774193548387096,0.36363636363636365,-0.053122095101746813,0.012066376626673536,-0.07841833086448335,0.03318253572335217,pass,,,0.0
1,8aeff0b21fa30d09fc4bb7b20f3211b18890cdc18ad02f5da9d2ab297514a904,disabled_paper_only_no_execution,True,capture_de51661119e0e2a4560c4b9a870e55d31f58eaac9b51954f4a8c34089d90f430,matchup_0dc3b8497cf0bd3ecf1e0f76ce063c929058701b042f8960239f4cdfe0f8455a,d93ee3860196c4ae,00e11b5c8b7bfeeb,d3df1add9d9a7efb,fc08099550072fe4,2026-01-24,date,,2026-01-15T01:40:51.000000Z,a684385e226d2bfc3d7379ee8e4bbea925bf4feba56c7252f6693b9fdece882c,f3677acc9fe9956e76464e6c8adce8db72500e39a37ad0919a6dd70d4ff4ab4f,8b903d2f32575db72e5f8d04eafdbe263e8c0cec3e2ab0552ca725bb606ee53a,legacy_ufc_prediction,0.15,0.27929814255081564,0.14492753623188406,0.2550235502872714,0.05,240,-300,0.29411764705882354,0.75,-0.03909409677155212,-0.005023550287271417,-0.1329199290232772,-0.006698067049695222,pass,,,0.0
1,d114ed5296995985c0fbc5e3e9d9d81b29f4ec7d3459ec285a061761fd02ac71,disabled_paper_only_no_execution,True,capture_de51661119e0e2a4560c4b9a870e55d31f58eaac9b51954f4a8c34089d90f430,matchup_a179a65d9d13e5308a54ebb64a4290a56ffe5a8ba2692049d9349a0e1645b17d,fa4b3f5ce8055921,00e11b5c8b7bfeeb,7826923b47f8d72a,9e8f6c728eb01124,2026-01-24,date,,2026-01-15T01:40:51.000000Z,172cd7f4116ec3b38b3fc3ca87feaeb5eb858cadf6c69206d621c1091b9c97da,4da96ec01c9e83dcdff7db677cbda4369cd099b2206b869ff05b5ab8d9660c6e,a73157b5525eb780903e0146e72e08210d0d129bd785daf023ab958045dc1914,legacy_ufc_prediction,0.15,0.6726822625480892,0.8091603053435115,0.6961381459726703,0.05,-230,176,0.696969696969697,0.36231884057971014,-0.0008315509970266977,-0.05845698655238046,-0.0011930949087773923,-0.16134128288457017,pass,,,0.0
1,0a218f9c59c79234807ad86cd01570a72d1bba6a7334f5e15ad0612c163e848e,disabled_paper_only_no_execution,True,capture_bfc0c20a86d58460129598039e0284e7354ed33deb9bdd086382fb4dc9e5e76f,matchup_f559aa4de5a6ee173e66b13383b588f184ac688a1f2a7f2536496f1b6eee711f,25ab195cefbce1d0,0cfbbfa0ba6d9855,7debc13b36343605,9c27f3217891f3f0,2026-02-28,date,,2026-02-25T01:03:56.000000Z,daa56404bb9341085866dd26245416b4391d83f4cffe514627056c5d10018a7f,37cc12d5bb20556ec9c1f2f50f70267ef5604ca8462debe53af9251abf6916cb,09d239d8d7d20f214ccba55c8e37c1391de5b92019c1023d8ab45bf7647ab584,legacy_ufc_prediction,0.1,0.832210910197523,0.6996996996996997,0.8213949554445309,0.05,-700,500,0.875,0.16666666666666666,-0.053605044555469106,0.011938377888802448,-0.061262908063393295,0.07163026733281463,opponent,0.1786050445554691,500,1.0
1,32ce1582c3f3231caa5f5e13eeeaf247baefd3a80b97a32df97f6d7a8d269431,disabled_paper_only_no_execution,True,capture_bfc0c20a86d58460129598039e0284e7354ed33deb9bdd086382fb4dc9e5e76f,matchup_7dcec4eec6805d7bb2ae18054f84d658576e8595a601f90b2991fbbbf5c29d30,3b76a00f5d0400eb,0cfbbfa0ba6d9855,07797f10b9569cfc,faf317c665546a36,2026-02-28,date,,2026-02-25T01:03:56.000000Z,4e8b7fe8105df3bcf13249f3f9dbd33685e65f10fb889ae4fffbc01e9076a55e,9b42d9af319e50c323f32c47fc310a621ea74f227492e2f3a3d6b2c337c3883b,f8dc3a2904a9078952cfb7982d80fe51d6b0e691fd364abfb25b449a3e8f3ab5,legacy_ufc_prediction,0.1,0.18616272959032837,0.2028397565922921,0.18778166338719587,0.05,430,-600,0.18867924528301888,0.8571428571428571,-0.0008975818958230075,-0.044924520530052914,-0.004757184047861851,-0.05241194061839505,pass,,,0.0
1,412b8af7340d3582b2aff75b1d8096b655892efdf9387f2eebddf7b9d21bdace,disabled_paper_only_no_execution,True,capture_bfc0c20a86d58460129598039e0284e7354ed33deb9bdd086382fb4dc9e5e76f,matchup_dd6aa4a4d699600727d1deb47d60cbf77a9fb4374c85fb76135e64fb02cea7ec,1330b5c21269fe92,0cfbbfa0ba6d9855,792be9a24df82ed6,bb2c3c3a466224af,2026-02-28,date,,2026-02-25T01:03:56.000000Z,454d5806c6d997f6e1c7e982296073962b584811f2d9556dbcc899bc6f91e231,7f73d37fd7e55cb9bab24483d1cd4c54c4efcae5e0f25a6e0a2ebce637717007,678e315c2ccfb1240ec84969b7ee22ccee83fb8a82224b8c89dd4acac7ea3a52,legacy_ufc_prediction,0.1,0.6530574685320565,0.2557544757033248,0.6135928699346913,0.05,-238,188,0.7041420118343196,0.3472222222222222,-0.09054914189962826,0.03918490784308648,-0.12859499984064848,0.11285253458808908,opponent,0.3864071300653087,188,1.0
1,76b6641167c421fb591066725433a9e0e2a56c89bad6c02b7b80db0c6225ec80,disabled_paper_only_no_execution,True,capture_bfc0c20a86d58460129598039e0284e7354ed33deb9bdd086382fb4dc9e5e76f,matchup_2a5ed0a4da75de3f041f3f22bd9c38f3fc783429d75e39964941aebd4c6b2bd3,36d12b31957e94db,0cfbbfa0ba6d9855,7c7332319c14094c,9a97acbfd5a08bfa,2026-02-28,date,,2026-02-25T01:03:56.000000Z,f990ab03f84b7bd44a1b7903b2f02a043dde17a31685a12332b63351f17dac71,e7a5077c4d028a74910acd2fd22437a74c53e56757ecff179afe740c57eb4ccd,68cc34ebbec58114289588ca260163fe8354ae05c74b07a0ecd27c9b47accd26,legacy_ufc_prediction,0.1,0.29543933854356164,0.21739130434782608,0.286939844015676,0.05,220,-270,0.3125,0.7297297297297297,-0.025560155984323985,-0.016669573745405786,-0.08179249914983666,-0.022843489947408036,pass,,,0.0
1,96a922e050f11f767059d247b03689894ea505f96b2235b161f60a6bde3b3330,disabled_paper_only_no_execution,True,capture_bfc0c20a86d58460129598039e0284e7354ed33deb9bdd086382fb4dc9e5e76f,matchup_60acb73033177f536d27557a9105bbc22b65736fcc564dd126f3ddf76ab90f2f,81f3d28d30d17378,0cfbbfa0ba6d9855,4148802ae4a50768,887961364be5ceb3,2026-02-28,date,,2026-02-25T01:03:56.000000Z,5342d331f655d701d2e9ac638acaef8977f01884d8f7d11856de48c8522b2962,ab16d99697d5a11e1f4597a435d92f71e43c94880e31ab771abc543e2e63cb27,373e63a6e9906c46eca35a1a94d87b99928ce2e60052a7ae4d85509c3ad8eec0,legacy_ufc_prediction,0.1,0.7972149670679083,0.8644986449864499,0.804930010578099,0.05,-556,410,0.8475609756097561,0.19607843137254902,-0.042630965031657087,-0.0010084419506480036,-0.05029840478555225,-0.005143053948304943,pass,,,0.0
1,ca9e990ab447fbde5f15e9993f670ed18693d45bb65103ba63b3fb896ac9c42b,disabled_paper_only_no_execution,True,capture_bfc0c20a86d58460129598039e0284e7354ed33deb9bdd086382fb4dc9e5e76f,matchup_472383687a177c2d129abf783894c6bb0ec3f7e0d30a809ee7897382bdbc5156,7df505d8260ba680,0cfbbfa0ba6d9855,53c10176e3bc7416,5ef94841c4bc3f86,2026-02-28,date,,2026-02-25T01:03:56.000000Z,e843d2d5d534bade5761ff217bcd9511c823bae7c0500d5dfc8827cce536cda8,220a4a4bf4d01646e4ba924640dbda2b9621906f02bb536aedc4b98afd57c0d3,0f4bc98d50ffa0037da0c882ae7614d615e67c0018fe15533e6201c76fb868bb,legacy_ufc_prediction,0.1,0.27132391249971066,0.4166666666666667,0.2843935023019822,0.05,270,-350,0.2702702702702703,0.7777777777777778,0.014123232031711896,-0.062171280079759916,0.05225595851733411,-0.0799345029596914,fighter,0.2843935023019822,270,1.0
1,d8d5d7642ffc6733cda2d2377a4b5bcc003a5d9e0c34f5fcb85bc1ff24b5bb05,disabled_paper_only_no_execution,True,capture_bfc0c20a86d58460129598039e0284e7354ed33deb9bdd086382fb4dc9e5e76f,matchup_d3eb46c07412c746ad1a9e07fc5f88eec6aea708a3990a025a9cd1a296280bc8,581292ffe5b09344,0cfbbfa0ba6d9855,21b813b919776d90,5d495dec23d7c68e,2026-02-28,date,,2026-02-25T01:03:56.000000Z,622ae6ebc5e9b3a9dfd12f96945fde499f798a97517a6860c7d39a1d3bfed86f,5149421afc21cb9abcd1b3fa8d38b6922cee94044bb3d8b2dc10ff28b816d1f5,4f07f545c12362c7995dcf188774eee95584dd8f39020bcc362b63e9cb6098ec,legacy_ufc_prediction,0.1,0.1639713115963698,0.28735632183908044,0.17409190439184333,0.05,525,-750,0.16,0.8823529411764706,0.014091904391843324,-0.05644484556831386,0.08807440244902076,-0.06397082497742246,fighter,0.17409190439184333,525,1.0
1,def5257f562921b817f8a0521f93be4d342b42697d4f22300d092dda823494b9,disabled_paper_only_no_execution,True,capture_bfc0c20a86d58460129598039e0284e7354ed33deb9bdd086382fb4dc9e5e76f,matchup_11015d78207ac55e5ade77eb96f1a90653c58d11664c424ff959730c31a09ec4,c40b934d2666e351,0cfbbfa0ba6d9855,06e4245d16fc5315,9cdd2da1a9104a0b,2026-02-28,date,,2026-02-25T01:03:56.000000Z,e353652d279861292733655d2f57edf6147e03ae2f6f59aefb15331c7eda0dff,811fdae9578edecb20be0aa6e5f3d5b0ccd99067821d87ee749c800fa532a3e2,e82ab56e19df6423ad0d540bfb48ba5c51ca9e459dd44389826374559364ad43,legacy_ufc_prediction,0.1,0.6173021838657009,0.7987927565392354,0.6383427194965108,0.05,-180,150,0.6428571428571429,0.4,-0.004514423360632125,-0.0383427194965108,-0.0070224363387609845,-0.09585679874127695,pass,,,0.0
1,1ab88f721d0ea5fa8ec16a190359a18bd56a3890fb70888110834c454f70bd56,disabled_paper_only_no_execution,True,capture_554c9c3ce26e67ce524faa69dae40d4dcc3b14318fa0b321ee829dd11e8717af,matchup_312dd0e94ba01c633ff493f0b2dc7dc9f51be5889bade921a24fb2928f866069,ecd16d14a138d7fb,15ec018d144710db,86bace9e4ad85542,d8c7c61b176e3994,2026-03-07,date,,2026-03-03T03:37:05.000000Z,d5032516cba20a50d1eecfccfdec8eeb8341d18ac9ef0e1e0b396b79b6b8cefa,a982c6fd9395a538d07d4ac03659ce5b9f1830e2ad89409274573981ebddb32a,67ebf9e3cf309cc8f6cb7283caebf0b7e1964ba5e4e7151b92f75346b355a827,legacy_ufc_prediction,0.15,0.5748123781319401,0.8091603053435115,0.6160866329887228,0.05,-148,116,0.5967741935483871,0.46296296296296297,0.01931243944033567,-0.07904959595168576,0.03236138500813013,-0.17074712725564123,pass,,,0.0
1,1b7023c7fb814d2b424dd2c7c32a58c62c8449722d8d215f6312ab8c0ddabab3,disabled_paper_only_no_execution,True,capture_554c9c3ce26e67ce524faa69dae40d4dcc3b14318fa0b321ee829dd11e8717af,matchup_c0782745fa7bd1cac79b98f93fd85ff4a8775e0d121a98971840ccce1a025d93,6a4738656c493ee9,15ec018d144710db,1e719d4b676dc19a,d1c65d2cf2925ddd,2026-03-07,date,,2026-03-03T03:37:05.000000Z,16208528184e1c9b825e88f96f4f8e35f97b17925aaa52ba84af86e3413bf132,973dded503707a9e16072bcd49a8eb50f69967fcf50f99edc16b967130e28ee9,fb4edc72999542fb36e00b59a4a970baa2a68ca3f305eb873d341f1f359b8f01,legacy_ufc_prediction,0.15,0.3607806334115701,0.6376811594202898,0.4009798948589501,0.05,175,-210,0.36363636363636365,0.6774193548387096,0.037343531222586435,-0.07839924969765966,0.10269471086211279,-0.11573222574416431,fighter,0.4009798948589501,175,1.0
1,5984231a4258f9ca2bc5bbaeee3ce4322bb7932ab586a75160fb6a8f3e1e3b33,disabled_paper_only_no_execution,True,capture_554c9c3ce26e67ce524faa69dae40d4dcc3b14318fa0b321ee829dd11e8717af,matchup_bbc0ab38f3413cfd5c507bb05b1802338e7f6439f90e011366979c026cbaf99f,9c8d5dbd8905a715,15ec018d144710db,ad5cb64af10fc946,f14f644d41ade29f,2026-03-07,date,,2026-03-03T03:37:05.000000Z,2055b07c94c67db383a7d5fb86da50b00877933f34dba180bafa471adef0a556,ac64d12ac8252a02e70fbfcb25a660994b730c14b3a43cc5c8dd668b1765fed3,f3a98f1dd79f3e2e9f23c6be8ffbb9b044cf37307671421ca837ec7226c8b353,legacy_ufc_prediction,0.15,0.8196561908863953,0.9125874125874126,0.8373666295874976,0.05,-500,370,0.8333333333333334,0.2127659574468085,0.004033296254164265,-0.05013258703430615,0.004839955504997162,-0.23562315906123887,pass,,,0.0
1,64f324996db4f644a3207db49780df904d95223b4601e6906dbd82f843d757d3,disabled_paper_only_no_execution,True,capture_554c9c3ce26e67ce524faa69dae40d4dcc3b14318fa0b321ee829dd11e8717af,matchup_a1e8c49e47bbabbd369b139a2694f98e181bd5c9a6904430b919a365155b1aaf,f030febede41c661,15ec018d144710db,07225ba28ae309b6,150ff4cc642270b9,2026-03-07,date,,2026-03-03T03:37:05.000000Z,3ee2c5f34375e7c08dd0ae410fdeb26ab7a4aad189e6e68025c1a032594fc7cf,e317e56c57d5ded34a36dc69f8105f16f85320034422b46a038e40c1641a1c18,b41e99e46a0c1661d3a1cdcdf64996105388ccb7885de6174011e7d554bbe9cb,legacy_ufc_prediction,0.15,0.34467738435961487,0.36900369003690037,0.3482784760591817,0.05,185,-220,0.3508771929824561,0.6875,-0.0025987169232744023,-0.03577847605918172,-0.0074063432313320465,-0.052041419722446136,pass,,,0.0
1,abc4c7d6828474a049d99804374f3f5da62348b837d3beeca9b220bc0f546c04,disabled_paper_only_no_execution,True,capture_554c9c3ce26e67ce524faa69dae40d4dcc3b14318fa0b321ee829dd11e8717af,matchup_ff86fda3f569511fb2878b60e6abdc6642ca0cb0f3c409df7ae8e306a9c86469,f02c0adc4ae629c6,15ec018d144710db,511e82663651438d,519e4fe37ce9ff75,2026-03-07,date,,2026-03-03T03:37:05.000000Z,793a89bf481812e63eaea72a7692bf622f683ac74d7d47cb010e40faf0bb32c4,a88c9707bd83670f490c4bbf4ac9309e789307a45dcedec6dfdeb29d1b35621c,ed57c62a7711f14532cf6baf0894ae402ffb24ce0d5666524312b5d695c24f53,legacy_ufc_prediction,0.15,0.5303341149601762,0.6309963099630996,0.5458054125202403,0.05,-110,-110,0.5238095238095238,0.5238095238095238,0.02199588871071645,-0.06961493632976412,0.04199215117500432,-0.13290124208409504,pass,,,0.0
1,c56e7bc83e23e66a77f9d9a7d52149a6b20e23893c42bf1d6d98243c8c221692,disabled_paper_only_no_execution,True,capture_554c9c3ce26e67ce524faa69dae40d4dcc3b14318fa0b321ee829dd11e8717af,matchup_9a85a3be715267ebc2aee0947572d3fbcbb0137b25fef24730cceaf11673aa2f,f661ef429055f8c1,15ec018d144710db,17cb6d8e8187f304,7f6ed67d3ed3c036,2026-03-07,date,,2026-03-03T03:37:05.000000Z,e3e430bb9f769292479f5628ba3d0945a45375fd888b7f99bb011503d85c5d4d,8656a3e70369288fe99b248770817d976d75268f58bc8a46e65c86f7fb83fba4,0e0032303e004cb9c7c1db3163370ba20a59b76ae75b464aa02cac7b0cd45dab,legacy_ufc_prediction,0.15,0.5739931405786508,0.8158379373848987,0.6169677669387683,0.05,-143,116,0.588477366255144,0.46296296296296297,0.028490400683624295,-0.07993072990173128,0.04841375780503987,-0.17265037658773952,pass,,,0.0
1,e1fb44cf7778f13d8049adb3591c0f8d63cbdb76828e9e8448350f0f417972cf,disabled_paper_only_no_execution,True,capture_554c9c3ce26e67ce524faa69dae40d4dcc3b14318fa0b321ee829dd11e8717af,matchup_90edf493592563897d4eb835d029ca2431b77a95f42e5902b95d21b7889ff290,bed89a91da9d04c1,15ec018d144710db,05339613bf8e9808,fe2babf95de24fb1,2026-03-07,date,,2026-03-03T03:37:05.000000Z,aa73b38d5e8e7bcc1bb7166788b8f71fb0f04ace03fd89389fbc3a52e7a36ca7,675a26e7728743673b02c18ef9f441b3175ed214d3715804243489166accd144,f19160cb9c38a816cdab13d32e8c090aee8c68e913419a36fc973b049e400b45,legacy_ufc_prediction,0.15,0.3484357430507572,0.08928571428571429,0.2930965495481168,0.05,175,-210,0.36363636363636365,0.6774193548387096,-0.07053981408824683,0.029484095613173555,-0.1939844887426787,0.04352414114325609,pass,,,0.0
1,ee98a1cfa98f1285be5c7632f8c7f7950e8decc8dc8687407f29cdc67116fb91,disabled_paper_only_no_execution,True,capture_554c9c3ce26e67ce524faa69dae40d4dcc3b14318fa0b321ee829dd11e8717af,matchup_a57444332d277cf01275940e00f9827d475d9235f9b560cdeb52a4fffebe32b9,a22fd3735819d858,15ec018d144710db,3cf18e01cb6cbde3,c051c2e12d692b8a,2026-03-07,date,,2026-03-03T03:37:05.000000Z,963c05a378928115e9b561f48ef52046ad9ff38caac67fda021c9792efc594b1,716fdf587a959186a3d97f265a8543ae4184d0f0cf7e0ed96718391ccbd0f41d,7bc2201d0e2ecc2c4d8fca7b6c36bffeb4959e011c34b4eec3f56948aea0bb85,legacy_ufc_prediction,0.15,0.6798301745657179,0.24213075060532688,0.6151204783591271,0.05,-265,215,0.726027397260274,0.31746031746031744,-0.1109069189011469,0.06741920418055547,-0.1527585864110137,0.21237049316874956,opponent,0.3848795216408729,215,1.0
1,f61cf4f9a61465d526363e546ec2ca687d8e6b7b25df3e4bfba873f61ba164ba,disabled_paper_only_no_execution,True,capture_554c9c3ce26e67ce524faa69dae40d4dcc3b14318fa0b321ee829dd11e8717af,matchup_f933acea6bb56cdd39a411ff2e53c53c32e976f6caf7c2e5ff3ace9bede10ef3,d564db29997e1371,15ec018d144710db,4126a78111c0855a,d549cefc7c54ab78,2026-03-07,date,,2026-03-03T03:37:05.000000Z,e8b5ab40da29b257e3badbee4c9ef50943b76e0bd621d70bc22d0922481d6134,41646e4e6e30ad0135c198817f51289e248f13af474e8d6aaf3654460fef6c18,413b29fc064761a8c3259ab75daa87b1360e553bb0d59e4731377a148d7efb50,legacy_ufc_prediction,0.15,0.6976537369737731,0.6453900709219859,0.6900927507151897,0.05,-298,240,0.7487437185929648,0.29411764705882354,-0.05865096787777513,0.015789602225986743,-0.07833250072266607,0.053684647568355004,opponent,0.3099072492848103,240,1.0
1,00e1401baa4f948773f18a72a95ac7f7ec0d0550e6251c298090961143e829f0,disabled_paper_only_no_execution,True,capture_94030170b8fba1a43173ddf3745678b9992ffc0a1ab480fbbebe4f52e6f1f21f,matchup_1a6d209128619ada83c301d847817ea8b3490c5dfd1972e558b0d1d80af16f03,bfd17ed83ec5b598,69108cb8b32efe04,cdb7b38b1b357f26,d0fd0d9ee560dae7,2026-03-21,date,,2026-03-19T04:18:21.000000Z,fe7136d7757a73f3e9a314c3cda8f3af688de93ebed258def24cb8bd32d27f6f,a49d33b522e4da5ba74a914a83a4edc5db97e97a4e75481f5f61a2b5a3141a09,27ccec0a50b2566f402a6611817d94ba86b19d34163104377389637aec8cce70,legacy_ufc_prediction,0.1,0.3023393402391433,0.4672897196261682,0.317417091800764,0.05,230,-310,0.30303030303030304,0.7560975609756098,0.014386788770460956,-0.0735146527763737,0.0474764029425212,-0.0972290568977846,pass,,,0.0
1,13979091add6a0e5751705eac20d5bad88a511596609bf932ecf199d23d4331a,disabled_paper_only_no_execution,True,capture_94030170b8fba1a43173ddf3745678b9992ffc0a1ab480fbbebe4f52e6f1f21f,matchup_8b0e0924dd9588f1fb6ba3c93d1189a8d1f036938497bd95750fa3f0a9e83f31,346e3897c2ead99a,69108cb8b32efe04,396fe87b84ac2e1c,76e2870ffafbe38f,2026-03-21,date,,2026-03-19T04:18:21.000000Z,fcda5dc100653fbb07fac19d41f3fca3231f34431fbb72f0ac32fa2d30e91a4c,3247d400ba8aefb00fd65287c540663eaf6b5747aad742aa7d2b53bfbd7f21fc,52f641937708023148d01e9197df31f3eb082e1ccaf899f4b65f0fa8c6641e8a,legacy_ufc_prediction,0.1,0.31606690929056486,0.5815899581589958,0.3403387115498109,0.05,215,-265,0.31746031746031744,0.726027397260274,0.022878394089493437,-0.06636610881008487,0.07206694138190417,-0.0914099234554,fighter,0.3403387115498109,215,1.0
1,206f3695b57252a0e74752daf5aae7270e8eb62d676226f33ed06784a2eb8bd7,disabled_paper_only_no_execution,True,capture_94030170b8fba1a43173ddf3745678b9992ffc0a1ab480fbbebe4f52e6f1f21f,matchup_00b2f9304fb0b74924444be7c8306779404cb3da757aaff67665c9bc4531c908,fa534aaa5b997a69,69108cb8b32efe04,01c9e4013afce141,b1de86d835638319,2026-03-21,date,,2026-03-19T04:18:21.000000Z,84e2c789f4c07ce34662af211f9b67052a11c18eefb946e3254e3c9947484c04,dc754489e6cd8973c428e6e2eba8e0aedb9f5eb04bc2d1d88ac9f16eb8beb3b6,de3718bb5a95f05c8ff4c40b129337bc7e2815d947808d9b39d9e461e3772eba,legacy_ufc_prediction,0.1,0.304874098001557,0.4219409282700422,0.31577524319986733,0.05,225,-275,0.3076923076923077,0.7333333333333333,0.008082935507559619,-0.049108576533200554,0.026269540399568747,-0.06696624072709167,pass,,,0.0
1,28c8f55db5af89db94f27a4947e0283262358f859f2fb234959e547dbacc1365,disabled_paper_only_no_execution,True,capture_94030170b8fba1a43173ddf3745678b9992ffc0a1ab480fbbebe4f52e6f1f21f,matchup_0b0e44291676ef348f67ad802daa128a8a4d39557b832b4e1a1653a7f2b8b558,5ee11b727e89e8ad,69108cb8b32efe04,8b6e5dc2ba1edbe7,a67d071163962af8,2026-03-21,date,,2026-03-19T04:18:21.000000Z,21d716de5d2457edd7a63673e12574fab60b9179cf69e8d9342406367d1441ae,9c47707d08e53232310f4cdf9b591a56655e295b7f98b81d0b9463e806b58649,3061cf1dd1e24c802fb7b370e3389d46d8cca61059bcd11adb12adc5cfe8b6d0,legacy_ufc_prediction,0.1,0.37783289047484864,0.7455470737913485,0.41547410357420894,0.05,160,-192,0.38461538461538464,0.6575342465753424,0.030858718958824305,-0.07300835014955132,0.08023266929294337,-0.1110335325191093,fighter,0.41547410357420894,160,1.0
1,4de21049bd9296fc329b61e54a5ca9510496ef5841874c0e772cecdd478fec76,disabled_paper_only_no_execution,True,capture_94030170b8fba1a43173ddf3745678b9992ffc0a1ab480fbbebe4f52e6f1f21f,matchup_9c99b3aed2e4dd076bc9864f0af016e4e40f8e58f21015e90453cd98b2997601,bbe0f3653de9f6a8,69108cb8b32efe04,52b6bf4528130e86,597499ac7a5aac62,2026-03-21,date,,2026-03-19T04:18:21.000000Z,78a551ea9a8ece2756aa8a48a2619f18e6bf619d3ef976092eb598f7c3c59511,ad43c5914481d6a9c898ce6fba17a4325ad4f39fd9fbe8ee5690a1783671fad1,d14fd679eb157f2f86badf9bc297e9f237b2d92a6a021d64a61d68540e6bc1e9,legacy_ufc_prediction,0.1,0.46572584731818295,0.45662100456621,0.46481423325022947,0.05,110,-135,0.47619047619047616,0.574468085106383,-0.011376242940246695,-0.039282318356612445,-0.02389011017451803,-0.06838033195410309,pass,,,0.0
1,5c3e5bebf1634a8b8cd07d2a9e9e75d729be117643db157ee1ce01dd2a3be8ad,disabled_paper_only_no_execution,True,capture_94030170b8fba1a43173ddf3745678b9992ffc0a1ab480fbbebe4f52e6f1f21f,matchup_a2dca0cc4e81a060a4bdd5dc1483718d20c076a08a34cb3ad861b2f36672d3f4,43e26b46cbb51985,69108cb8b32efe04,1c23ec2f1b71be40,be9bdec19b7e9ffe,2026-03-21,date,,2026-03-19T04:18:21.000000Z,1c335a0088aa0e7c580d381b4411f1323be9b3197d9d2bb189bc0e7bb4c11c97,193b81a324dc1386fd9b1557414ba42b52c8eb204b70413b4b12b5436e8ff408,4c4a1a2413b395a3cc27430519ad20032828de911a845db87a07a0eb7ab902d5,legacy_ufc_prediction,0.1,0.8229869848908444,0.7319034852546917,0.8150969716494436,0.05,-700,500,0.875,0.16666666666666666,-0.059903028350556387,0.01823636168388973,-0.06846060382920738,0.10941817010333832,opponent,0.1849030283505564,500,1.0
1,b139c24d97fdafefabd3f893a19de299fc97287301154bb410b13556c95a8322,disabled_paper_only_no_execution,True,capture_94030170b8fba1a43173ddf3745678b9992ffc0a1ab480fbbebe4f52e6f1f21f,matchup_3a009c9e7676020427f5542be2f8c67a653ee0a22670f3a89c8409306b7ed1a4,3ee578ddd071ad4c,69108cb8b32efe04,1d2d98ddd05b38fb,f6ad6a1e4d600e0d,2026-03-21,date,,2026-03-19T04:18:21.000000Z,c7f84029228b5bcfe2b87f44eef2ba88f2e89c2fb3e96bbe8f8109f1335624db,5875df6651b34bcf64b1b677752090e645271f9eb0c463f19d555a6ffc49d513,401d62acbc3343192a5bf6a712f489656a5c2090b696a8e5479397363ac0cb20,legacy_ufc_prediction,0.1,0.46894074033207067,0.45045045045045046,0.46708701867008356,0.05,100,-120,0.5,0.5454545454545454,-0.032912981329916435,-0.012541564124628923,-0.06582596265983287,-0.02299286756181973,pass,,,0.0
1,bd3ac5b7fc1e596c3f1278d6a3725a1b0a334f943d841a98543ba2202c505ec3,disabled_paper_only_no_execution,True,capture_94030170b8fba1a43173ddf3745678b9992ffc0a1ab480fbbebe4f52e6f1f21f,matchup_895ad472305fab5964377fba0e1d2be49e433819769e54932af64047bfe5fb0c,562d916f55918901,69108cb8b32efe04,327d5f279895110d,a93f94c923c3a9cb,2026-03-21,date,,2026-03-19T04:18:21.000000Z,e8eef38db635754ef8b29c5db9d6cb014a04717b8bc3ccd2859df60b97de1f60,999b5f862b65769d35f9b29bc4a208527f188123054c2a8dc175b256ee79b948,09c12afaa3d508716aa18e729d6b7777452c94833627fbfb36cd3e1a0ebfe3d9,legacy_ufc_prediction,0.1,0.2144867708353696,0.2544529262086514,0.21826932227000187,0.05,370,-500,0.2127659574468085,0.8333333333333334,0.005503364823193357,-0.05160265560333521,0.025865814669008724,-0.06192318672400221,pass,,,0.0
1,32a180bab8d57c2bcc50642d28242c667f8225bb3a93ee3ec6c867be473ff56a,disabled_paper_only_no_execution,True,capture_03df0725c4d27d1d372928719bd028608176f1aaf5ffa2f7a09bf66b82cdff4c,matchup_5878d1c5b00d60b592ed79a3b17a0e926c862959fbf845dfc3e66d654205c5c1,6102e7a6dcbc62f0,5c38639f860a5542,c58f51dedb310998,d8da10db80131bec,2026-03-28,date,,2026-03-26T06:41:56.000000Z,9232e0af2bf6178a10413f8398b38a3991627def1c2ace1e34e64e918781aa53,748edfe5950057d7da31f99046d21138ac3bdd4205455c75134efeb8194adf13,58ef697e2239500b891a8a1ac7f525a8d76bcea0a0c8453f5e0b5c4f91c19e98,legacy_ufc_prediction,0.0,0.8500363366333556,0.803921568627451,0.8500363366333556,0.05,-850,575,0.8947368421052632,0.14814814814814814,-0.044700505471907515,0.001815515218496211,-0.049959388468602484,0.012254727724849257,pass,,,0.0
1,3e88d6a11388c42a5e3a16fd2f7a8692098070f5b4776a7a4be723a8eee75171,disabled_paper_only_no_execution,True,capture_03df0725c4d27d1d372928719bd028608176f1aaf5ffa2f7a09bf66b82cdff4c,matchup_210f5147ee9ad606d6705e354c77f6c679e3b172e9ba59253117f24713bf76e8,85e94a6c071fd9fa,5c38639f860a5542,1338e2c7480bdf9e,c1085e1701b13eca,2026-03-28,date,,2026-03-26T06:41:56.000000Z,0b1a458c3e0790f46811e7a9696b148a704bf23e19d3dc17ccd9744191396f7c,549092a70cb15fda448072a652978a8148dcdeaef33879c3cb1b0b640e9215e8,b07bb4da074b0e07a65c26e7bd32d67569be6158cf4164b793feece7bf149bb4,legacy_ufc_prediction,0.0,0.5726267039701756,0.24271844660194175,0.5726267039701756,0.05,-161,130,0.6168582375478927,0.43478260869565216,-0.04423153357771714,-0.0074093126658277275,-0.07170453579990177,-0.01704141913140389,pass,,,0.0
1,4371dbdf2fd4495d4d386d6903d9fe9e2d7947dba0c1868fca587b007aaf1f84,disabled_paper_only_no_execution,True,capture_03df0725c4d27d1d372928719bd028608176f1aaf5ffa2f7a09bf66b82cdff4c,matchup_00ce8e9d70d6959921d531a55eef6522f86a0efd7f56988c7e4544089fbf5967,1c50e43770ba84fc,5c38639f860a5542,04835018f90b118c,a6eb54ae17a551be,2026-03-28,date,,2026-03-26T06:41:56.000000Z,ebcadc8f60319e08090987255bd7c1f203b2449156201ee214dd3f8e46e096b6,3ae7d0abb754c7c9c3c4499d20af370141d1d5ed7ee2fe89481df456de7a7e5a,12b1a4037ba58c1c0904fb63600b02530b2b77964bbbf411ea4c44b41a22f078,legacy_ufc_prediction,0.0,0.4894539269910473,0.6,0.48945392699104723,0.05,100,-128,0.5,0.5614035087719298,-0.010546073008952772,-0.050857435762976966,-0.021092146017905544,-0.09058980745280276,pass,,,0.0
1,46c043736dba4d8af6d519b34c071b3c56d8312ce947048602f00c20d16d0624,disabled_paper_only_no_execution,True,capture_03df0725c4d27d1d372928719bd028608176f1aaf5ffa2f7a09bf66b82cdff4c,matchup_4236fa161f5c57f4a102c6885719ae22cb45794549945b2f167685e7dbc2ab07,e32dc26b11d1f81d,5c38639f860a5542,7674b836ce0698a0,841695e02c99a521,2026-03-28,date,,2026-03-26T06:41:56.000000Z,bd3eca026a5c78fa39bd2ad94eb87ef462dcb11648142df701f99d93894250a8,501ab3991bf50134c23398cb8f14fd116a17df756b1c53bcdf45f351435c2b29,111f9af1596adadceb6e8298dd8f0df5aaafe06d8482078b3af01ab51638bf81,legacy_ufc_prediction,0.0,0.48463319879821043,0.5515695067264574,0.48463319879821043,0.05,102,-122,0.49504950495049505,0.5495495495495496,-0.010416306152284616,-0.03418274834776003,-0.021040938427614897,-0.062201394534448506,pass,,,0.0
1,631469a25c499685c4c83e714b90e8f2b2f5a19ef2ce48e1d58e77c5bea7bffa,disabled_paper_only_no_execution,True,capture_03df0725c4d27d1d372928719bd028608176f1aaf5ffa2f7a09bf66b82cdff4c,matchup_e13b763257ac86357317ac9e74bc137685dd44b571df0c310a739006b7a225b3,dbf1ee1a1912c735,5c38639f860a5542,0abcf6bc47191219,b4b496ec2197ee3e,2026-03-28,date,,2026-03-26T06:41:56.000000Z,4df63ccdfb39a03f394be0b983d92c7af233cc6b1e6cf7671a06c77b5ea11a97,98788753c9d67dc8571a30f51080f41bd27b61eadc96a7af6d4c597f788c4011,149df7ce996b53d59c10de42136c9a57131b9a98ae758228cb96098248e8f1bf,legacy_ufc_prediction,0.0,0.17603009845834547,0.2358490566037736,0.17603009845834547,0.05,480,-667,0.1724137931034483,0.8696219035202086,0.0036163053548971813,-0.045652001978554124,0.020974571058403724,-0.052496380086283434,pass,,,0.0
1,6762debf80afd3f4b3504be07c6e5b822d443e314e5478ea88b996fc27fafb9f,disabled_paper_only_no_execution,True,capture_03df0725c4d27d1d372928719bd028608176f1aaf5ffa2f7a09bf66b82cdff4c,matchup_f2cbde5f32a164b817f75afcf496047be9584fc61a5c3c1705ce988959586a37,a76e14495e61cf19,5c38639f860a5542,31f8081c7600da93,809bd1a871491508,2026-03-28,date,,2026-03-26T06:41:56.000000Z,d1306a8a93e8ed89471874628267fc320b274e67f7d846e3ea1d400892aabe4f,82366935f19a77102913bf3c3cb560b22539e064206b7b0f768aaae8cb6e19d6,13b09ca1c854634f72c95e49055c25750d417155498c80b0d6775e41c0a57403,legacy_ufc_prediction,0.0,0.39085277611314817,0.5260663507109005,0.39085277611314817,0.05,150,-189,0.4,0.6539792387543253,-0.009147223886851852,-0.04483201486747346,-0.022868059717129574,-0.06855265765449647,pass,,,0.0
1,80b8312724081281a93351a45d72c8ea9969c4c7b9c555ff0dd0fe25261a57e3,disabled_paper_only_no_execution,True,capture_03df0725c4d27d1d372928719bd028608176f1aaf5ffa2f7a09bf66b82cdff4c,matchup_1e8e249f0030185a81ebd181f925413fbbbe2cbc6b93abb994869ce1cf4d9f9d,9a0ecee6e8ca173f,5c38639f860a5542,6a740daf1b279661,e8b731feff72294b,2026-03-28,date,,2026-03-26T06:41:56.000000Z,5f34374e507c811aac748ff4b1318319be577d46346df395eeb6aec4ce1092e4,1725a5aa7ff66035bccad095890b99b39213f279750e8cbdfb0de2a611da7dab,a5d122c9ca14c163b41776880e46817bbe7737d542595330067ea1862de960ea,legacy_ufc_prediction,0.0,0.6194817836976874,0.66996699669967,0.6194817836976874,0.05,-190,160,0.6551724137931034,0.38461538461538464,-0.035690630095416065,-0.004097168313071997,-0.054475172250898374,-0.010652637613987048,pass,,,0.0
1,9192296a0d7e8b655cbc23d14b60126d7eb362cb497561503153c7a554b59072,disabled_paper_only_no_execution,True,capture_03df0725c4d27d1d372928719bd028608176f1aaf5ffa2f7a09bf66b82cdff4c,matchup_b5bfad605a37a14b4b4db0c5558bb06a34e07acbbe5dbf590ede7d2af6b9ce01,796e1151896195aa,5c38639f860a5542,545092d13c67aa49,7138a15258dabf20,2026-03-28,date,,2026-03-26T06:41:56.000000Z,02034f48c1fac0e75da435c1917bcf01c67d3efb8ac95b9f5689169bd7f5340c,f8548326248c21f99b542f8b0a387fc27e4200d48e4d0d6006675f8a641970f7,fcb0a99b35512c7abf0596d76d3d2be3764f647e43adf80de902e9531cd44502,legacy_ufc_prediction,0.0,0.8387844897850109,0.7275204359673024,0.8387844897850109,0.05,-750,525,0.8823529411764706,0.16,-0.043568451391459706,0.0012155102149891406,-0.04937757824365441,0.007596938843682066,pass,,,0.0
1,cc8af5ab4a88dfe0f8ba67c6592713d815431d3cea1b5dbd18363846daf2fc56,disabled_paper_only_no_execution,True,capture_03df0725c4d27d1d372928719bd028608176f1aaf5ffa2f7a09bf66b82cdff4c,matchup_fe24d0a3d45de86db63b2216ca6cad7fb02c189b8581d1d6ef8946c11ec9d56c,fa96d6252579b51e,5c38639f860a5542,ae81a3ac7b260411,e4a47b07044ddd72,2026-03-28,date,,2026-03-26T06:41:56.000000Z,53ef61bc6a61a73936afbdafc14c5cb6e446a2b8086df84de8b10a58c6bc9e22,1359980a117ddb0ce28d4c8127aff01902b24369e21c10129f5de3ee5281ec95,b42a8b2c559b1511bbb054ffc7f7e3fe2a4255fcdedec44a4d9109a0a07b0b95,legacy_ufc_prediction,0.0,0.28398552524395126,0.5283018867924528,0.28398552524395126,0.05,255,-333,0.28169014084507044,0.76905311778291,0.0022953843988808287,-0.05303864302686123,0.008148614616027006,-0.06896616345534812,pass,,,0.0
1,106f11ef23660c0869ff4c04318b22f72b67fb71b5986063d696a5ab98c6ea96,disabled_paper_only_no_execution,True,capture_d3d77c7199cd8443138223056defce7cb99603e04f906079b3dc99c4d28ac932,matchup_80872235366251a5571205cf0f6a2fd08f33a205fe1e99c5dc8a3941fb025a12,af2a9d47ca8115e4,9a70f67ad2187fa3,2bd98ab77a8daa75,3fa97913cfd205d3,2026-04-04,date,,2026-04-01T05:19:27.000000Z,c8fb63edc3c70f04cab50c8114fd65ba621033ef07cc959fdc7a0a8bfec5aeaa,a28434378f725a850bb1f3280bbb22b4df320856d100bc3acccdfcc0dc8ab035,7f7b5aa554b8d6ecf58745b787c86e09d1379d5aab3705f95ff75091be7baca9,legacy_ufc_prediction,0.05,0.23339244201787904,0.576271186440678,0.24704838597774192,0.05,310,-440,0.24390243902439024,0.8148148148148148,0.003145946953351686,-0.061863200792556694,0.012898382508741868,-0.07592301915450139,pass,,,0.0
1,1dffa8136dede9fbf7bd5249061e0bcf17e6e636ecc85d7f8c48d8f516b1ff12,disabled_paper_only_no_execution,True,capture_d3d77c7199cd8443138223056defce7cb99603e04f906079b3dc99c4d28ac932,matchup_03a7f1b290619ca4f298698f89c71f6727807091263d7769bbd17bf5fe4b71e8,ad487d1c6141d90a,9a70f67ad2187fa3,49edd0d90f60fb7d,95aff2fd8d09a5f0,2026-04-04,date,,2026-04-01T05:19:27.000000Z,243d439f2afaf396841eae445b1ac886f19badff3669a046e995c4e657ecc469,010ab4c09b10f81be0fcd88d7efc4a350cdfc94b355990c1957f493b30e4a4a6,79a2e8ad01ce81694e21764884f37db7e55c330041e29c87f2a18b21219bd74b,legacy_ufc_prediction,0.05,0.10601918933757527,0.07763975155279502,0.10440564780654595,0.05,1000,-1800,0.09090909090909091,0.9473684210526315,0.013496556897455034,-0.05177406885917746,0.14846212587200536,-0.054650406018020736,fighter,0.10440564780654595,1000,1.0
1,2ffa24116c87f4a2ba1122d3d8c43e694cba44fd1e3c1010d3f88b377c261a62,disabled_paper_only_no_execution,True,capture_d3d77c7199cd8443138223056defce7cb99603e04f906079b3dc99c4d28ac932,matchup_6ed066b360763259468801ef5a9891bb5eb7492c2f742f23e12eeca9a87b10ac,e284a194fb4648a9,9a70f67ad2187fa3,147e70aa6cc48cfc,3bc3f60b21cddc6a,2026-04-04,date,,2026-04-01T05:19:27.000000Z,bd074020f05b42d495957b52d4c7ec6314f26b85a779e88d0e417261eb2a0c0b,0b54053c67686ab20c16f78337edbfddba1124cb984291d0e973a4c696a69c3e,a0202530c60d2340680398a9e527901adf40f693d08d8f2197aab10cfb630c7d,legacy_ufc_prediction,0.05,0.18207738149915434,0.3225806451612903,0.18780808665083085,0.05,455,-625,0.18018018018018017,0.8620689655172413,0.007627906470650675,-0.049877052168072145,0.04233488091211113,-0.05785738051496381,pass,,,0.0
1,671335e91cd535e98801fb3f0b10f060ad1491abee5a654e78be051772c9c686,disabled_paper_only_no_execution,True,capture_d3d77c7199cd8443138223056defce7cb99603e04f906079b3dc99c4d28ac932,matchup_70b0ea0b5d510e501f5575f9939f8875c35c518fe41fa6d8614b3679f6458816,0760bc02280574dd,9a70f67ad2187fa3,764d39074a352e33,ba15006c804a8de0,2026-04-04,date,,2026-04-01T05:19:27.000000Z,7b166e5507de09285727adafb829bc2a3b566865febbe2923b0103b30bafaf28,05db70c403751d6b52a793dc55884944ec8f393d4d5e0b05d5c12cae17b88a4e,f9fa1a9aa8ebddcb47f31f5627c6eab3454ef54ae04ba7c9da64065d5dcc9dd7,legacy_ufc_prediction,0.05,0.48612003282433436,0.5024875621890548,0.48693799432139107,0.05,-112,-108,0.5283018867924528,0.5192307692307693,-0.04136389247106176,-0.006168763552160339,-0.07829593932022405,-0.011880581656012357,pass,,,0.0
1,8f5e18ce033ed6bf22580749f472185bb02ca026a9c8b9037a2fa4a6e8299f4e,disabled_paper_only_no_execution,True,capture_d3d77c7199cd8443138223056defce7cb99603e04f906079b3dc99c4d28ac932,matchup_ccb59ac802aa644186d3b5fe732373a31fc312dbb1a4d6f386e1562bc8492b9f,d69bd8e53ec858dc,9a70f67ad2187fa3,b6452706b373eea1,fd406a32a6fb3a29,2026-04-04,date,,2026-04-01T05:19:27.000000Z,7dca121e30ecb1a623f35602874cee4fe9f0ae0c6f8e17d5c62e9ef8dce536b4,1fdb53cbd6379d0366f2d2d25cacd818dd2b840d205f7c7779a4ce3005ff7157,10ef8387141a6314ff01128dec767eb92049811b8402ec278b0a992c436050db,legacy_ufc_prediction,0.05,0.3692860211936088,0.23529411764705882,0.36182549947109255,0.05,154,-185,0.3937007874015748,0.6491228070175439,-0.03187528793048228,-0.010948306488636428,-0.08096323134342487,-0.016866309996007467,pass,,,0.0
1,91189a698b21778fbd892e71ca77cbd52ea245affcd9c255d9bc19c6955dab50,disabled_paper_only_no_execution,True,capture_d3d77c7199cd8443138223056defce7cb99603e04f906079b3dc99c4d28ac932,matchup_d7171ff6e3f0ede5dd3700e2da96c55a1f8333350a71835e006e2120ae244c37,caf13346cbcfdb03,9a70f67ad2187fa3,27b388f0aab49780,a4a80dd7336ffd59,2026-04-04,date,,2026-04-01T05:19:27.000000Z,d60700359a2fb8b8a57a75c9cc0f6b51f033ce7330b047d25e286f3db36772db,8f2aab2ef5997ba84011cd79abf0be8c1306a7a1314e2bea22e47b3b742db988,8ad568eee966f048d834ec7811061e37b234bcc3028731d1cbf01556b9ab2ce7,legacy_ufc_prediction,0.05,0.5457290989262521,0.4366812227074236,0.5402937857391826,0.05,-146,114,0.5934959349593496,0.4672897196261682,-0.05320214922016697,-0.007583505365350851,-0.08964197745315794,-0.01622870148185096,pass,,,0.0
1,94fea345ae7bc3f840dd913d711d856fe6db6c7f654a78f02caafa637347ab5a,disabled_paper_only_no_execution,True,capture_d3d77c7199cd8443138223056defce7cb99603e04f906079b3dc99c4d28ac932,matchup_e3358e3291e0bae372dcd11d0e14bb4af6f4c2a335490c18c18dd9950cc1a7ba,fef80c98b2fba70c,9a70f67ad2187fa3,83455a9d17f57dae,d776b5814f2400b4,2026-04-04,date,,2026-04-01T05:19:27.000000Z,d063b904732f0d9aab0cff58425d7dedf3ac59493fb101fd5286e94801d0b003,9b63ef6206dcc6ad0d9aecaa208bd113f7ecc57ef82a98316e06c16c3e65b48c,9b7831193b25ab3f9c2dc055ae8e6560f164123bbd3ba76467350c2a874db6ca,legacy_ufc_prediction,0.05,0.43553421681657456,0.5967741935483871,0.44355686240287595,0.05,120,-149,0.45454545454545453,0.5983935742971888,-0.01098859214257858,-0.04195043670006471,-0.02417490271367284,-0.07010509220346384,pass,,,0.0
1,9ef5720560210e4171d63e8f755a08080359d6b651a3524336e1fc682f350e45,disabled_paper_only_no_execution,True,capture_d3d77c7199cd8443138223056defce7cb99603e04f906079b3dc99c4d28ac932,matchup_87947f0dbfc3a929ded03baa8f5157b16a31eff57d863e4324f534815a777a69,9c9c26679701b84d,9a70f67ad2187fa3,65db4065e2bc107d,f9b200db02b488d9,2026-04-04,date,,2026-04-01T05:19:27.000000Z,9418e4105689f30a37cb7bd519f583d16d55ab6832eb96ef068fd76cf655fa63,afdc4d1ecddab2e46efca144fb9d3970c4bf7c729954d6e36f55b76f4b1b3f59,0b44480b74cc1d89e674280354be741c383afaa41357bc9e67ade60a21266eaa,legacy_ufc_prediction,0.05,0.3327370336140783,0.4065040650406504,0.336269791283306,0.05,210,-260,0.3225806451612903,0.7222222222222222,0.01368914612201566,-0.05849201350552813,0.04243635297824855,-0.08098894177688509,pass,,,0.0
1,aa5ecb275b8ee83f210842a3006a5ed646455fadd5b1ca09cbc595b0f3da5372,disabled_paper_only_no_execution,True,capture_d3d77c7199cd8443138223056defce7cb99603e04f906079b3dc99c4d28ac932,matchup_7e9ba1679db3518cf6a4c208b49683ecc773ab622a14b0fc741ffbed775f6da0,74bb036ef0493bf7,9a70f67ad2187fa3,3c26c420584d912d,81d2c551886bd5a1,2026-04-04,date,,2026-04-01T05:19:27.000000Z,de0e7e77b84828e8d10f48636a82347df8cf628bb06b5154b7b9ed8f03a28b57,5fbe3eb7ae9b7b8767aa5d02bc794e88f7223c00bf4d208993b8aad66550e634,0268bc24c1322e8285044f040b5107615aad5d33d8964ea313d275d60cbd0a70,legacy_ufc_prediction,0.05,0.4668859667667252,0.12033694344163658,0.4438676308741378,0.05,100,-120,0.5,0.5454545454545454,-0.056132369125862225,0.010677823671316755,-0.11226473825172445,0.019576010064080718,pass,,,0.0
1,ac7eaa21d1e0615cf5d82a15c9e3bfc8ef40e13c1eaf6be106e5d1af38df0b46,disabled_paper_only_no_execution,True,capture_d3d77c7199cd8443138223056defce7cb99603e04f906079b3dc99c4d28ac932,matchup_d5aacc15e3774a7a89ea30fe37ccad383b67148fe9cc0038d5211d1093b41af7,721642e7de112e9e,9a70f67ad2187fa3,7dda2cf308f24a02,d25240135aee03e5,2026-04-04,date,,2026-04-01T05:19:27.000000Z,8a3deafddee891689c6ff624b54492ddc13284b0796f355e2f86b3133cf39b37,ae57ba693725d38620bc56fccade9bd398be9ee10ef305e388273197c336e61a,a704c017e13ae6ee260caf3b97291ca71928f499dff3423adc20ff7234e72eb3,legacy_ufc_prediction,0.05,0.5140022461753354,0.38022813688212925,0.5071978654417586,0.05,-120,100,0.5454545454545454,0.5,-0.038256680012786815,-0.0071978654417586,-0.07013724669010912,-0.0143957308835172,pass,,,0.0
