schema_version,settlement_id,betting_status,paper_only,decision_id,capture_id,matchup_id,fight_id,event_id,settled_at_utc,result_source_sha256,target,settlement_status,hypothetical_risk_units,hypothetical_profit_units,forecast_log_loss,forecast_brier_score,forecast_accuracy_credit
1,16e676f3b2453cadd983f33098ba6b6ee802e9e83968b86e748e10af766b301a,disabled_paper_only_no_execution,True,754b9ce9ae3c022d9d9d6c7465a71b76652f1a959ba198406fd0bbce990af028,capture_54e9bf23f85bc5254ad34c5187bde736414abad3d739a93c846637a0a645f0d3,matchup_61b9e05e03bedd6a5e4493f3909af47f920c5b3ec7fd5de6439dee57f2349908,ef1519c8c1d20977,7956f026e2672c47,2025-10-26T00:00:00.000000Z,dea5a50c8bae94ba75a544852dfb0322a020c9f09ad493e76b97fb6b4c0e0ea5,1,pass,0.0,0.0,1.5215901486742673,0.6109542441675555,0.0
1,26141f23fb7a9002adad9f4ac2d631c2ee72255923982ec93d1b3e13988338dd,disabled_paper_only_no_execution,True,3a92eec28966cbc17022d06135c2673cd45d55cd9ca50f3892bae0ed0decd682,capture_54e9bf23f85bc5254ad34c5187bde736414abad3d739a93c846637a0a645f0d3,matchup_24f117d5b1da6b81392f2e08630377014f0e9b2aa92025d7fa4004b94af3d41d,e69f9b4b9cae12a4,7956f026e2672c47,2025-10-26T00:00:00.000000Z,dea5a50c8bae94ba75a544852dfb0322a020c9f09ad493e76b97fb6b4c0e0ea5,1,paper_loss,1.0,-1.0,0.23064051283023657,0.042425759746664966,1.0
1,48631cbd2090c49935512a70ff77978aa55e334d6952378badf44674534a166b,disabled_paper_only_no_execution,True,728d87b84c81a6280d8ff95efcd902d9b1d397ba8a7539be5fb849d7836c7bab,capture_54e9bf23f85bc5254ad34c5187bde736414abad3d739a93c846637a0a645f0d3,matchup_3024fb5729d476f46afc7e6e24892ce27724d4a522caa953a94dd6fd6a1fe3da,22dd728012944f0a,7956f026e2672c47,2025-10-26T00:00:00.000000Z,dea5a50c8bae94ba75a544852dfb0322a020c9f09ad493e76b97fb6b4c0e0ea5,1,pass,0.0,0.0,1.3220242313638055,0.5378827396648662,0.0
1,6d33452b5018d6c12231516088436bb09e1a5a8280933534040a02172aec9a1b,disabled_paper_only_no_execution,True,accb3dcc9d9e19f08359644a4247f5cf0548c4587c36436b478f2c40afb5c92a,capture_54e9bf23f85bc5254ad34c5187bde736414abad3d739a93c846637a0a645f0d3,matchup_262744eb86f41e64bcffa462b4e2b238f728e4c5463108633820708e79882041,3fdb4c4b39218cf4,7956f026e2672c47,2025-10-26T00:00:00.000000Z,dea5a50c8bae94ba75a544852dfb0322a020c9f09ad493e76b97fb6b4c0e0ea5,1,pass,0.0,0.0,0.27543415249536,0.05796421008014382,1.0
1,6ee69977e797c36b86ad7809d2c52b282722a17f539f87c181c6feddf92b1e44,disabled_paper_only_no_execution,True,8610bb225755a1071e79637f8c67bea6ce1a6a4044faf9d5c0929e0ab69a4201,capture_54e9bf23f85bc5254ad34c5187bde736414abad3d739a93c846637a0a645f0d3,matchup_08c0f0b285cdca2ad33086f49269f0ee860ce5e5936117e03e485e705e419456,7d3da3c4153717de,7956f026e2672c47,2025-10-26T00:00:00.000000Z,dea5a50c8bae94ba75a544852dfb0322a020c9f09ad493e76b97fb6b4c0e0ea5,1,pass,0.0,0.0,0.5510403962957369,0.17947943597130545,1.0
1,722e3f0f53b742605ee82cd15acaf99f7d909d9ffe512dfb58c439c46ddb37d1,disabled_paper_only_no_execution,True,3a23993d006410867b85bb1409bf6762a7d0a47e58bbcae636cf4a61e39779a0,capture_54e9bf23f85bc5254ad34c5187bde736414abad3d739a93c846637a0a645f0d3,matchup_7e1d2f3fe098f83e63dcafb684a3e3e78d742ff04e9feafed17eb55c96bb57b0,ef12d2aaaadaf6d0,7956f026e2672c47,2025-10-26T00:00:00.000000Z,dea5a50c8bae94ba75a544852dfb0322a020c9f09ad493e76b97fb6b4c0e0ea5,0,pass,0.0,0.0,0.688426817890061,0.24763983625696948,1.0
1,75c7935f684e98ee0ad85a073869ac29843fc0f2f2ff6b5c9394cacf8e913d36,disabled_paper_only_no_execution,True,6069712ef03dc7418d4b2d3b6fa30b9b0877ab3ea6e7b57c26b8f425403b99ed,capture_54e9bf23f85bc5254ad34c5187bde736414abad3d739a93c846637a0a645f0d3,matchup_aaef011d2c0115a459b83dbcde482c7217ee804278c60c699312e557fe469fdc,e9c034cec33b3479,7956f026e2672c47,2025-10-26T00:00:00.000000Z,dea5a50c8bae94ba75a544852dfb0322a020c9f09ad493e76b97fb6b4c0e0ea5,1,pass,0.0,0.0,0.5799576364002781,0.19366857005779312,1.0
1,995d28b2c5e27e030ec1b5b1db0bb0ecc25cbcf4e982a3b80e3504a05e7ee72a,disabled_paper_only_no_execution,True,b9b1113dd58b30c6e1db08f1e1e58e46ca3dc3102a1866b35777dade6ea02cec,capture_54e9bf23f85bc5254ad34c5187bde736414abad3d739a93c846637a0a645f0d3,matchup_0a2bf447e6c522fcdb4bbd43a42eb2b200a9b18ad2df51adcf66ee2e53fba2f5,b42a3386a7dccb3d,7956f026e2672c47,2025-10-26T00:00:00.000000Z,dea5a50c8bae94ba75a544852dfb0322a020c9f09ad493e76b97fb6b4c0e0ea5,1,pass,0.0,0.0,0.9857806156362374,0.3929436453067537,0.0
1,9bd00a46fe6247a787664536a746732dd5d152b48feb64934cb4dbd93f847c5b,disabled_paper_only_no_execution,True,551b56b50d5d0e5e4077b71013ada0f95f8d9b8c767d693da8ab6f8b0842d0fe,capture_54e9bf23f85bc5254ad34c5187bde736414abad3d739a93c846637a0a645f0d3,matchup_05466634893dcf2a94bd9bd2b16013a588ec90ceba7e5333e049f30054393cab,0230a9dd2739add4,7956f026e2672c47,2025-10-26T00:00:00.000000Z,dea5a50c8bae94ba75a544852dfb0322a020c9f09ad493e76b97fb6b4c0e0ea5,0,pass,0.0,0.0,0.36320822969809147,0.09275581485322722,1.0
1,c6918002cfa61799dc63c833fab8e495dd816cbae11e00ff933ea146177cdc6f,disabled_paper_only_no_execution,True,c4e60130b75a3c2bdf463d6c0fa1dfdc1b1963ed6e02a3d28f6f8e26c306da16,capture_54e9bf23f85bc5254ad34c5187bde736414abad3d739a93c846637a0a645f0d3,matchup_b05405c180a52abf23cfd42d1f882962c28fc040022484faa27087f487a920a7,bd7394f07247d9ca,7956f026e2672c47,2025-10-26T00:00:00.000000Z,dea5a50c8bae94ba75a544852dfb0322a020c9f09ad493e76b97fb6b4c0e0ea5,1,pass,0.0,0.0,0.8585815312988315,0.3320493678256959,0.0
1,4006499b50042f92826e57b70266eebcaae40bec3df3b082a881e6c62f811608,disabled_paper_only_no_execution,True,0a2e3613a939e0a0755c0ce121ee80b11f3493ba16c93067aad54ab8d1957904,capture_f05af2c980c0e95c1d597b8544f3c38770a9feb135eec2c438e5c4d70ddba38d,matchup_1f533f099800eeadace7ac5293994566ad62f645a349e83ae1e6e5b1f3466738,71c8ca7442bcb757,0e2c2daf11b5d8f2,2025-11-02T00:00:00.000000Z,dea5a50c8bae94ba75a544852dfb0322a020c9f09ad493e76b97fb6b4c0e0ea5,0,pass,0.0,0.0,0.5495055473007563,0.1787301139053122,1.0
1,5d27824262ea31acdc3a7cf4b1388ceb93e4aee01daa8894aca2396b49f1e6eb,disabled_paper_only_no_execution,True,3947040169a6aca9978491df795e52b62eb0ce0c0a89fc4c024a3510a12ea7dc,capture_f05af2c980c0e95c1d597b8544f3c38770a9feb135eec2c438e5c4d70ddba38d,matchup_c34cfd42ad9f4c895177592de4fe6e931e48de24c578d12732c217104a6d0d78,9d9390b550d77e06,0e2c2daf11b5d8f2,2025-11-02T00:00:00.000000Z,dea5a50c8bae94ba75a544852dfb0322a020c9f09ad493e76b97fb6b4c0e0ea5,0,pass,0.0,0.0,0.700459445461595,0.2536560676434638,0.0
1,6056afd0252482ea8879eacf54b2304223a2725e0c479f8e114bd48bb3ba69dc,disabled_paper_only_no_execution,True,f78b640fed6d5fe7b011996eccefdd3735ef03591f5fd3f936fa265ad6318302,capture_f05af2c980c0e95c1d597b8544f3c38770a9feb135eec2c438e5c4d70ddba38d,matchup_76ef176b08fc75ac8b1b4bc933f7987ac8106d35b5721a0a4662dcdce8b01839,767b78b67c7da17c,0e2c2daf11b5d8f2,2025-11-02T00:00:00.000000Z,dea5a50c8bae94ba75a544852dfb0322a020c9f09ad493e76b97fb6b4c0e0ea5,1,pass,0.0,0.0,1.1354707186671849,0.4606732488163821,0.0
1,767e4436a19a57d01bcac31f87a80078f2b15ca47ae0c0a87999837c91f33afc,disabled_paper_only_no_execution,True,0d9fd508af65ba3e42cd8f8bc6930b048ff181d75dbf790415fe430eacad8071,capture_f05af2c980c0e95c1d597b8544f3c38770a9feb135eec2c438e5c4d70ddba38d,matchup_38dac01eb8193f2012d172b65a9e2ebfff419dacacecd9679e09c58827034816,7add5901fac6ab82,0e2c2daf11b5d8f2,2025-11-02T00:00:00.000000Z,dea5a50c8bae94ba75a544852dfb0322a020c9f09ad493e76b97fb6b4c0e0ea5,0,pass,0.0,0.0,0.38841813187604746,0.10360111011588523,1.0
1,80a7345aec08e8dd06fed36c5ee064a93fea63883583df15139c9b30966828ae,disabled_paper_only_no_execution,True,519905fa7ddd32f23f06624616cfc568887a7e7d726eaffa90be9898a579a4a3,capture_f05af2c980c0e95c1d597b8544f3c38770a9feb135eec2c438e5c4d70ddba38d,matchup_8b1cc24ce75f8fb484561da3a1ee0f70ac440b245ab2d640e6e6c7ecbaa2e629,e6031b5937294176,0e2c2daf11b5d8f2,2025-11-02T00:00:00.000000Z,dea5a50c8bae94ba75a544852dfb0322a020c9f09ad493e76b97fb6b4c0e0ea5,1,pass,0.0,0.0,0.4639114501103087,0.13777516114065588,1.0
1,858fa09305f73b8fda94fb7201c02d282371440593f6e1ac3c5abf89ca6661ff,disabled_paper_only_no_execution,True,2e049c6db50f958ac3c05fe747be829f8d530bb2e6037097c2189ff865207a20,capture_f05af2c980c0e95c1d597b8544f3c38770a9feb135eec2c438e5c4d70ddba38d,matchup_55423e01adc7354326fff8cfa37cc7c545616d1308dd77e6c2138c0e19c1d766,b0f68344e01884ff,0e2c2daf11b5d8f2,2025-11-02T00:00:00.000000Z,dea5a50c8bae94ba75a544852dfb0322a020c9f09ad493e76b97fb6b4c0e0ea5,0,pass,0.0,0.0,0.8255811913217643,0.31586606665186867,0.0
1,8d6a6dc8cc1b7f8cd5c66c7e85afb1b3a4b1fb457af3b2f58a7d826ce0e0aa9a,disabled_paper_only_no_execution,True,2a6a73c75fc343d69a908b5e9559e340fd78cf37a9c4fedf80a4c00640a1f708,capture_f05af2c980c0e95c1d597b8544f3c38770a9feb135eec2c438e5c4d70ddba38d,matchup_d5ca6022577169e9c3edd5dfb6011f35e76fef5fb941ec116d6b25ce4c85ba6c,747d922b329b7f30,0e2c2daf11b5d8f2,2025-11-02T00:00:00.000000Z,dea5a50c8bae94ba75a544852dfb0322a020c9f09ad493e76b97fb6b4c0e0ea5,1,pass,0.0,0.0,0.6303528896016969,0.21864612390459776,1.0
1,b70b987b09a896c1f2ce8ed813b2f03e693c5e5d2a94d02f4cf994abcf466b5c,disabled_paper_only_no_execution,True,bd5aeba0bdf1bc58e8e1394a88ab3e426fac6c56c1ad9c9dd68ac529569e321e,capture_f05af2c980c0e95c1d597b8544f3c38770a9feb135eec2c438e5c4d70ddba38d,matchup_c8c4e50aa35e6cd2ae2d82a89fe181d6216eaf2993b8947e2e5fbfd40e1129f2,32927d50acedb507,0e2c2daf11b5d8f2,2025-11-02T00:00:00.000000Z,dea5a50c8bae94ba75a544852dfb0322a020c9f09ad493e76b97fb6b4c0e0ea5,0,pass,0.0,0.0,0.27388563756977813,0.05739903943380904,1.0
1,e71d70a194891df8e22013da60d9f13a0bedbcb93b60ae64ee8f2beece09377a,disabled_paper_only_no_execution,True,619a7ea8a31208c5211ee738494c912e186861691d10d8c6b105665d05658d0d,capture_f05af2c980c0e95c1d597b8544f3c38770a9feb135eec2c438e5c4d70ddba38d,matchup_082c547ce8d655cf72013bbaced07ecb9772c1d30abdf2b5d83920ba90e1406a,760150e9951e65fa,0e2c2daf11b5d8f2,2025-11-02T00:00:00.000000Z,dea5a50c8bae94ba75a544852dfb0322a020c9f09ad493e76b97fb6b4c0e0ea5,0,pass,0.0,0.0,0.5605649911101924,0.18413845856908714,1.0
1,118fe4f4267f5a25f895f191845334e2edca680506894c3a77146b7b81a6c1b4,disabled_paper_only_no_execution,True,d1c0e674175ebe09c10f739ef67f9f4e4e9b301f210235c68f55542cb495a265,capture_f3236cd5d9b6fa1ed6cd3434d622dc9b9aa9e569dd7953b1855d80d3b137cf81,matchup_fcd6caeaa874b2bf5f89cb437991f117d376d712dc7969b9f75b8f632fe51992,80eae31bc0a94a65,6436029b50a9c255,2025-11-09T00:00:00.000000Z,dea5a50c8bae94ba75a544852dfb0322a020c9f09ad493e76b97fb6b4c0e0ea5,0,pass,0.0,0.0,0.34513044149125893,0.08518927712498948,1.0
1,22fc64fa68b0d6c895bbd1f3fbaab143889fd6f22c466f2c1215578b7e827563,disabled_paper_only_no_execution,True,70cf4961fc9b508a3add461af435d5c3b5dcd5939f646c0d408e45e3c490d2eb,capture_f3236cd5d9b6fa1ed6cd3434d622dc9b9aa9e569dd7953b1855d80d3b137cf81,matchup_e6e2ae8922e8c88185876e978d8cdad9a99564fee6edf6430d777c271a3184d1,e3d657dd88864ba7,6436029b50a9c255,2025-11-09T00:00:00.000000Z,dea5a50c8bae94ba75a544852dfb0322a020c9f09ad493e76b97fb6b4c0e0ea5,0,pass,0.0,0.0,0.8373925838252395,0.3216731412115641,0.0
1,4882ab53581af011f9524bd01bd2e64e11b453b63233cd83364d3a52bfee1e0c,disabled_paper_only_no_execution,True,83c388c66df465f0aae97089d7359c0f52d7dec775615278c658e9dbf92be40c,capture_f3236cd5d9b6fa1ed6cd3434d622dc9b9aa9e569dd7953b1855d80d3b137cf81,matchup_ac8f926323c8f176d7513319862f2df45b85e6b30b6bfb9e6448fab86bd0600e,20971ed9a842b0cb,6436029b50a9c255,2025-11-09T00:00:00.000000Z,dea5a50c8bae94ba75a544852dfb0322a020c9f09ad493e76b97fb6b4c0e0ea5,1,pass,0.0,0.0,0.9445294485142524,0.3734890345087478,0.0
1,4f360b0e5a7a8357b207cc13a45a42f94d7048e1e6b134401048d47848dafab7,disabled_paper_only_no_execution,True,aff50398ca2ea2a595120c97c598a451cc1780856598e5eaff5c6b6317611f35,capture_f3236cd5d9b6fa1ed6cd3434d622dc9b9aa9e569dd7953b1855d80d3b137cf81,matchup_21e66b673d541c02e5e30682f0c20e246eef30a162c7cd097a72ce7906f1a6eb,ac4343150638b635,6436029b50a9c255,2025-11-09T00:00:00.000000Z,dea5a50c8bae94ba75a544852dfb0322a020c9f09ad493e76b97fb6b4c0e0ea5,0,pass,0.0,0.0,0.9698831604163619,0.3854828691301531,0.0
1,62b91718ecbb0821fbf6633e9a4a0d77066ebe0adf5447c3e2aa7af822132851,disabled_paper_only_no_execution,True,757ffa7fd53b586df8c598fef1abc96c2654f27452c574868e8121af35f8f81b,capture_f3236cd5d9b6fa1ed6cd3434d622dc9b9aa9e569dd7953b1855d80d3b137cf81,matchup_8bc20ac02efc528318e76e646573432296b38cc37e6402cd5c3f1c66432c9dae,238c274c90587e21,6436029b50a9c255,2025-11-09T00:00:00.000000Z,dea5a50c8bae94ba75a544852dfb0322a020c9f09ad493e76b97fb6b4c0e0ea5,0,pass,0.0,0.0,0.5027297435063185,0.1561219920643901,1.0
1,6991447d177ce4eef14da54235eb4f72d452e5997765c4fff6e710f321278a24,disabled_paper_only_no_execution,True,ba0586517482cc9d6b907fc9f13d211bcd42900ade48f655cc5630772798f9be,capture_f3236cd5d9b6fa1ed6cd3434d622dc9b9aa9e569dd7953b1855d80d3b137cf81,matchup_8062190ab4ec4081bab719356ed444b175dd51651634b1e022c089afb22f1c48,c6d56aad93f98249,6436029b50a9c255,2025-11-09T00:00:00.000000Z,dea5a50c8bae94ba75a544852dfb0322a020c9f09ad493e76b97fb6b4c0e0ea5,0,pass,0.0,0.0,0.9557163090882355,0.378795198196594,0.0
1,7768347b33ce5315ff8f9ed6475440064621ad3f0441f96c9ee13a20cb69ca57,disabled_paper_only_no_execution,True,e44357dc2a935e73b963a66eab29c09d9be1ca65d4f0db6c352b66b6e9090e90,capture_f3236cd5d9b6fa1ed6cd3434d622dc9b9aa9e569dd7953b1855d80d3b137cf81,matchup_c859d7aa59cdfb358c1025d26ae9c28283095971cb13f2566ee697fadc4d88b5,b23fa678cc65cf5b,6436029b50a9c255,2025-11-09T00:00:00.000000Z,dea5a50c8bae94ba75a544852dfb0322a020c9f09ad493e76b97fb6b4c0e0ea5,0,pass,0.0,0.0,0.4865099353272789,0.14840351251205328,1.0
1,9a90af00bb2cd27f210d38e6429b4e62914df9a639e780441bfce185cdfaf622,disabled_paper_only_no_execution,True,c3cc0eb85f3e734ce9a3686e10d99a0a5ed41927f6420eee40cf646d12149fb6,capture_f3236cd5d9b6fa1ed6cd3434d622dc9b9aa9e569dd7953b1855d80d3b137cf81,matchup_c5d0545ebe3cbcfce65e99f45c1de70dec1fe1793bbdc6e2c2ed2147c86b3a07,f7e9bd2d6f81aeae,6436029b50a9c255,2025-11-09T00:00:00.000000Z,dea5a50c8bae94ba75a544852dfb0322a020c9f09ad493e76b97fb6b4c0e0ea5,1,pass,0.0,0.0,0.25354521633020366,0.05015599689427159,1.0
1,afc3b58d0e629251c8f2a3ba92dc6acd0c4fd2b2da359651b1a603a0dcfa8a60,disabled_paper_only_no_execution,True,cfc65e18e05c85f2a0a0a564d6c2f856859a285906267c5b9bef8ff244244959,capture_f3236cd5d9b6fa1ed6cd3434d622dc9b9aa9e569dd7953b1855d80d3b137cf81,matchup_7ff519964e8a23e7f04a67ef1f9555f423ee381d3cf2ab43d684042f2498757e,4e224ebb6394611d,6436029b50a9c255,2025-11-09T00:00:00.000000Z,dea5a50c8bae94ba75a544852dfb0322a020c9f09ad493e76b97fb6b4c0e0ea5,1,pass,0.0,0.0,0.49098950690992915,0.15052809555989963,1.0
1,2f11f5c1fdbe2d3d1dda3f9ac948eee3b697cf962ff7a2cfa111fbddeda311ec,disabled_paper_only_no_execution,True,c68f3cc4fb0d994e89ed0f75ac3d9377daa03cf2775b2543e3d3561d954244aa,capture_0804c9c0d9451ee17fb4100a90af8ed0284b117e11ee32905730f50bccfe50dc,matchup_0e7df4eb3b0339c1a37c97d3cdac41dd1076437a8a0e60b4fcca8f6bb994e606,9b5f190cd3f5ce16,8db1b36dde268ef6,2025-11-16T00:00:00.000000Z,dea5a50c8bae94ba75a544852dfb0322a020c9f09ad493e76b97fb6b4c0e0ea5,0,pass,0.0,0.0,0.4407369957105984,0.12704808785869795,1.0
1,42f8f73e60f591b76e6bfa8c28ad95b5b1f4284ca131beb89cfb92649ab93c4a,disabled_paper_only_no_execution,True,fbbdb9dfbe07e0e68f2dccc4e70b7520d5edf7a899cd7d206de57843986035ad,capture_0804c9c0d9451ee17fb4100a90af8ed0284b117e11ee32905730f50bccfe50dc,matchup_968fe1e2248046dbabe4e1745c1fa5b134907fa62604f3c36667534c3d3a8897,ebb012c5f3fd0cbb,8db1b36dde268ef6,2025-11-16T00:00:00.000000Z,dea5a50c8bae94ba75a544852dfb0322a020c9f09ad493e76b97fb6b4c0e0ea5,0,pass,0.0,0.0,0.5550077109972746,0.18141820957015534,1.0
1,4e9d120b328df7a562dcb9acbe7951af74e775fac9c8d39bcb56eea5a0c4c6b4,disabled_paper_only_no_execution,True,bd0dc6686e83d0e658ad9ceedc3a34650921fb52df748f9e8e7e2bb3c0f14769,capture_0804c9c0d9451ee17fb4100a90af8ed0284b117e11ee32905730f50bccfe50dc,matchup_52825e3e91aea900fff42f2b1dc9c201854975a3cfb5fa4aa5363477c95dcc95,3c60884853766487,8db1b36dde268ef6,2025-11-16T00:00:00.000000Z,dea5a50c8bae94ba75a544852dfb0322a020c9f09ad493e76b97fb6b4c0e0ea5,1,paper_loss,1.0,-1.0,0.4800435489894621,0.14534664822790264,1.0
1,51673242f716725eb823b8bbae4411be5394408733ac06e8bebeb9afd14ce8a4,disabled_paper_only_no_execution,True,d2b3504c1a95c374b0506f6b4addcdaf0d07928d6ec6a22d9fb1dc990f7a6dba,capture_0804c9c0d9451ee17fb4100a90af8ed0284b117e11ee32905730f50bccfe50dc,matchup_b64119e137a49004d56522910fe0ac41676e566b0d3bce6da89f7090bbe9cf55,856f6ee049373843,8db1b36dde268ef6,2025-11-16T00:00:00.000000Z,dea5a50c8bae94ba75a544852dfb0322a020c9f09ad493e76b97fb6b4c0e0ea5,1,paper_loss,1.0,-1.0,0.41244354458899807,0.1142233350441607,1.0
1,5e2f28c4cab59958205e0dadff09366fae77c8346c48fc4895de026603049afb,disabled_paper_only_no_execution,True,48ea73e09a67ddb789347f4288dc211f7d5eb20cedfb2aeb7ee077a881f94d93,capture_0804c9c0d9451ee17fb4100a90af8ed0284b117e11ee32905730f50bccfe50dc,matchup_fa592b03056e69a43c46a31b1bbb7ae7ba3f55c39dd5fa2421ad43edf88a92be,e3cbd663732f4a98,8db1b36dde268ef6,2025-11-16T00:00:00.000000Z,dea5a50c8bae94ba75a544852dfb0322a020c9f09ad493e76b97fb6b4c0e0ea5,1,pass,0.0,0.0,0.6397100422428963,0.2233079078785611,1.0
1,632fc782c75cc7a76ff569942d48c1639f0bc40207e722748c32f6634c1c9722,disabled_paper_only_no_execution,True,1838c8104eefb7e152bc90218dd2ae2a790d20c4817bd5434e10d171ee4acad7,capture_0804c9c0d9451ee17fb4100a90af8ed0284b117e11ee32905730f50bccfe50dc,matchup_d109778c8b4a626d104547c54fbe6b54d862e68f3d9512daca939644a395a344,909cd8633507a0c8,8db1b36dde268ef6,2025-11-16T00:00:00.000000Z,dea5a50c8bae94ba75a544852dfb0322a020c9f09ad493e76b97fb6b4c0e0ea5,1,pass,0.0,0.0,0.4266437413768349,0.12062004104497023,1.0
1,6558954de43805f3f1946fe821cb11213b909996e4380598e13cf4fb5baf83bf,disabled_paper_only_no_execution,True,5ff5d032c2c440b9dd40cd0b9af1201ed5ca3bf92ef98d819bbedec546dd5d35,capture_0804c9c0d9451ee17fb4100a90af8ed0284b117e11ee32905730f50bccfe50dc,matchup_2e129b9b0c5bb9d38d16624cb5c53498a26affd5c2c2b86b65366d5aa5245e48,477af74ea3cbba8b,8db1b36dde268ef6,2025-11-16T00:00:00.000000Z,dea5a50c8bae94ba75a544852dfb0322a020c9f09ad493e76b97fb6b4c0e0ea5,0,pass,0.0,0.0,0.7644406660589427,0.28558947267059226,0.0
1,83897ef9b40ae119529290fa117899f9c9a267f4a1ec81c9c2dc3d81385ec0f5,disabled_paper_only_no_execution,True,5cef7930d1db7fc7001ba117b7c92d804c537adaa8ff2aef16276124f765b48a,capture_0804c9c0d9451ee17fb4100a90af8ed0284b117e11ee32905730f50bccfe50dc,matchup_90d2e256985888a3c70bf9998274a82d62ed3d4e9d4675be1182f6f728574a82,292b83afa418635f,8db1b36dde268ef6,2025-11-16T00:00:00.000000Z,dea5a50c8bae94ba75a544852dfb0322a020c9f09ad493e76b97fb6b4c0e0ea5,0,pass,0.0,0.0,0.4216213422414436,0.11834811929882415,1.0
1,8bc0189b911f4f58a1a5b3f01a5f6e256f5845f1d77791cdec1e98aa5e2ff4fd,disabled_paper_only_no_execution,True,56fa6296655acbd33ede67c7520c5d671b6d07d4b5e6c1123f0c739e69df662e,capture_0804c9c0d9451ee17fb4100a90af8ed0284b117e11ee32905730f50bccfe50dc,matchup_47333bd8ac8e2381307d0b15cea9b5bdb4263447c38c3531257f3ad2a4c58750,7606f6b6c19f2d73,8db1b36dde268ef6,2025-11-16T00:00:00.000000Z,dea5a50c8bae94ba75a544852dfb0322a020c9f09ad493e76b97fb6b4c0e0ea5,1,pass,0.0,0.0,0.67843089659881,0.24264239510452548,1.0
1,8eafeb3cc337684b22d7719cedebdcd8fd369869c9834f34fd9feb72a1c1bd13,disabled_paper_only_no_execution,True,0b0ba10a63f4a2affc22d1edfb0f7f102cc46d157c39a00035fe6c0657aed6a6,capture_0804c9c0d9451ee17fb4100a90af8ed0284b117e11ee32905730f50bccfe50dc,matchup_81339871e544814b870ef0a5981bb5e1dcb1e40dfd93fd7b969e48a1c6df7678,9bbdc2a2ab334541,8db1b36dde268ef6,2025-11-16T00:00:00.000000Z,dea5a50c8bae94ba75a544852dfb0322a020c9f09ad493e76b97fb6b4c0e0ea5,0,pass,0.0,0.0,0.2866608332918113,0.062117426946424824,1.0
1,bb777d7a9d3e869792cc9f81261c8b3e5c9c6e4593757866e231338ce7726b0e,disabled_paper_only_no_execution,True,c5538eed3ca9ea46b8310cd811e51b0913d3d9ff613dfd9439701b4a7ced191b,capture_0804c9c0d9451ee17fb4100a90af8ed0284b117e11ee32905730f50bccfe50dc,matchup_994878aa8b26f0f86611320a1e08b13a65a2de5daac6682a50567379d09f2fb8,6c2c6a6e3f4d04db,8db1b36dde268ef6,2025-11-16T00:00:00.000000Z,dea5a50c8bae94ba75a544852dfb0322a020c9f09ad493e76b97fb6b4c0e0ea5,1,pass,0.0,0.0,0.2053947782848962,0.034474917898405635,1.0
1,1f8a5786ee62bd8396da080de04cc1a9ad7881a3da59f4bc9942ddac51833ab1,disabled_paper_only_no_execution,True,c990491824e6d71ff57f7818138ad4812084f77834d1bb500c935df47e51526c,capture_bda0c3cd30e2647035bc20d37b6dbeecb493207f294bf7f9fc7bac4977aae6df,matchup_cebabcff5decc9b4ecfe63fef24084e2b95906de410523b32eee38370f1f8b75,b2218930b982d9b6,92c96df8bdab5fea,2025-11-23T00:00:00.000000Z,dea5a50c8bae94ba75a544852dfb0322a020c9f09ad493e76b97fb6b4c0e0ea5,1,pass,0.0,0.0,0.38773536494687766,0.10330316757620121,1.0
1,3427d479348444261ed6decf3adb3b5c2ec745f102b6497e41cf6d33a57c2de6,disabled_paper_only_no_execution,True,4d57323d0e024988481fe6f104dfe815bf922daf007e72648fb969d512f1df83,capture_bda0c3cd30e2647035bc20d37b6dbeecb493207f294bf7f9fc7bac4977aae6df,matchup_ddae0ca15ff359f1a9539ccb4c0697f26f257ceff12f91a470539aaf8865d933,5f5b626e67529056,92c96df8bdab5fea,2025-11-23T00:00:00.000000Z,dea5a50c8bae94ba75a544852dfb0322a020c9f09ad493e76b97fb6b4c0e0ea5,0,pass,0.0,0.0,0.22170780928481817,0.0395415537388929,1.0
1,38ebc2d4149a877bc36f8aeda26e8990d2f454a04942fbaceaa543a745d4f7ed,disabled_paper_only_no_execution,True,ff8c50baf8b5b7dd269c9ba4624d5ae9e81687634536ea5d381bb572701111c9,capture_bda0c3cd30e2647035bc20d37b6dbeecb493207f294bf7f9fc7bac4977aae6df,matchup_4e75fab35028cdd8079eb7b05f5ca0ae4758a1e13599e7486083d02c77a17b1b,8ed609d80e135d94,92c96df8bdab5fea,2025-11-23T00:00:00.000000Z,dea5a50c8bae94ba75a544852dfb0322a020c9f09ad493e76b97fb6b4c0e0ea5,0,pass,0.0,0.0,0.35687803810320323,0.09008531109478696,1.0
1,612459b99dc3108f182249ff5e039b3b1a068729b20320536d62f47e7dfdff98,disabled_paper_only_no_execution,True,1d8ce1e792084335e5a3fd4a6cbe23b74765ffcef39229477ea419455a84fb08,capture_bda0c3cd30e2647035bc20d37b6dbeecb493207f294bf7f9fc7bac4977aae6df,matchup_82ca9324c7a574fc502d887b603e1621705754bffcea45f49cfd2431f2670d0c,6f0231915cc28507,92c96df8bdab5fea,2025-11-23T00:00:00.000000Z,dea5a50c8bae94ba75a544852dfb0322a020c9f09ad493e76b97fb6b4c0e0ea5,1,pass,0.0,0.0,0.6424330960013336,0.22466554324225171,1.0
1,77ece5bb5a74a47e006db2ea28c050c8b458459872c3c699c35663c8594c1e05,disabled_paper_only_no_execution,True,4ebdebfeb60777c15b97fae563f112ca2d63819ab1e9c1f2f6ff8755a9a8e89c,capture_bda0c3cd30e2647035bc20d37b6dbeecb493207f294bf7f9fc7bac4977aae6df,matchup_e20eca1088afecb0bce997042227feaae1c9d4e2b2acbca02ad4a6198a475a1a,00ee51bba08b7a08,92c96df8bdab5fea,2025-11-23T00:00:00.000000Z,dea5a50c8bae94ba75a544852dfb0322a020c9f09ad493e76b97fb6b4c0e0ea5,1,pass,0.0,0.0,0.9734298031962738,0.3871514004212661,0.0
1,ad1c7f834e4760f8def02a54e0a72f6f8f27614d4861574865f546da78962563,disabled_paper_only_no_execution,True,1d20b9f1abecf755ce507db0d51d10ebf30f732b9b32659b934ae73f56297c05,capture_bda0c3cd30e2647035bc20d37b6dbeecb493207f294bf7f9fc7bac4977aae6df,matchup_f1f7e5c57721422496ceda3b3d7e4eaa4d8edfb3c73c3c2fa65d91c22e44ba3f,335064c3380e2f10,92c96df8bdab5fea,2025-11-23T00:00:00.000000Z,dea5a50c8bae94ba75a544852dfb0322a020c9f09ad493e76b97fb6b4c0e0ea5,1,pass,0.0,0.0,0.5988999069821634,0.2030262004554835,1.0
1,db48a238eec35ea4d3309da89481f19357b850c26e6706dbdcd59185b786b114,disabled_paper_only_no_execution,True,1ba90a47bb2c86d54f3e41c617430c4b9b4c9680f967b0d16a7309ee5bf94d09,capture_bda0c3cd30e2647035bc20d37b6dbeecb493207f294bf7f9fc7bac4977aae6df,matchup_7c94d23031724b35ef7de8c16bfb78753ba1842ec1b87397d8a74105557d666d,443f30a4a856584a,92c96df8bdab5fea,2025-11-23T00:00:00.000000Z,dea5a50c8bae94ba75a544852dfb0322a020c9f09ad493e76b97fb6b4c0e0ea5,1,pass,0.0,0.0,0.43740243320964944,0.12552032468310578,1.0
1,e759f29c8169021db82fe978653c8b313dfa2402d706fcddb3631c2efd14bd87,disabled_paper_only_no_execution,True,05804dfc348d9f9a3c357f6d76b219db365163d80fd460c4cd2be1985b261f18,capture_bda0c3cd30e2647035bc20d37b6dbeecb493207f294bf7f9fc7bac4977aae6df,matchup_df35ef7c47b7c413e117581b022de5740148b5b57adf3574d845aaaee506f747,870d374f8d9af65a,92c96df8bdab5fea,2025-11-23T00:00:00.000000Z,dea5a50c8bae94ba75a544852dfb0322a020c9f09ad493e76b97fb6b4c0e0ea5,1,pass,0.0,0.0,0.4305697657950126,0.12240302547746629,1.0
1,0684438860bdd7f7a51e734d6e519a3f902d9fc8db85890c18e944b619b64d30,disabled_paper_only_no_execution,True,cdc04e5c5879216f694de0ce73f74eec8116a281a086dbd43c9bbebfa4f9f734,capture_4959f3bd5995cbac3491a376c8e0f308456f89e13082ccf4e7c2f535b506a222,matchup_1d70d22fddfd8f8bd668cb973a0cd8603c3b6b9feaf19d8dfd0179e0c25c3fd8,964ea1777695851b,bd92cf5da5413d2a,2025-12-07T00:00:00.000000Z,dea5a50c8bae94ba75a544852dfb0322a020c9f09ad493e76b97fb6b4c0e0ea5,0,paper_loss,1.0,-1.0,0.1515903959396045,0.01978517992760589,1.0
1,10aabf7716f27898fe371ecbe58f5831d30d1a77094d1c374c8da0ed07f92d93,disabled_paper_only_no_execution,True,212ea8b399453eed87565a306ffcac0caefe9486acb0e9605a0908d414eb63cf,capture_4959f3bd5995cbac3491a376c8e0f308456f89e13082ccf4e7c2f535b506a222,matchup_7f1dbd20047f716e34c59cecd8a8a87ebab725254e289b3d5fb2cbb8ca3330cc,7af407397532f7cf,bd92cf5da5413d2a,2025-12-07T00:00:00.000000Z,dea5a50c8bae94ba75a544852dfb0322a020c9f09ad493e76b97fb6b4c0e0ea5,1,paper_loss,1.0,-1.0,0.39371174728895114,0.10591869926198672,1.0
1,201f8058c34ab8264a8c34defdd915601183433010a7c1bfa766a3f1bfc767a1,disabled_paper_only_no_execution,True,eb39f18d601125e6f44ca31abd744d681337e315bbb1e1fb8e200b01ab3852d9,capture_4959f3bd5995cbac3491a376c8e0f308456f89e13082ccf4e7c2f535b506a222,matchup_fc3a4944087f3be7151c987040f07b9d59e6db84735f2fbfd3964ff21e661ff6,3c683da1924b6c44,bd92cf5da5413d2a,2025-12-07T00:00:00.000000Z,dea5a50c8bae94ba75a544852dfb0322a020c9f09ad493e76b97fb6b4c0e0ea5,1,pass,0.0,0.0,0.6677421257766829,0.23730025810992933,1.0
1,2599f771e93f9eca16a1235bb4a5f7fcbf938a65f280bfcb58d788bbab47f8d9,disabled_paper_only_no_execution,True,54d2dba27ffdca7caa22196434ec041034c3da00fab00a8089323bdf9a0949f3,capture_4959f3bd5995cbac3491a376c8e0f308456f89e13082ccf4e7c2f535b506a222,matchup_2ea51314f0483013e22c46cdaf0786d9e08d14f76bd2c9f5a532ee8758f51f5f,10a57b983e59f727,bd92cf5da5413d2a,2025-12-07T00:00:00.000000Z,dea5a50c8bae94ba75a544852dfb0322a020c9f09ad493e76b97fb6b4c0e0ea5,1,pass,0.0,0.0,0.5168320297708788,0.1628873436846157,1.0
1,337bc9e9d554e6eb2006f6dd0bc9898bc294bb30ca0917871edb3b9ff5f0f91f,disabled_paper_only_no_execution,True,8f60bc5c2a6181fd9d169c5d57b03b1ce65b295a264e224f4f8fc3431362ed8c,capture_4959f3bd5995cbac3491a376c8e0f308456f89e13082ccf4e7c2f535b506a222,matchup_4b5cc4aa79d2fae8adaa3231632c21906a5a445d24a879338d899d2758022666,1dc29f4c6fcdd356,bd92cf5da5413d2a,2025-12-07T00:00:00.000000Z,dea5a50c8bae94ba75a544852dfb0322a020c9f09ad493e76b97fb6b4c0e0ea5,0,pass,0.0,0.0,0.3240950742890373,0.0766284912732917,1.0
1,3835ca7092e67ef2aa854dc9d283a6bdec5e0efd215b5517037db744a7d19ee5,disabled_paper_only_no_execution,True,a765d34f1de00490bb3bf2626dbbee9b584fb90e778c61c1d667abf61d889099,capture_4959f3bd5995cbac3491a376c8e0f308456f89e13082ccf4e7c2f535b506a222,matchup_a1001e7bbcf3823e74b3f5c7f3ddbe7a3294899ba8ecc5d49ed04c05ff5f0988,dfa692db6d39330c,bd92cf5da5413d2a,2025-12-07T00:00:00.000000Z,dea5a50c8bae94ba75a544852dfb0322a020c9f09ad493e76b97fb6b4c0e0ea5,1,paper_win,1.0,2.05,1.0099682836145858,0.4042028171222354,0.0
1,4f04aee6b79bf029864c904df6b854017dd734a52a8a032b5e22e5af9d585772,disabled_paper_only_no_execution,True,c089f2ed8f2d71c645773d1f643aa1868bcf613fcd14919313f852804ab61220,capture_4959f3bd5995cbac3491a376c8e0f308456f89e13082ccf4e7c2f535b506a222,matchup_f283abb35e83260922a3417f6e8db468ae7e7c2a31f50866afa2246581159704,4a0db214d9721d6e,bd92cf5da5413d2a,2025-12-07T00:00:00.000000Z,dea5a50c8bae94ba75a544852dfb0322a020c9f09ad493e76b97fb6b4c0e0ea5,0,paper_win,1.0,3.6,1.4384451959322058,0.5817167487329576,0.0
1,6ea79b8ad16a6593931cc0f2c69ec64e92c7787b83a868a17e14baf9e132ce9b,disabled_paper_only_no_execution,True,ebca75b2f1d36f8aa6a254eccdae66431ecb4aecc28f5be5aff1c70f59c5dd8e,capture_4959f3bd5995cbac3491a376c8e0f308456f89e13082ccf4e7c2f535b506a222,matchup_2ca6c81bf62ebbd8d1773eab9c8d2e698d804d44ef559dad036b4422e8d48a72,b3d2ac2244e4f791,bd92cf5da5413d2a,2025-12-07T00:00:00.000000Z,dea5a50c8bae94ba75a544852dfb0322a020c9f09ad493e76b97fb6b4c0e0ea5,0,pass,0.0,0.0,0.5370238391555793,0.17265255872283997,1.0
1,8b55833d614b6d641e6201ed673721e13c00ad031f97e6154930562ebdb8ea04,disabled_paper_only_no_execution,True,07ab11686dadb5ed3408fec40bb0cd5d23d3bc586a5e499c067b4721ba00fb36,capture_4959f3bd5995cbac3491a376c8e0f308456f89e13082ccf4e7c2f535b506a222,matchup_76de007f2474b457eed62f6c897bbd4332bcf1b9006f50c7d6a727e37df0b70b,40fa4f8b4b93884e,bd92cf5da5413d2a,2025-12-07T00:00:00.000000Z,dea5a50c8bae94ba75a544852dfb0322a020c9f09ad493e76b97fb6b4c0e0ea5,1,pass,0.0,0.0,0.3743044257759606,0.09748913043456123,1.0
1,93ff17c5926f425b72b9a819d4a1563aa6e0996472fa131c86a6989715a1f00b,disabled_paper_only_no_execution,True,9f3f96064c5455ef91303ace88184d303626eb81fdd431119304ee152220052d,capture_4959f3bd5995cbac3491a376c8e0f308456f89e13082ccf4e7c2f535b506a222,matchup_bf0551008905cb808c3a90c6a4c0c0e86db995a786e410a001c6310e304f2d62,fbbb9e72900b71f5,bd92cf5da5413d2a,2025-12-07T00:00:00.000000Z,dea5a50c8bae94ba75a544852dfb0322a020c9f09ad493e76b97fb6b4c0e0ea5,1,pass,0.0,0.0,0.5465929226917952,0.17730931344293313,1.0
1,eb8a91048c855cedbc101f55a6a25b54ca5669a16324399edda04dc5c59a2fb6,disabled_paper_only_no_execution,True,597c1638005c8adabbae21ee3ffc7deba535e52f50a7cf1511ba9ad1276dd35b,capture_4959f3bd5995cbac3491a376c8e0f308456f89e13082ccf4e7c2f535b506a222,matchup_ba601cd2c09c8cf1f64691640137a0e2f3e8abb65994c2c60ed89a8564e76f24,2417cc7bc1eea75b,bd92cf5da5413d2a,2025-12-07T00:00:00.000000Z,dea5a50c8bae94ba75a544852dfb0322a020c9f09ad493e76b97fb6b4c0e0ea5,1,paper_loss,1.0,-1.0,0.5228891475253519,0.1658074672746217,1.0
1,fb9fc085f6a0a9219159ccba716dc96446cfc25e2351a2975343a839b16e13ed,disabled_paper_only_no_execution,True,b65a49c6ec625c5f576d2f9e16d4d47d20d7ab5af1647325377932f17a4554c0,capture_4959f3bd5995cbac3491a376c8e0f308456f89e13082ccf4e7c2f535b506a222,matchup_8ca2927ff6ebc284dccda970fb1ccaeb75f11d50ce866b157573f13901bcd4ef,c797b58d85c840a4,bd92cf5da5413d2a,2025-12-07T00:00:00.000000Z,dea5a50c8bae94ba75a544852dfb0322a020c9f09ad493e76b97fb6b4c0e0ea5,1,pass,0.0,0.0,0.9863672605745955,0.39321805521998837,0.0
1,75f23a8cccc557bbd9d8b9cea594be4f1098cef77ee6869f6d0bb6ae38206153,disabled_paper_only_no_execution,True,7208a54569131d8f0a35572dfe666282b5dce7505d5301812f9afb329d330dc0,capture_89bec47eab0330396cfa2ce1e0d2414414f8ae048d521b627fd57208ff38a661,matchup_41cc17f1ebc3835c055106a71107b7719c9e00ee9da9f74e13de01c54c14330c,71170fb7ade3e1f4,bc0f994de0521926,2025-12-14T00:00:00.000000Z,dea5a50c8bae94ba75a544852dfb0322a020c9f09ad493e76b97fb6b4c0e0ea5,0,paper_loss,1.0,-1.0,0.9879600101961992,0.39396275295813854,0.0
1,a49f1ad3e133d104b4dd12d46730f2bbae253b3ff1d888897e063c046c51ee35,disabled_paper_only_no_execution,True,51b43e6fb3d974801eb8bd4c624ef4c48c3526014c23d2df362784c4e6bde6ad,capture_89bec47eab0330396cfa2ce1e0d2414414f8ae048d521b627fd57208ff38a661,matchup_a2ae5689a6c9515bb6480610672349259976e3cb21e927aeac96e45cf0604783,24bb03f0a3415fbe,bc0f994de0521926,2025-12-14T00:00:00.000000Z,dea5a50c8bae94ba75a544852dfb0322a020c9f09ad493e76b97fb6b4c0e0ea5,1,pass,0.0,0.0,0.33970159363465546,0.08295393557693434,1.0
1,cdf7c4bb46830f0a2d4f6f646b40e2cc0ff515cd6882137af32f8720f3230fe1,disabled_paper_only_no_execution,True,b1e8569d13e526b85d0a7af5590d74bcd8c8534610bcf7187678d7f791d20b9d,capture_89bec47eab0330396cfa2ce1e0d2414414f8ae048d521b627fd57208ff38a661,matchup_cee6c26875fef04fc70838b9e191c903ac807590244ea1f087b77951eb18585c,a5a81a39ccf9b680,bc0f994de0521926,2025-12-14T00:00:00.000000Z,dea5a50c8bae94ba75a544852dfb0322a020c9f09ad493e76b97fb6b4c0e0ea5,1,paper_loss,1.0,-1.0,0.40621916179164197,0.1114463722777056,1.0
1,ee0377897cb76b4cecc9ac2418a4eafa6c6b49f03d0a484c05b07685531b979b,disabled_paper_only_no_execution,True,1a0ffbed45492a0465258074eadbff97f503c3080bbd8c0925d4d72b5e07d000,capture_89bec47eab0330396cfa2ce1e0d2414414f8ae048d521b627fd57208ff38a661,matchup_9d9d0b4a592b2ef3e71aa455eb79ee4c33759a588a10857440f3d91bababd6cf,93ca562453f65b8d,bc0f994de0521926,2025-12-14T00:00:00.000000Z,dea5a50c8bae94ba75a544852dfb0322a020c9f09ad493e76b97fb6b4c0e0ea5,1,pass,0.0,0.0,0.7355518515295832,0.27119002340728277,0.0
1,5418758968321c3b74cd65e3f0cabe31fe8d49f65f440db72256822ab228dd78,disabled_paper_only_no_execution,True,51412f9383dd61f51dfa700a5650ed9603da593320904848aebbbe9a234f0275,capture_de51661119e0e2a4560c4b9a870e55d31f58eaac9b51954f4a8c34089d90f430,matchup_69fe0b9823107a77d60f2348982e060fae920548a788347155efa9adfa881384,6c9f4799990c3c33,00e11b5c8b7bfeeb,2026-01-25T00:00:00.000000Z,dea5a50c8bae94ba75a544852dfb0322a020c9f09ad493e76b97fb6b4c0e0ea5,1,paper_loss,1.0,-1.0,0.1188421640155977,0.012555664186246587,1.0
1,583fe6ed2c7384d373dd2a9b2fedda032b9fc4da455d149ae599f874699da187,disabled_paper_only_no_execution,True,d114ed5296995985c0fbc5e3e9d9d81b29f4ec7d3459ec285a061761fd02ac71,capture_de51661119e0e2a4560c4b9a870e55d31f58eaac9b51954f4a8c34089d90f430,matchup_a179a65d9d13e5308a54ebb64a4290a56ffe5a8ba2692049d9349a0e1645b17d,fa4b3f5ce8055921,00e11b5c8b7bfeeb,2026-01-25T00:00:00.000000Z,dea5a50c8bae94ba75a544852dfb0322a020c9f09ad493e76b97fb6b4c0e0ea5,0,pass,0.0,0.0,1.1911821084010805,0.48460831827826684,0.0
1,60e42cfba9f8de20cc35a33b88f8a09aed59f482a7c891f383d6907b0942694a,disabled_paper_only_no_execution,True,7bc68d99c2ee074dc9e4d8ae1b382464fde652c65572a600603bef4652516a5d,capture_de51661119e0e2a4560c4b9a870e55d31f58eaac9b51954f4a8c34089d90f430,matchup_c5b5bcf22ae3dd399002b7890bd7f04ce04709e448be5415e4257134f76cef62,b5aafe149bec4306,00e11b5c8b7bfeeb,2026-01-25T00:00:00.000000Z,dea5a50c8bae94ba75a544852dfb0322a020c9f09ad493e76b97fb6b4c0e0ea5,0,pass,0.0,0.0,1.0096788530523078,0.4040687639062438,0.0
1,6dcec613a61f0db81efb70b0041d629b3fc78986e6b42c7aab1dcbcace680b49,disabled_paper_only_no_execution,True,63cdbe9a83f298810a2e88b654f2794e3dcbec6991f2991f70763ee5b73803a8,capture_de51661119e0e2a4560c4b9a870e55d31f58eaac9b51954f4a8c34089d90f430,matchup_f0452354d4a3d5c13963de67b40f7fac0b34f706302b7d7b6dbbc4ae1062218f,abfb3ed6dcb0e1f0,00e11b5c8b7bfeeb,2026-01-25T00:00:00.000000Z,dea5a50c8bae94ba75a544852dfb0322a020c9f09ad493e76b97fb6b4c0e0ea5,1,paper_loss,1.0,-1.0,0.42734580576226044,0.12093843258483816,1.0
1,84b48fc4cbb1c5d2931d175be355ab8d93d9e9a4da2cec9d6b79d09476d660fc,disabled_paper_only_no_execution,True,365e1012d8d71682528aea4426137e914d55a7ad954e968575584835039befcf,capture_de51661119e0e2a4560c4b9a870e55d31f58eaac9b51954f4a8c34089d90f430,matchup_08a1619808820baffb33e984b39f18599b79ec747afe18175ad42fe6e84cd6df,33be2456161c14c3,00e11b5c8b7bfeeb,2026-01-25T00:00:00.000000Z,dea5a50c8bae94ba75a544852dfb0322a020c9f09ad493e76b97fb6b4c0e0ea5,0,paper_loss,1.0,-1.0,0.16871275310797598,0.02410209029773269,1.0
1,8b6b15740afcff0a35312576408231e502f5bb84a0fb514276f275399a2a9f06,disabled_paper_only_no_execution,True,4ed9ab491882c30dc8cd6d686a0c9bf9c51d3a45281e97952599ad6b2bdae0cd,capture_de51661119e0e2a4560c4b9a870e55d31f58eaac9b51954f4a8c34089d90f430,matchup_0caca7666fa16c098af9a26300f2e0f544fe2495971df34bd428823bb6d3972e,836a188a90e479a5,00e11b5c8b7bfeeb,2026-01-25T00:00:00.000000Z,dea5a50c8bae94ba75a544852dfb0322a020c9f09ad493e76b97fb6b4c0e0ea5,0,paper_loss,1.0,-1.0,0.3811348574092549,0.10043463283261793,1.0
1,b3d18f36bfb7d9142270dc7d042e530cb66d9d225be85f9915bfbc1b7b23f365,disabled_paper_only_no_execution,True,5e49201edf15ecfecfb5531b08e10278b3320b0ff4ebda6c3aa6ac7b57d06cc9,capture_de51661119e0e2a4560c4b9a870e55d31f58eaac9b51954f4a8c34089d90f430,matchup_94d286b571568953adec710a34e7b8965aff87981ac16ec252fc2378dfdca9c1,780cab0cd07589e4,00e11b5c8b7bfeeb,2026-01-25T00:00:00.000000Z,dea5a50c8bae94ba75a544852dfb0322a020c9f09ad493e76b97fb6b4c0e0ea5,1,pass,0.0,0.0,0.9078666638811058,0.3559508183655182,0.0
1,c422f1b4fcae429fe8ed8cad4faf1326c261c5e3037e43abd6830de3091ed46c,disabled_paper_only_no_execution,True,8aeaad38cedbd89265b7e60e52c4edca817198a59d405835775e60a4b30dbd6a,capture_de51661119e0e2a4560c4b9a870e55d31f58eaac9b51954f4a8c34089d90f430,matchup_b1b38577ccbbbccd4cacdc86ff9e6c391509abae403a0ccbf349b0f66e344b1c,007e8e0d4a39d82c,00e11b5c8b7bfeeb,2026-01-25T00:00:00.000000Z,dea5a50c8bae94ba75a544852dfb0322a020c9f09ad493e76b97fb6b4c0e0ea5,1,pass,0.0,0.0,0.4711286462609886,0.14115254904115518,1.0
1,c54f3fa1974e35faff1f238b48f59136d04cf57d994d1193fe4110f624514cbc,disabled_paper_only_no_execution,True,824a0aab7354560368ac7865537e6b27892ab5d8e62554737197ffd8593ade59,capture_de51661119e0e2a4560c4b9a870e55d31f58eaac9b51954f4a8c34089d90f430,matchup_9055cef8a17242a6846d11182a9fa5dc512cbae6c4777f767fcfd63095c9c959,d63c9aa4f4873001,00e11b5c8b7bfeeb,2026-01-25T00:00:00.000000Z,dea5a50c8bae94ba75a544852dfb0322a020c9f09ad493e76b97fb6b4c0e0ea5,1,paper_loss,1.0,-1.0,0.2716878751053295,0.05660017274348416,1.0
1,d7dae9ede6d121ce0c8aa58fb4b15fdda34ff943bd9b2a8df3cf19502118f184,disabled_paper_only_no_execution,True,8aeff0b21fa30d09fc4bb7b20f3211b18890cdc18ad02f5da9d2ab297514a904,capture_de51661119e0e2a4560c4b9a870e55d31f58eaac9b51954f4a8c34089d90f430,matchup_0dc3b8497cf0bd3ecf1e0f76ce063c929058701b042f8960239f4cdfe0f8455a,d93ee3860196c4ae,00e11b5c8b7bfeeb,2026-01-25T00:00:00.000000Z,dea5a50c8bae94ba75a544852dfb0322a020c9f09ad493e76b97fb6b4c0e0ea5,0,pass,0.0,0.0,0.2944026722260739,0.06503701120112446,1.0
1,4c1d63eceec0870ddc470dd0b49db2a39fd5468c88957c6a05523dbce1834cb0,disabled_paper_only_no_execution,True,96a922e050f11f767059d247b03689894ea505f96b2235b161f60a6bde3b3330,capture_bfc0c20a86d58460129598039e0284e7354ed33deb9bdd086382fb4dc9e5e76f,matchup_60acb73033177f536d27557a9105bbc22b65736fcc564dd126f3ddf76ab90f2f,81f3d28d30d17378,0cfbbfa0ba6d9855,2026-03-01T00:00:00.000000Z,dea5a50c8bae94ba75a544852dfb0322a020c9f09ad493e76b97fb6b4c0e0ea5,0,pass,0.0,0.0,1.6343968647024925,0.6479123219292585,0.0
1,4c65ffe5d34fe76ea1df9545f007a7270b6c6df00f25ed0f3a4181b231eaef5e,disabled_paper_only_no_execution,True,412b8af7340d3582b2aff75b1d8096b655892efdf9387f2eebddf7b9d21bdace,capture_bfc0c20a86d58460129598039e0284e7354ed33deb9bdd086382fb4dc9e5e76f,matchup_dd6aa4a4d699600727d1deb47d60cbf77a9fb4374c85fb76135e64fb02cea7ec,1330b5c21269fe92,0cfbbfa0ba6d9855,2026-03-01T00:00:00.000000Z,dea5a50c8bae94ba75a544852dfb0322a020c9f09ad493e76b97fb6b4c0e0ea5,0,paper_win,1.0,1.88,0.9508637242640496,0.376496210034691,0.0
1,5634dbf619995eb259fe278bcc8d06a267147b73805ec1e13304b52e7a843b27,disabled_paper_only_no_execution,True,76b6641167c421fb591066725433a9e0e2a56c89bad6c02b7b80db0c6225ec80,capture_bfc0c20a86d58460129598039e0284e7354ed33deb9bdd086382fb4dc9e5e76f,matchup_2a5ed0a4da75de3f041f3f22bd9c38f3fc783429d75e39964941aebd4c6b2bd3,36d12b31957e94db,0cfbbfa0ba6d9855,2026-03-01T00:00:00.000000Z,dea5a50c8bae94ba75a544852dfb0322a020c9f09ad493e76b97fb6b4c0e0ea5,0,pass,0.0,0.0,0.33818949188231645,0.08233447408374048,1.0
1,74e337ab000f9abe03b528b32f1c7db62d659eeee2699fa0088991401b349dfb,disabled_paper_only_no_execution,True,def5257f562921b817f8a0521f93be4d342b42697d4f22300d092dda823494b9,capture_bfc0c20a86d58460129598039e0284e7354ed33deb9bdd086382fb4dc9e5e76f,matchup_11015d78207ac55e5ade77eb96f1a90653c58d11664c424ff959730c31a09ec4,c40b934d2666e351,0cfbbfa0ba6d9855,2026-03-01T00:00:00.000000Z,dea5a50c8bae94ba75a544852dfb0322a020c9f09ad493e76b97fb6b4c0e0ea5,1,pass,0.0,0.0,0.44887996197152613,0.1307959885411795,1.0
1,933a48b207ded8d76be82efabd6ca2ec89eff4015c1bee8b52685a443c508adf,disabled_paper_only_no_execution,True,ca9e990ab447fbde5f15e9993f670ed18693d45bb65103ba63b3fb896ac9c42b,capture_bfc0c20a86d58460129598039e0284e7354ed33deb9bdd086382fb4dc9e5e76f,matchup_472383687a177c2d129abf783894c6bb0ec3f7e0d30a809ee7897382bdbc5156,7df505d8260ba680,0cfbbfa0ba6d9855,2026-03-01T00:00:00.000000Z,dea5a50c8bae94ba75a544852dfb0322a020c9f09ad493e76b97fb6b4c0e0ea5,0,paper_loss,1.0,-1.0,0.33462484731890013,0.08087966415158754,1.0
1,a0ef64652bb8ca9416788ebd977302f7cefbbd5bb79c7b39623bdd77f50937a2,disabled_paper_only_no_execution,True,32ce1582c3f3231caa5f5e13eeeaf247baefd3a80b97a32df97f6d7a8d269431,capture_bfc0c20a86d58460129598039e0284e7354ed33deb9bdd086382fb4dc9e5e76f,matchup_7dcec4eec6805d7bb2ae18054f84d658576e8595a601f90b2991fbbbf5c29d30,3b76a00f5d0400eb,0cfbbfa0ba6d9855,2026-03-01T00:00:00.000000Z,dea5a50c8bae94ba75a544852dfb0322a020c9f09ad493e76b97fb6b4c0e0ea5,0,pass,0.0,0.0,0.20798608751001935,0.03526195310446214,1.0
1,b420038c1122205b8c8857026ae294d7baa16b014251ce1115bfd7f95d14c2d2,disabled_paper_only_no_execution,True,d8d5d7642ffc6733cda2d2377a4b5bcc003a5d9e0c34f5fcb85bc1ff24b5bb05,capture_bfc0c20a86d58460129598039e0284e7354ed33deb9bdd086382fb4dc9e5e76f,matchup_d3eb46c07412c746ad1a9e07fc5f88eec6aea708a3990a025a9cd1a296280bc8,581292ffe5b09344,0cfbbfa0ba6d9855,2026-03-01T00:00:00.000000Z,dea5a50c8bae94ba75a544852dfb0322a020c9f09ad493e76b97fb6b4c0e0ea5,0,paper_loss,1.0,-1.0,0.1912717760484059,0.03030799117477872,1.0
1,f007ea8e72cb42f65b4bccbf5b8912d0f5938c181d366861e079963f644cb25b,disabled_paper_only_no_execution,True,0a218f9c59c79234807ad86cd01570a72d1bba6a7334f5e15ad0612c163e848e,capture_bfc0c20a86d58460129598039e0284e7354ed33deb9bdd086382fb4dc9e5e76f,matchup_f559aa4de5a6ee173e66b13383b588f184ac688a1f2a7f2536496f1b6eee711f,25ab195cefbce1d0,0cfbbfa0ba6d9855,2026-03-01T00:00:00.000000Z,dea5a50c8bae94ba75a544852dfb0322a020c9f09ad493e76b97fb6b4c0e0ea5,1,paper_loss,1.0,-1.0,0.1967512188901141,0.0318997619406611,1.0
1,22331bd4f7d9f6c7092def66180c7b4676be76e9e5594fa4afd7d4415e29791e,disabled_paper_only_no_execution,True,c56e7bc83e23e66a77f9d9a7d52149a6b20e23893c42bf1d6d98243c8c221692,capture_554c9c3ce26e67ce524faa69dae40d4dcc3b14318fa0b321ee829dd11e8717af,matchup_9a85a3be715267ebc2aee0947572d3fbcbb0137b25fef24730cceaf11673aa2f,f661ef429055f8c1,15ec018d144710db,2026-03-08T00:00:00.000000Z,dea5a50c8bae94ba75a544852dfb0322a020c9f09ad493e76b97fb6b4c0e0ea5,1,pass,0.0,0.0,0.4829384980317155,0.1467136915638737,1.0
1,3bf605dc3c7940dbb321e1c1199957bb9334b37129f601a84e8eaeb125727854,disabled_paper_only_no_execution,True,ee98a1cfa98f1285be5c7632f8c7f7950e8decc8dc8687407f29cdc67116fb91,capture_554c9c3ce26e67ce524faa69dae40d4dcc3b14318fa0b321ee829dd11e8717af,matchup_a57444332d277cf01275940e00f9827d475d9235f9b560cdeb52a4fffebe32b9,a22fd3735819d858,15ec018d144710db,2026-03-08T00:00:00.000000Z,dea5a50c8bae94ba75a544852dfb0322a020c9f09ad493e76b97fb6b4c0e0ea5,1,paper_loss,1.0,-1.0,0.48593713059053534,0.14813224617850715,1.0
1,3d5154c69adaff7ad28c52476d7693f200a0d83db36575b13d2a719f0e1b4c2e,disabled_paper_only_no_execution,True,1b7023c7fb814d2b424dd2c7c32a58c62c8449722d8d215f6312ab8c0ddabab3,capture_554c9c3ce26e67ce524faa69dae40d4dcc3b14318fa0b321ee829dd11e8717af,matchup_c0782745fa7bd1cac79b98f93fd85ff4a8775e0d121a98971840ccce1a025d93,6a4738656c493ee9,15ec018d144710db,2026-03-08T00:00:00.000000Z,dea5a50c8bae94ba75a544852dfb0322a020c9f09ad493e76b97fb6b4c0e0ea5,0,paper_loss,1.0,-1.0,0.5124601169206978,0.16078487608109465,1.0
1,3e912be338211b786fc7b210fa81fcc11e9ea5ca992004098df8feb38da18ea2,disabled_paper_only_no_execution,True,1ab88f721d0ea5fa8ec16a190359a18bd56a3890fb70888110834c454f70bd56,capture_554c9c3ce26e67ce524faa69dae40d4dcc3b14318fa0b321ee829dd11e8717af,matchup_312dd0e94ba01c633ff493f0b2dc7dc9f51be5889bade921a24fb2928f866069,ecd16d14a138d7fb,15ec018d144710db,2026-03-08T00:00:00.000000Z,dea5a50c8bae94ba75a544852dfb0322a020c9f09ad493e76b97fb6b4c0e0ea5,0,pass,0.0,0.0,0.957338358588905,0.3795627393473812,0.0
1,7374dbde6e30281a2120d864694d0e6872a87b085dc738f2d4259c6b3848b19b,disabled_paper_only_no_execution,True,f61cf4f9a61465d526363e546ec2ca687d8e6b7b25df3e4bfba873f61ba164ba,capture_554c9c3ce26e67ce524faa69dae40d4dcc3b14318fa0b321ee829dd11e8717af,matchup_f933acea6bb56cdd39a411ff2e53c53c32e976f6caf7c2e5ff3ace9bede10ef3,d564db29997e1371,15ec018d144710db,2026-03-08T00:00:00.000000Z,dea5a50c8bae94ba75a544852dfb0322a020c9f09ad493e76b97fb6b4c0e0ea5,1,paper_loss,1.0,-1.0,0.370929269098207,0.09604250315927754,1.0
1,8e64374a04c76b369e94cedf8fde1a00afa861bf1790a859a725c7a2fc3ac756,disabled_paper_only_no_execution,True,64f324996db4f644a3207db49780df904d95223b4601e6906dbd82f843d757d3,capture_554c9c3ce26e67ce524faa69dae40d4dcc3b14318fa0b321ee829dd11e8717af,matchup_a1e8c49e47bbabbd369b139a2694f98e181bd5c9a6904430b919a365155b1aaf,f030febede41c661,15ec018d144710db,2026-03-08T00:00:00.000000Z,dea5a50c8bae94ba75a544852dfb0322a020c9f09ad493e76b97fb6b4c0e0ea5,1,pass,0.0,0.0,1.0547529006509642,0.4247409447677426,0.0
1,9256bce9dd3bc450c0433967541db35dfa4ea87ecc908ef8cdc623d1fca1e426,disabled_paper_only_no_execution,True,abc4c7d6828474a049d99804374f3f5da62348b837d3beeca9b220bc0f546c04,capture_554c9c3ce26e67ce524faa69dae40d4dcc3b14318fa0b321ee829dd11e8717af,matchup_ff86fda3f569511fb2878b60e6abdc6642ca0cb0f3c409df7ae8e306a9c86469,f02c0adc4ae629c6,15ec018d144710db,2026-03-08T00:00:00.000000Z,dea5a50c8bae94ba75a544852dfb0322a020c9f09ad493e76b97fb6b4c0e0ea5,0,pass,0.0,0.0,0.7892295659828277,0.29790354833638966,0.0
1,984154e38ac93ce44e0831cdee59dc91856a4654f5bfec3d2f229d5129d4fd9a,disabled_paper_only_no_execution,True,5984231a4258f9ca2bc5bbaeee3ce4322bb7932ab586a75160fb6a8f3e1e3b33,capture_554c9c3ce26e67ce524faa69dae40d4dcc3b14318fa0b321ee829dd11e8717af,matchup_bbc0ab38f3413cfd5c507bb05b1802338e7f6439f90e011366979c026cbaf99f,9c8d5dbd8905a715,15ec018d144710db,2026-03-08T00:00:00.000000Z,dea5a50c8bae94ba75a544852dfb0322a020c9f09ad493e76b97fb6b4c0e0ea5,1,pass,0.0,0.0,0.1774932762179992,0.0264496131717302,1.0
1,b4a5569063dda92f63193c3d3e48daa7c12bf908d45cb5ca7f2bccf7629d8316,disabled_paper_only_no_execution,True,e1fb44cf7778f13d8049adb3591c0f8d63cbdb76828e9e8448350f0f417972cf,capture_554c9c3ce26e67ce524faa69dae40d4dcc3b14318fa0b321ee829dd11e8717af,matchup_90edf493592563897d4eb835d029ca2431b77a95f42e5902b95d21b7889ff290,bed89a91da9d04c1,15ec018d144710db,2026-03-08T00:00:00.000000Z,dea5a50c8bae94ba75a544852dfb0322a020c9f09ad493e76b97fb6b4c0e0ea5,0,pass,0.0,0.0,0.3468611847138972,0.08590558735701169,1.0
1,259b040a93f8a0f84132bfe9fbd62bea9cf5b1473c39629c24f533000b341907,disabled_paper_only_no_execution,True,b139c24d97fdafefabd3f893a19de299fc97287301154bb410b13556c95a8322,capture_94030170b8fba1a43173ddf3745678b9992ffc0a1ab480fbbebe4f52e6f1f21f,matchup_3a009c9e7676020427f5542be2f8c67a653ee0a22670f3a89c8409306b7ed1a4,3ee578ddd071ad4c,69108cb8b32efe04,2026-03-22T00:00:00.000000Z,dea5a50c8bae94ba75a544852dfb0322a020c9f09ad493e76b97fb6b4c0e0ea5,0,pass,0.0,0.0,0.6293971301901757,0.218170283010107,1.0
1,386fef554153dd1e986565d683d0eeb73be56f512955c5190096b550f4b109ec,disabled_paper_only_no_execution,True,00e1401baa4f948773f18a72a95ac7f7ec0d0550e6251c298090961143e829f0,capture_94030170b8fba1a43173ddf3745678b9992ffc0a1ab480fbbebe4f52e6f1f21f,matchup_1a6d209128619ada83c301d847817ea8b3490c5dfd1972e558b0d1d80af16f03,bfd17ed83ec5b598,69108cb8b32efe04,2026-03-22T00:00:00.000000Z,dea5a50c8bae94ba75a544852dfb0322a020c9f09ad493e76b97fb6b4c0e0ea5,0,pass,0.0,0.0,0.38187128208578375,0.10075361016725463,1.0
1,7465392a1fccfef9f7dded927e7174b6ffcd43b435e9ffa95268b62c5affbfaa,disabled_paper_only_no_execution,True,4de21049bd9296fc329b61e54a5ca9510496ef5841874c0e772cecdd478fec76,capture_94030170b8fba1a43173ddf3745678b9992ffc0a1ab480fbbebe4f52e6f1f21f,matchup_9c99b3aed2e4dd076bc9864f0af016e4e40f8e58f21015e90453cd98b2997601,bbe0f3653de9f6a8,69108cb8b32efe04,2026-03-22T00:00:00.000000Z,dea5a50c8bae94ba75a544852dfb0322a020c9f09ad493e76b97fb6b4c0e0ea5,0,pass,0.0,0.0,0.6251413647860073,0.21605227143199873,1.0
1,a13eb0118352331cf4529e4ae9d14c454e379f8bf5a87b6e491ba46643978654,disabled_paper_only_no_execution,True,5c3e5bebf1634a8b8cd07d2a9e9e75d729be117643db157ee1ce01dd2a3be8ad,capture_94030170b8fba1a43173ddf3745678b9992ffc0a1ab480fbbebe4f52e6f1f21f,matchup_a2dca0cc4e81a060a4bdd5dc1483718d20c076a08a34cb3ad861b2f36672d3f4,43e26b46cbb51985,69108cb8b32efe04,2026-03-22T00:00:00.000000Z,dea5a50c8bae94ba75a544852dfb0322a020c9f09ad493e76b97fb6b4c0e0ea5,1,paper_loss,1.0,-1.0,0.2044481892003145,0.03418912989320666,1.0
1,a25e0e6d8aa6c369d59f8e8a2116c7ec894e0aa2c579d7148c221d1c874c294b,disabled_paper_only_no_execution,True,13979091add6a0e5751705eac20d5bad88a511596609bf932ecf199d23d4331a,capture_94030170b8fba1a43173ddf3745678b9992ffc0a1ab480fbbebe4f52e6f1f21f,matchup_8b0e0924dd9588f1fb6ba3c93d1189a8d1f036938497bd95750fa3f0a9e83f31,346e3897c2ead99a,69108cb8b32efe04,2026-03-22T00:00:00.000000Z,dea5a50c8bae94ba75a544852dfb0322a020c9f09ad493e76b97fb6b4c0e0ea5,0,paper_loss,1.0,-1.0,0.4160287750114028,0.11583043857938537,1.0
1,a457202e906a14b4cb24b00c5ac405f91c7a6aad285bf5b77d280bc22ecac99b,disabled_paper_only_no_execution,True,206f3695b57252a0e74752daf5aae7270e8eb62d676226f33ed06784a2eb8bd7,capture_94030170b8fba1a43173ddf3745678b9992ffc0a1ab480fbbebe4f52e6f1f21f,matchup_00b2f9304fb0b74924444be7c8306779404cb3da757aaff67665c9bc4531c908,fa534aaa5b997a69,69108cb8b32efe04,2026-03-22T00:00:00.000000Z,dea5a50c8bae94ba75a544852dfb0322a020c9f09ad493e76b97fb6b4c0e0ea5,0,pass,0.0,0.0,0.3794688235209935,0.09971400421793536,1.0
1,a791c15d906a0321c59c943c0a371c42aa7266d212608fbba8b3ae4139f43280,disabled_paper_only_no_execution,True,28c8f55db5af89db94f27a4947e0283262358f859f2fb234959e547dbacc1365,capture_94030170b8fba1a43173ddf3745678b9992ffc0a1ab480fbbebe4f52e6f1f21f,matchup_0b0e44291676ef348f67ad802daa128a8a4d39557b832b4e1a1653a7f2b8b558,5ee11b727e89e8ad,69108cb8b32efe04,2026-03-22T00:00:00.000000Z,dea5a50c8bae94ba75a544852dfb0322a020c9f09ad493e76b97fb6b4c0e0ea5,0,paper_loss,1.0,-1.0,0.5369541937892028,0.1726187307407925,1.0
1,eb9fb3ad3b26b07db15c4d9467b4437e36dfa572fffb632171b2fb8e74d31d06,disabled_paper_only_no_execution,True,bd3ac5b7fc1e596c3f1278d6a3725a1b0a334f943d841a98543ba2202c505ec3,capture_94030170b8fba1a43173ddf3745678b9992ffc0a1ab480fbbebe4f52e6f1f21f,matchup_895ad472305fab5964377fba0e1d2be49e433819769e54932af64047bfe5fb0c,562d916f55918901,69108cb8b32efe04,2026-03-22T00:00:00.000000Z,dea5a50c8bae94ba75a544852dfb0322a020c9f09ad493e76b97fb6b4c0e0ea5,0,pass,0.0,0.0,0.24624499963657145,0.047641497044205935,1.0
1,59f93ecd884182e68a428046edbce3f302aa9ee042207c4c70d4275459373aff,disabled_paper_only_no_execution,True,80b8312724081281a93351a45d72c8ea9969c4c7b9c555ff0dd0fe25261a57e3,capture_03df0725c4d27d1d372928719bd028608176f1aaf5ffa2f7a09bf66b82cdff4c,matchup_1e8e249f0030185a81ebd181f925413fbbbe2cbc6b93abb994869ce1cf4d9f9d,9a0ecee6e8ca173f,5c38639f860a5542,2026-03-29T00:00:00.000000Z,dea5a50c8bae94ba75a544852dfb0322a020c9f09ad493e76b97fb6b4c0e0ea5,0,pass,0.0,0.0,0.9662212281816395,0.3837576803332683,0.0
1,6b8bd4b2621c3a15803c7a94a6cf0600c7034725b61b51c2684308ccbf69710f,disabled_paper_only_no_execution,True,6762debf80afd3f4b3504be07c6e5b822d443e314e5478ea88b996fc27fafb9f,capture_03df0725c4d27d1d372928719bd028608176f1aaf5ffa2f7a09bf66b82cdff4c,matchup_f2cbde5f32a164b817f75afcf496047be9584fc61a5c3c1705ce988959586a37,a76e14495e61cf19,5c38639f860a5542,2026-03-29T00:00:00.000000Z,dea5a50c8bae94ba75a544852dfb0322a020c9f09ad493e76b97fb6b4c0e0ea5,0,pass,0.0,0.0,0.49569529354767977,0.15276589259535472,1.0
1,7cdbd68d00abb410b9208d9d940e967bca447f0f75ef2a4740e1dbc5c4780aef,disabled_paper_only_no_execution,True,9192296a0d7e8b655cbc23d14b60126d7eb362cb497561503153c7a554b59072,capture_03df0725c4d27d1d372928719bd028608176f1aaf5ffa2f7a09bf66b82cdff4c,matchup_b5bfad605a37a14b4b4db0c5558bb06a34e07acbbe5dbf590ede7d2af6b9ce01,796e1151896195aa,5c38639f860a5542,2026-03-29T00:00:00.000000Z,dea5a50c8bae94ba75a544852dfb0322a020c9f09ad493e76b97fb6b4c0e0ea5,1,pass,0.0,0.0,0.17580147108263908,0.02599044073387927,1.0
1,8c3d9227cdce745405e3a09cff4d46b3eaa11c2862852b7420b79828db9f7137,disabled_paper_only_no_execution,True,46c043736dba4d8af6d519b34c071b3c56d8312ce947048602f00c20d16d0624,capture_03df0725c4d27d1d372928719bd028608176f1aaf5ffa2f7a09bf66b82cdff4c,matchup_4236fa161f5c57f4a102c6885719ae22cb45794549945b2f167685e7dbc2ab07,e32dc26b11d1f81d,5c38639f860a5542,2026-03-29T00:00:00.000000Z,dea5a50c8bae94ba75a544852dfb0322a020c9f09ad493e76b97fb6b4c0e0ea5,1,pass,0.0,0.0,0.7243629653147822,0.2656029397809649,0.0
1,a223ee2cccf3292673918aa47509d5b2c69d7b0b2a3caf728b965f84eee7461d,disabled_paper_only_no_execution,True,631469a25c499685c4c83e714b90e8f2b2f5a19ef2ce48e1d58e77c5bea7bffa,capture_03df0725c4d27d1d372928719bd028608176f1aaf5ffa2f7a09bf66b82cdff4c,matchup_e13b763257ac86357317ac9e74bc137685dd44b571df0c310a739006b7a225b3,dbf1ee1a1912c735,5c38639f860a5542,2026-03-29T00:00:00.000000Z,dea5a50c8bae94ba75a544852dfb0322a020c9f09ad493e76b97fb6b4c0e0ea5,0,pass,0.0,0.0,0.19362127699507545,0.0309865955632548,1.0
1,b42a287c99adc81721f4b55f8fdbb7a894fc5ecf8017dcab3b6dabe263668e3b,disabled_paper_only_no_execution,True,4371dbdf2fd4495d4d386d6903d9fe9e2d7947dba0c1868fca587b007aaf1f84,capture_03df0725c4d27d1d372928719bd028608176f1aaf5ffa2f7a09bf66b82cdff4c,matchup_00ce8e9d70d6959921d531a55eef6522f86a0efd7f56988c7e4544089fbf5967,1c50e43770ba84fc,5c38639f860a5542,2026-03-29T00:00:00.000000Z,dea5a50c8bae94ba75a544852dfb0322a020c9f09ad493e76b97fb6b4c0e0ea5,1,pass,0.0,0.0,0.714464944033726,0.260657292664863,0.0
1,d8080c8666697c4380575bea2a389821f3ff57f2889d2703e7fdc4072a1f81c2,disabled_paper_only_no_execution,True,3e88d6a11388c42a5e3a16fd2f7a8692098070f5b4776a7a4be723a8eee75171,capture_03df0725c4d27d1d372928719bd028608176f1aaf5ffa2f7a09bf66b82cdff4c,matchup_210f5147ee9ad606d6705e354c77f6c679e3b172e9ba59253117f24713bf76e8,85e94a6c071fd9fa,5c38639f860a5542,2026-03-29T00:00:00.000000Z,dea5a50c8bae94ba75a544852dfb0322a020c9f09ad493e76b97fb6b4c0e0ea5,0,pass,0.0,0.0,0.8500974180915749,0.3279013420997471,0.0
1,dd90766c8951799ebbae064423d26526854bf8a30db49c1d18838cc4c55cb235,disabled_paper_only_no_execution,True,32a180bab8d57c2bcc50642d28242c667f8225bb3a93ee3ec6c867be473ff56a,capture_03df0725c4d27d1d372928719bd028608176f1aaf5ffa2f7a09bf66b82cdff4c,matchup_5878d1c5b00d60b592ed79a3b17a0e926c862959fbf845dfc3e66d654205c5c1,6102e7a6dcbc62f0,5c38639f860a5542,2026-03-29T00:00:00.000000Z,dea5a50c8bae94ba75a544852dfb0322a020c9f09ad493e76b97fb6b4c0e0ea5,1,pass,0.0,0.0,0.16247618143106812,0.02248910033034423,1.0
1,ecec3e416d1cc18a41f1941fca6b812423bd8e13c76147de6ad1551ae929d280,disabled_paper_only_no_execution,True,cc8af5ab4a88dfe0f8ba67c6592713d815431d3cea1b5dbd18363846daf2fc56,capture_03df0725c4d27d1d372928719bd028608176f1aaf5ffa2f7a09bf66b82cdff4c,matchup_fe24d0a3d45de86db63b2216ca6cad7fb02c189b8581d1d6ef8946c11ec9d56c,fa96d6252579b51e,5c38639f860a5542,2026-03-29T00:00:00.000000Z,dea5a50c8bae94ba75a544852dfb0322a020c9f09ad493e76b97fb6b4c0e0ea5,1,pass,0.0,0.0,1.2588320095706915,0.5126767280601804,0.0
1,12e507fd6577adcb21d3c7d07c2a8c9031e1d9ee19b5342470f366783fd36b62,disabled_paper_only_no_execution,True,94fea345ae7bc3f840dd913d711d856fe6db6c7f654a78f02caafa637347ab5a,capture_d3d77c7199cd8443138223056defce7cb99603e04f906079b3dc99c4d28ac932,matchup_e3358e3291e0bae372dcd11d0e14bb4af6f4c2a335490c18c18dd9950cc1a7ba,fef80c98b2fba70c,9a70f67ad2187fa3,2026-04-05T00:00:00.000000Z,dea5a50c8bae94ba75a544852dfb0322a020c9f09ad493e76b97fb6b4c0e0ea5,0,pass,0.0,0.0,0.5861902921086486,0.19674269018468382,1.0
1,20189593e6f3bb811f004d99380aa22a1223fe9f1f2beb310dc4b2e86c05a8c5,disabled_paper_only_no_execution,True,aa5ecb275b8ee83f210842a3006a5ed646455fadd5b1ca09cbc595b0f3da5372,capture_d3d77c7199cd8443138223056defce7cb99603e04f906079b3dc99c4d28ac932,matchup_7e9ba1679db3518cf6a4c208b49683ecc773ab622a14b0fc741ffbed775f6da0,74bb036ef0493bf7,9a70f67ad2187fa3,2026-04-05T00:00:00.000000Z,dea5a50c8bae94ba75a544852dfb0322a020c9f09ad493e76b97fb6b4c0e0ea5,0,pass,0.0,0.0,0.5867489390992865,0.19701847373781983,1.0
1,22f00cda337c03eb811b59589a30ecb5ff000ccfaa7974d66fd9af9710b6e294,disabled_paper_only_no_execution,True,91189a698b21778fbd892e71ca77cbd52ea245affcd9c255d9bc19c6955dab50,capture_d3d77c7199cd8443138223056defce7cb99603e04f906079b3dc99c4d28ac932,matchup_d7171ff6e3f0ede5dd3700e2da96c55a1f8333350a71835e006e2120ae244c37,caf13346cbcfdb03,9a70f67ad2187fa3,2026-04-05T00:00:00.000000Z,dea5a50c8bae94ba75a544852dfb0322a020c9f09ad493e76b97fb6b4c0e0ea5,1,pass,0.0,0.0,0.6156422396989397,0.21132980343001254,1.0
1,23bdeafee66583c0fc6868322f0ad91a9cd6a418c2d4d0816418a7ce3326fbda,disabled_paper_only_no_execution,True,2ffa24116c87f4a2ba1122d3d8c43e694cba44fd1e3c1010d3f88b377c261a62,capture_d3d77c7199cd8443138223056defce7cb99603e04f906079b3dc99c4d28ac932,matchup_6ed066b360763259468801ef5a9891bb5eb7492c2f742f23e12eeca9a87b10ac,e284a194fb4648a9,9a70f67ad2187fa3,2026-04-05T00:00:00.000000Z,dea5a50c8bae94ba75a544852dfb0322a020c9f09ad493e76b97fb6b4c0e0ea5,1,pass,0.0,0.0,1.6723346532264483,0.6596557041097844,0.0
1,33230312f5f03fc53a85c7f19ca96185da9511a19e05596e7d58cbb45c8f0260,disabled_paper_only_no_execution,True,ac7eaa21d1e0615cf5d82a15c9e3bfc8ef40e13c1eaf6be106e5d1af38df0b46,capture_d3d77c7199cd8443138223056defce7cb99603e04f906079b3dc99c4d28ac932,matchup_d5aacc15e3774a7a89ea30fe37ccad383b67148fe9cc0038d5211d1093b41af7,721642e7de112e9e,9a70f67ad2187fa3,2026-04-05T00:00:00.000000Z,dea5a50c8bae94ba75a544852dfb0322a020c9f09ad493e76b97fb6b4c0e0ea5,1,pass,0.0,0.0,0.6788540843818596,0.24285394382515907,1.0
1,38d830710f00d56ced3ec2022ba136ba5daeaad7348156ab8ca2abb1342e15a4,disabled_paper_only_no_execution,True,1dffa8136dede9fbf7bd5249061e0bcf17e6e636ecc85d7f8c48d8f516b1ff12,capture_d3d77c7199cd8443138223056defce7cb99603e04f906079b3dc99c4d28ac932,matchup_03a7f1b290619ca4f298698f89c71f6727807091263d7769bbd17bf5fe4b71e8,ad487d1c6141d90a,9a70f67ad2187fa3,2026-04-05T00:00:00.000000Z,dea5a50c8bae94ba75a544852dfb0322a020c9f09ad493e76b97fb6b4c0e0ea5,0,paper_loss,1.0,-1.0,0.11026770044819609,0.010900539293904513,1.0
1,3f75612b051992347b21d7632f9dd28f46487091a5d3d8193ac0431780c0a8a4,disabled_paper_only_no_execution,True,9ef5720560210e4171d63e8f755a08080359d6b651a3524336e1fc682f350e45,capture_d3d77c7199cd8443138223056defce7cb99603e04f906079b3dc99c4d28ac932,matchup_87947f0dbfc3a929ded03baa8f5157b16a31eff57d863e4324f534815a777a69,9c9c26679701b84d,9a70f67ad2187fa3,2026-04-05T00:00:00.000000Z,dea5a50c8bae94ba75a544852dfb0322a020c9f09ad493e76b97fb6b4c0e0ea5,1,pass,0.0,0.0,1.0898414909630907,0.4405377899631063,0.0
1,8a1d806ca185ddaf886b8cb657cea4b09b9762834019abe2b2c50464b1370516,disabled_paper_only_no_execution,True,106f11ef23660c0869ff4c04318b22f72b67fb71b5986063d696a5ab98c6ea96,capture_d3d77c7199cd8443138223056defce7cb99603e04f906079b3dc99c4d28ac932,matchup_80872235366251a5571205cf0f6a2fd08f33a205fe1e99c5dc8a3941fb025a12,af2a9d47ca8115e4,9a70f67ad2187fa3,2026-04-05T00:00:00.000000Z,dea5a50c8bae94ba75a544852dfb0322a020c9f09ad493e76b97fb6b4c0e0ea5,0,pass,0.0,0.0,0.2837543108534149,0.061032905014207356,1.0
1,94df2e737319a2074d473cd4ec921444f7bc99a24e7c67f3cedffe179a4a0b25,disabled_paper_only_no_execution,True,671335e91cd535e98801fb3f0b10f060ad1491abee5a654e78be051772c9c686,capture_d3d77c7199cd8443138223056defce7cb99603e04f906079b3dc99c4d28ac932,matchup_70b0ea0b5d510e501f5575f9939f8875c35c518fe41fa6d8614b3679f6458816,0760bc02280574dd,9a70f67ad2187fa3,2026-04-05T00:00:00.000000Z,dea5a50c8bae94ba75a544852dfb0322a020c9f09ad493e76b97fb6b4c0e0ea5,1,pass,0.0,0.0,0.7196184857276353,0.26323262167095696,0.0
1,e2de61cfb67a631350b0cb0b3835b43cf6973fb14cbbf0a73a437189bf5dbfed,disabled_paper_only_no_execution,True,8f5e18ce033ed6bf22580749f472185bb02ca026a9c8b9037a2fa4a6e8299f4e,capture_d3d77c7199cd8443138223056defce7cb99603e04f906079b3dc99c4d28ac932,matchup_ccb59ac802aa644186d3b5fe732373a31fc312dbb1a4d6f386e1562bc8492b9f,d69bd8e53ec858dc,9a70f67ad2187fa3,2026-04-05T00:00:00.000000Z,dea5a50c8bae94ba75a544852dfb0322a020c9f09ad493e76b97fb6b4c0e0ea5,1,pass,0.0,0.0,1.0165932290376913,0.4072666931253205,0.0
