strategy,dimension,value,net_winning_payout_reduction,selections,events,wins,losses,risk_units,profit_units,roi,roi_ci_95_lower,roi_ci_95_upper,bootstrap_samples,event_close_drawdown_units,source_fight_id_order_drawdown_units,mean_estimated_return_before_stress,mean_selected_win_probability,observed_win_rate,underdog_bets,median_decimal_odds
current_model,year,2022,0.0,146,41,58,88,146.0,-2.7874999999999996,-0.019092465753424655,-0.22826441394927538,0.18477902611940297,10000,13.49,15.6,0.37889491235953343,0.5164536254654811,0.3972602739726027,110,2.6
current_model,year,2022,0.02,146,41,58,88,146.0,-4.491749999999998,-0.030765410958904095,-0.237253524278813,0.1706626118847091,10000,13.6402,15.668,0.37889491235953343,0.5164536254654811,0.3972602739726027,110,2.6
current_model,year,2022,0.05,146,41,58,88,146.0,-7.048125000000002,-0.0482748287671233,-0.2511045625060183,0.1494469992300995,10000,13.8655,15.770000000000001,0.37889491235953343,0.5164536254654811,0.3972602739726027,110,2.6
current_model,year,2023,0.0,173,41,72,101,173.0,2.222499999999995,0.012846820809248524,-0.19660110773480663,0.25016208362143477,10000,23.456329999999998,28.19769,0.27876503463436586,0.5111996859165754,0.4161849710982659,125,2.5
current_model,year,2023,0.02,173,41,72,101,173.0,0.15804999999999758,0.0009135838150288877,-0.20572018683632734,0.23463007048701295,10000,23.953736199999998,28.873736200000003,0.27876503463436586,0.5111996859165754,0.4161849710982659,125,2.5
current_model,year,2023,0.05,173,41,72,101,173.0,-2.9386250000000054,-0.01698627167630061,-0.2188785597732346,0.2113362815746753,10000,25.0878055,29.8878055,0.27876503463436586,0.5111996859165754,0.4161849710982659,125,2.5
current_model,year,2024,0.0,221,42,85,136,221.0,-4.383029999999998,-0.019832714932126686,-0.21536278931159422,0.18495995827770356,10000,18.94747,21.947470000000003,0.41567587399884165,0.49096570791736255,0.38461538461538464,173,2.85
current_model,year,2024,0.02,221,42,85,136,221.0,-7.015369399999994,-0.03174375294117644,-0.22452444583361142,0.17031912953004694,10000,21.148520600000005,24.1485206,0.41567587399884165,0.49096570791736255,0.38461538461538464,173,2.85
current_model,year,2024,0.05,221,42,85,136,221.0,-10.96387850000001,-0.04961030995475118,-0.23848707067494448,0.14834993846764233,10000,24.450096500000008,27.450096500000004,0.41567587399884165,0.49096570791736255,0.38461538461538464,173,2.85
current_model,year,2025,0.0,149,38,55,94,149.0,-23.511090000000003,-0.1577925503355705,-0.3224310391643212,0.008667963940262355,10000,26.965599999999995,30.806510000000006,0.4443837563299816,0.5114382455389033,0.3691275167785235,106,2.75
current_model,year,2025,0.02,149,38,55,94,149.0,-24.9208682,-0.1672541489932886,-0.3302954228521127,-0.002558726831613755,10000,28.066288000000004,32.0103798,0.4443837563299816,0.5114382455389033,0.3691275167785235,106,2.75
current_model,year,2025,0.05,149,38,55,94,149.0,-27.03553550000001,-0.18144654697986584,-0.34133191935696333,-0.020078939769108375,10000,29.71732,33.8161845,0.4443837563299816,0.5114382455389033,0.3691275167785235,106,2.75
current_model,year,2026,0.0,59,23,21,38,59.0,-14.1345,-0.23956779661016947,-0.46385694346217105,-0.010353447939068172,10000,15.796999999999999,17.360640000000004,0.41767021664365117,0.5398688121848152,0.3559322033898305,44,2.6
current_model,year,2026,0.02,59,23,21,38,59.0,-14.611809999999998,-0.24765779661016946,-0.46966582792833145,-0.020857647954106353,10000,16.18106,17.693427200000002,0.41767021664365117,0.5398688121848152,0.3559322033898305,44,2.6
current_model,year,2026,0.05,59,23,21,38,59.0,-15.327775000000003,-0.2597927966101695,-0.478114769435307,-0.03662406507015842,10000,16.75715,18.192608,0.41767021664365117,0.5398688121848152,0.3559322033898305,44,2.6
current_model,book_name,BetMGM,0.0,133,83,55,78,133.0,10.671509999999998,0.08023691729323307,-0.14768608478735004,0.31725317276119397,10000,17.43212,17.482120000000002,0.33340712354651825,0.48117822216615985,0.41353383458646614,103,2.85
current_model,book_name,BetMGM,0.02,133,83,55,78,133.0,8.898079799999996,0.06690285563909772,-0.1579477085722895,0.30069780872970897,10000,17.543477600000003,17.6324776,0.33340712354651825,0.48117822216615985,0.41353383458646614,103,2.85
current_model,book_name,BetMGM,0.05,133,83,55,78,133.0,6.237934499999994,0.046901763157894696,-0.17351769878226106,0.27586914278572977,10000,17.710514,17.858013999999997,0.33340712354651825,0.48117822216615985,0.41353383458646614,103,2.85
current_model,book_name,BetRivers,0.0,115,85,34,81,115.0,-25.892229999999998,-0.2251498260869565,-0.48037549127343243,0.0558119639020825,10000,27.807239999999997,27.807239999999997,0.5048493534044372,0.4817816710027481,0.2956521739130435,91,2.95
current_model,book_name,BetRivers,0.02,115,85,34,81,115.0,-26.994385400000002,-0.23473378608695655,-0.48654224005602237,0.04171965765045542,10000,28.251095199999995,28.251095199999995,0.5048493534044372,0.4817816710027481,0.2956521739130435,91,2.95
current_model,book_name,BetRivers,0.05,115,85,34,81,115.0,-28.6476185,-0.24910972608695653,-0.4957284362745098,0.020872802420555878,10000,29.737618500000007,29.737618500000004,0.5048493534044372,0.4817816710027481,0.2956521739130435,91,2.95
current_model,book_name,BetWay,0.0,73,61,37,36,73.0,-0.12441000000000146,-0.0017042465753424859,-0.24062785805860804,0.2474889442647058,10000,8.53331,9.53331,0.327043874249542,0.5716412654907383,0.5068493150684932,45,2.25
current_model,book_name,BetWay,0.02,73,61,37,36,73.0,-0.841921800000001,-0.011533175342465767,-0.24809489806841048,0.23504510242777774,10000,8.7426438,9.7426438,0.327043874249542,0.5716412654907383,0.5068493150684932,45,2.25
current_model,book_name,BetWay,0.05,73,61,37,36,73.0,-1.9181895000000013,-0.026276568493150704,-0.2589433844642858,0.21621232735897425,10000,9.365602500000001,10.0566445,0.327043874249542,0.5716412654907383,0.5068493150684932,45,2.25
current_model,book_name,Caesars,0.0,170,107,66,104,170.0,-3.8810199999999995,-0.022829529411764703,-0.22938140381854724,0.1874740000175364,10000,12.10968,12.91296,0.398845972411264,0.4992150899545976,0.38823529411764707,136,2.675
current_model,book_name,Caesars,0.02,170,107,66,104,170.0,-5.8833996000000015,-0.03460823294117648,-0.23857381483005158,0.17292897399789028,10000,12.327486399999998,13.1747008,0.398845972411264,0.4992150899545976,0.38823529411764707,136,2.675
current_model,book_name,Caesars,0.05,170,107,66,104,170.0,-8.886969000000008,-0.05227628823529416,-0.2519453682702379,0.15100942684649954,10000,13.838948500000004,14.838948500000008,0.398845972411264,0.4992150899545976,0.38823529411764707,136,2.675
current_model,book_name,DraftKings,0.0,131,78,48,83,131.0,-15.968679999999999,-0.12189832061068702,-0.30898497747125164,0.07739880882352942,10000,22.868270000000003,24.51827,0.35602148241107273,0.5070298378721023,0.366412213740458,92,2.64
current_model,book_name,DraftKings,0.02,131,78,48,83,131.0,-17.309306399999997,-0.1321321099236641,-0.31648929494969036,0.06431699167378667,10000,23.592904599999997,25.2079046,0.35602148241107273,0.5070298378721023,0.366412213740458,92,2.64
current_model,book_name,DraftKings,0.05,131,78,48,83,131.0,-19.320246000000004,-0.1474827938931298,-0.3280738140977277,0.044387331146083835,10000,24.829856500000005,26.242356500000003,0.35602148241107273,0.5070298378721023,0.366412213740458,92,2.64
current_model,book_name,FanDuel,0.0,125,81,51,74,125.0,-6.398790000000002,-0.05119032000000001,-0.25070462646424724,0.15942767470923402,10000,15.061819999999999,15.571969999999997,0.3540910791075688,0.5396905122334159,0.408,90,2.48
current_model,book_name,FanDuel,0.02,125,81,51,74,125.0,-7.7508142,-0.0620065136,-0.25929862651759533,0.14593933091670677,10000,15.5205836,16.0805306,0.3540910791075688,0.5396905122334159,0.408,90,2.48
current_model,book_name,FanDuel,0.05,125,81,51,74,125.0,-9.778850500000003,-0.07823080400000001,-0.2717991894595791,0.12603532881293894,10000,16.208729,16.843371500000003,0.3540910791075688,0.5396905122334159,0.408,90,2.48
current_model,book_name,Unibet,0.0,1,1,0,1,1.0,-1.0,-1.0,,,0,1.0,1.0,1.28605853749856,0.519558758522399,0.0,1,4.4
current_model,book_name,Unibet,0.02,1,1,0,1,1.0,-1.0,-1.0,,,0,1.0,1.0,1.28605853749856,0.519558758522399,0.0,1,4.4
current_model,book_name,Unibet,0.05,1,1,0,1,1.0,-1.0,-1.0,,,0,1.0,1.0,1.28605853749856,0.519558758522399,0.0,1,4.4
current_model,odds_band,1_to_2,0.0,190,117,125,65,190.0,19.59638,0.10313884210526315,-0.00673206398809524,0.21329938004201676,10000,6.60121,7.399780000000002,0.15767506357406888,0.688808819579996,0.6578947368421053,0,1.71429
current_model,odds_band,1_to_2,0.02,190,117,125,65,190.0,17.904452399999997,0.09423395999999998,-0.0146976666928973,0.2035030046295455,10000,6.729185800000001,7.4717844,0.15767506357406888,0.688808819579996,0.6578947368421053,0,1.71429
current_model,odds_band,1_to_2,0.05,190,117,125,65,190.0,15.366560999999995,0.08087663684210523,-0.026591216897569755,0.18846537740289515,10000,6.9211495,7.579791,0.15767506357406888,0.688808819579996,0.6578947368421053,0,1.71429
current_model,odds_band,over_10,0.0,4,4,0,4,4.0,-4.0,-1.0,-1.0,-1.0,10000,4.0,4.0,1.6551891976636182,0.21487486066595876,0.0,4,12.0
current_model,odds_band,over_10,0.02,4,4,0,4,4.0,-4.0,-1.0,-1.0,-1.0,10000,4.0,4.0,1.6551891976636182,0.21487486066595876,0.0,4,12.0
current_model,odds_band,over_10,0.05,4,4,0,4,4.0,-4.0,-1.0,-1.0,-1.0,10000,4.0,4.0,1.6551891976636182,0.21487486066595876,0.0,4,12.0
current_model,odds_band,over_2_to_3,0.0,280,147,104,176,280.0,-25.589999999999996,-0.09139285714285712,-0.23491213314683937,0.05783059210526315,10000,37.1,37.10000000000001,0.28241936496637904,0.5152061053226575,0.37142857142857144,280,2.5
current_model,odds_band,over_2_to_3,0.02,280,147,104,176,280.0,-28.598200000000006,-0.10213642857142859,-0.2439127793727915,0.045291151315789445,10000,38.837999999999994,38.83799999999999,0.28241936496637904,0.5152061053226575,0.37142857142857144,280,2.5
current_model,odds_band,over_2_to_3,0.05,280,147,104,176,280.0,-33.1105,-0.11825178571428573,-0.25747081477490424,0.026448511296258338,10000,41.44500000000001,41.44500000000001,0.28241936496637904,0.5152061053226575,0.37142857142857144,280,2.5
current_model,odds_band,over_3_to_5,0.0,212,129,56,156,212.0,-5.250000000000002,-0.024764150943396235,-0.23539844180039804,0.19058642274844712,10000,29.7,29.7,0.5166590844897813,0.39984623630104227,0.2641509433962264,212,3.75
current_model,odds_band,over_3_to_5,0.02,212,129,56,156,212.0,-8.265000000000004,-0.038985849056603794,-0.24653229241647964,0.17315279988354018,10000,30.326000000000004,30.326,0.5166590844897813,0.39984623630104227,0.2641509433962264,212,3.75
current_model,odds_band,over_3_to_5,0.05,212,129,56,156,212.0,-12.787500000000016,-0.06031839622641517,-0.26321995675784393,0.14712726255712577,10000,31.265000000000004,31.265000000000004,0.5166590844897813,0.39984623630104227,0.2641509433962264,212,3.75
current_model,odds_band,over_5_to_10,0.0,62,51,6,56,62.0,-27.35,-0.44112903225806455,-0.8193592489919355,0.010505865102638982,10000,29.3,29.3,0.9851118040802664,0.31679787397479836,0.0967741935483871,62,5.85
current_model,odds_band,over_5_to_10,0.02,62,51,6,56,62.0,-27.923,-0.45037096774193547,-0.8223274067540323,-0.00616124144672554,10000,29.474000000000004,29.474000000000004,0.9851118040802664,0.31679787397479836,0.0967741935483871,62,5.85
current_model,odds_band,over_5_to_10,0.05,62,51,6,56,62.0,-28.782500000000006,-0.46423387096774205,-0.8267796433971776,-0.031161901270772393,10000,29.735,29.735,0.9851118040802664,0.31679787397479836,0.0967741935483871,62,5.85
current_model,quote_age_band,0_to_1h,0.0,85,60,31,54,85.0,-7.7044500000000005,-0.09064058823529413,-0.3654861028999719,0.19439447350942213,10000,18.37354,18.37354,0.41363248949542875,0.4954933246091212,0.36470588235294116,66,2.86
current_model,quote_age_band,0_to_1h,0.02,85,60,31,54,85.0,-8.630361,-0.10153365882352942,-0.3724041056948725,0.1799663031397016,10000,18.5660692,18.5660692,0.41363248949542875,0.4954933246091212,0.36470588235294116,66,2.86
current_model,quote_age_band,0_to_1h,0.05,85,60,31,54,85.0,-10.019227500000003,-0.11787326470588239,-0.3832591501623377,0.15845566285714274,10000,18.854863,18.854863,0.41363248949542875,0.4954933246091212,0.36470588235294116,66,2.86
current_model,quote_age_band,over_12_to_24h,0.0,155,105,68,87,155.0,1.8587099999999985,0.01199167741935483,-0.20256123283994795,0.2444738814935065,10000,18.439359999999997,18.979359999999996,0.3252787294323572,0.5299309421496161,0.43870967741935485,109,2.5
current_model,quote_age_band,over_12_to_24h,0.02,155,105,68,87,155.0,0.08153579999999927,0.000526037419354834,-0.2111556745128486,0.22968795190118557,10000,19.050572799999998,19.559772799999998,0.3252787294323572,0.5299309421496161,0.43870967741935485,109,2.5
current_model,quote_age_band,over_12_to_24h,0.05,155,105,68,87,155.0,-2.584225500000006,-0.016672422580645198,-0.22433028699800256,0.20811798106351223,10000,19.967392,20.430392,0.3252787294323572,0.5299309421496161,0.43870967741935485,109,2.5
current_model,quote_age_band,over_1_to_6h,0.0,284,143,113,171,284.0,-13.266650000000002,-0.04671355633802818,-0.19683646157166124,0.10326500313202697,10000,32.07088,32.07088,0.38068342657372944,0.513413397331779,0.397887323943662,206,2.6
current_model,quote_age_band,over_1_to_6h,0.02,284,143,113,171,284.0,-16.421317000000005,-0.05782153873239439,-0.20601496977367548,0.09010985733103043,10000,33.7094624,33.70946239999999,0.38068342657372944,0.513413397331779,0.397887323943662,206,2.6
current_model,quote_age_band,over_1_to_6h,0.05,284,143,113,171,284.0,-21.15331750000001,-0.07448351232394369,-0.2199265885268801,0.07064444643045467,10000,36.167336000000006,36.167336000000006,0.38068342657372944,0.513413397331779,0.397887323943662,206,2.6
current_model,quote_age_band,over_6_to_12h,0.0,224,129,79,145,224.0,-23.481230000000004,-0.10482691964285716,-0.28235574677348796,0.07603111178451165,10000,32.5883,33.5883,0.41327696879043707,0.4925630422690828,0.35267857142857145,177,2.8
current_model,quote_age_band,over_6_to_12h,0.02,224,129,79,145,224.0,-25.911605400000006,-0.1156768098214286,-0.29068534338110175,0.06252591537306916,10000,33.616534,34.576534,0.41327696879043707,0.4925630422690828,0.35267857142857145,177,2.8
current_model,quote_age_band,over_6_to_12h,0.05,224,129,79,145,224.0,-29.55716850000001,-0.13195164508928575,-0.30324367891746185,0.04197558066433902,10000,35.158885,36.058885000000004,0.41327696879043707,0.4925630422690828,0.35267857142857145,177,2.8
current_model,threshold_selection_status,fallback_5_percent_insufficient_history,0.0,146,41,58,88,146.0,-2.7874999999999996,-0.019092465753424655,-0.22826441394927538,0.18477902611940297,10000,13.49,15.6,0.37889491235953343,0.5164536254654811,0.3972602739726027,110,2.6
current_model,threshold_selection_status,fallback_5_percent_insufficient_history,0.02,146,41,58,88,146.0,-4.491749999999998,-0.030765410958904095,-0.237253524278813,0.1706626118847091,10000,13.6402,15.668,0.37889491235953343,0.5164536254654811,0.3972602739726027,110,2.6
current_model,threshold_selection_status,fallback_5_percent_insufficient_history,0.05,146,41,58,88,146.0,-7.048125000000002,-0.0482748287671233,-0.2511045625060183,0.1494469992300995,10000,13.8655,15.770000000000001,0.37889491235953343,0.5164536254654811,0.3972602739726027,110,2.6
current_model,threshold_selection_status,fallback_5_percent_no_profitable_earlier_threshold,0.0,429,103,161,268,429.0,-42.02862,-0.09796881118881118,-0.21900016076787057,0.025769418298545958,10000,56.593059999999994,60.1567,0.42592095717689205,0.5048018180744471,0.3752913752913753,323,2.75
current_model,threshold_selection_status,fallback_5_percent_no_profitable_earlier_threshold,0.02,429,103,161,268,429.0,-46.5480476,-0.10850360745920745,-0.22809438152173914,0.013352170368930386,10000,60.68119880000001,64.193566,0.42592095717689205,0.5048018180744471,0.3752913752913753,323,2.75
current_model,threshold_selection_status,fallback_5_percent_no_profitable_earlier_threshold,0.05,429,103,161,268,429.0,-53.32718900000001,-0.12430580186480189,-0.2417322595823799,-0.004718662253273636,10000,66.81340700000003,70.24886500000001,0.42592095717689205,0.5048018180744471,0.3752913752913753,323,2.75
current_model,threshold_selection_status,selected_on_earlier_flat_profit,0.0,173,41,72,101,173.0,2.222499999999995,0.012846820809248524,-0.19660110773480663,0.25016208362143477,10000,23.456329999999998,28.19769,0.27876503463436586,0.5111996859165754,0.4161849710982659,125,2.5
current_model,threshold_selection_status,selected_on_earlier_flat_profit,0.02,173,41,72,101,173.0,0.15804999999999758,0.0009135838150288877,-0.20572018683632734,0.23463007048701295,10000,23.953736199999998,28.873736200000003,0.27876503463436586,0.5111996859165754,0.4161849710982659,125,2.5
current_model,threshold_selection_status,selected_on_earlier_flat_profit,0.05,173,41,72,101,173.0,-2.9386250000000054,-0.01698627167630061,-0.2188785597732346,0.2113362815746753,10000,25.0878055,29.8878055,0.27876503463436586,0.5111996859165754,0.4161849710982659,125,2.5
fixed_50_50_logit_blend,year,2022,0.0,119,39,41,78,119.0,-11.543170000000002,-0.09700142857142859,-0.33725594707207207,0.13551494975490194,10000,14.70301,15.81301,0.20838912008534535,0.4396917483835296,0.3445378151260504,94,2.76
fixed_50_50_logit_blend,year,2022,0.02,119,39,41,78,119.0,-12.872306599999998,-0.10817064369747897,-0.3454402736860445,0.12123357190394489,10000,15.6298174,16.637617400000003,0.20838912008534535,0.4396917483835296,0.3445378151260504,94,2.76
fixed_50_50_logit_blend,year,2022,0.05,119,39,41,78,119.0,-14.8660115,-0.12492446638655463,-0.3575747163888889,0.09990161214114804,10000,17.2635985,18.11809850000001,0.20838912008534535,0.4396917483835296,0.3445378151260504,94,2.76
fixed_50_50_logit_blend,year,2023,0.0,164,41,66,98,164.0,2.3773800000000005,0.014496219512195124,-0.20838105208086666,0.26149749794407895,10000,23.30207,28.30207,0.13585348266921174,0.45084233376801547,0.4024390243902439,123,2.535
fixed_50_50_logit_blend,year,2023,0.02,164,41,66,98,164.0,0.3698323999999982,0.0022550756097560864,-0.2176020417791411,0.24607199401301033,10000,24.0160286,28.9360286,0.13585348266921174,0.45084233376801547,0.4024390243902439,123,2.535
fixed_50_50_logit_blend,year,2023,0.05,164,41,66,98,164.0,-2.641489000000007,-0.016106640243902483,-0.23128121099718674,0.2224372158859911,10000,25.086966500000003,29.8869665,0.13585348266921174,0.45084233376801547,0.4024390243902439,123,2.535
fixed_50_50_logit_blend,year,2024,0.0,181,42,62,119,181.0,-12.38046,-0.06840033149171271,-0.2908602818600368,0.16430446714285693,10000,25.36047,27.6749,0.22899698139048213,0.40964418336195135,0.3425414364640884,154,2.95
fixed_50_50_logit_blend,year,2024,0.02,181,42,62,119,181.0,-14.512850800000002,-0.0801814961325967,-0.29940971219582563,0.14969847502976183,10000,26.853260600000002,29.381402,0.22899698139048213,0.40964418336195135,0.3425414364640884,154,2.95
fixed_50_50_logit_blend,year,2024,0.05,181,42,62,119,181.0,-17.71143700000001,-0.09785324309392271,-0.3124576699122807,0.12699020246076828,10000,29.286155000000008,31.941155000000002,0.22899698139048213,0.40964418336195135,0.3425414364640884,154,2.95
fixed_50_50_logit_blend,year,2025,0.0,116,37,40,76,116.0,-16.55478,-0.14271362068965518,-0.34054240567815913,0.045630636244019,10000,21.25929,24.8502,0.2551664382398601,0.41977762665929796,0.3448275862068966,91,3.05
fixed_50_50_logit_blend,year,2025,0.02,116,37,40,76,116.0,-17.7436844,-0.15296279655172412,-0.34843905136181286,0.03292532073744358,10000,21.9181042,25.833196000000008,0.2551664382398601,0.41977762665929796,0.3448275862068966,91,3.05
fixed_50_50_logit_blend,year,2025,0.05,116,37,40,76,116.0,-19.527041000000004,-0.16833656034482763,-0.36019304632686894,0.014076016745204234,10000,23.2088255,27.307690000000004,0.2551664382398601,0.41977762665929796,0.3448275862068966,91,3.05
fixed_50_50_logit_blend,year,2026,0.0,53,22,18,35,53.0,-12.772180000000002,-0.24098452830188682,-0.48352197645211936,0.027234398484848498,10000,15.122180000000002,15.322180000000001,0.22295593129647662,0.45620815063707776,0.33962264150943394,41,2.65
fixed_50_50_logit_blend,year,2026,0.02,53,22,18,35,53.0,-13.2167364,-0.24937238490566038,-0.48896987293269223,0.015323746404255307,10000,15.479736399999998,15.6357364,0.22295593129647662,0.45620815063707776,0.33962264150943394,41,2.65
fixed_50_50_logit_blend,year,2026,0.05,53,22,18,35,53.0,-13.883571000000002,-0.2619541698113208,-0.49696451983173073,-0.0024880441666667343,10000,16.016071,16.106071,0.22295593129647662,0.45620815063707776,0.33962264150943394,41,2.65
fixed_50_50_logit_blend,book_name,BetMGM,0.0,92,66,36,56,92.0,4.31387,0.04688989130434782,-0.24506288989813244,0.36212015791614516,10000,18.50037,19.50037,0.1807154152343867,0.40637917281620867,0.391304347826087,75,2.975
fixed_50_50_logit_blend,book_name,BetMGM,0.02,92,66,36,56,92.0,3.1075925999999994,0.033778180434782604,-0.25393237358259074,0.34438525666429043,10000,18.7103626,19.7103626,0.1807154152343867,0.40637917281620867,0.391304347826087,75,2.975
fixed_50_50_logit_blend,book_name,BetMGM,0.05,92,66,36,56,92.0,1.2981764999999945,0.014110614130434723,-0.2671607587720103,0.31806232057946243,10000,19.025351500000003,20.025351500000003,0.1807154152343867,0.40637917281620867,0.391304347826087,75,2.975
fixed_50_50_logit_blend,book_name,BetRivers,0.0,99,76,27,72,99.0,-22.629290000000005,-0.2285786868686869,-0.5171467879901961,0.10004747631578909,10000,23.829289999999997,23.829289999999993,0.25867439382391794,0.4104538350157839,0.2727272727272727,81,2.88
fixed_50_50_logit_blend,book_name,BetRivers,0.02,99,76,27,72,99.0,-23.616704199999997,-0.23855256767676766,-0.5228208198039216,0.08529483599830288,10000,24.772704199999993,24.772704199999993,0.25867439382391794,0.4104538350157839,0.2727272727272727,81,2.88
fixed_50_50_logit_blend,book_name,BetRivers,0.05,99,76,27,72,99.0,-25.097825500000003,-0.2535133888888889,-0.5318300814886364,0.0633171420119381,10000,26.187825500000002,26.1878255,0.25867439382391794,0.4104538350157839,0.2727272727272727,81,2.88
fixed_50_50_logit_blend,book_name,BetWay,0.0,68,58,33,35,68.0,3.26103,0.04795632352941176,-0.22387467351510493,0.3215834803571428,10000,10.40948,11.40948,0.18201866457204963,0.48457571246348374,0.4852941176470588,45,2.4
fixed_50_50_logit_blend,book_name,BetWay,0.02,68,58,33,35,68.0,2.4958094000000024,0.03670307941176474,-0.2319049687313433,0.30640435534420285,10000,10.5812904,11.5812904,0.18201866457204963,0.48457571246348374,0.4852941176470588,45,2.4
fixed_50_50_logit_blend,book_name,BetWay,0.05,68,58,33,35,68.0,1.347978499999999,0.019823213235294103,-0.24318815146198827,0.2838583567668414,10000,10.841506,11.839006000000001,0.18201866457204963,0.48457571246348374,0.4852941176470588,45,2.4
fixed_50_50_logit_blend,book_name,Caesars,0.0,141,97,53,88,141.0,-4.018509999999998,-0.028500070921985803,-0.2652416009947706,0.22194182621198505,10000,11.62222,12.912959999999998,0.20798325244205218,0.42863766662772346,0.375886524822695,115,2.75
fixed_50_50_logit_blend,book_name,Caesars,0.02,141,97,53,88,141.0,-5.698139800000004,-0.04041233900709223,-0.274050144517696,0.20669508491996907,10000,11.9297756,13.1747008,0.20798325244205218,0.42863766662772346,0.375886524822695,115,2.75
fixed_50_50_logit_blend,book_name,Caesars,0.05,141,97,53,88,141.0,-8.217584500000008,-0.05828074113475183,-0.28728227698241543,0.18372705817669163,10000,12.391108999999998,13.567312000000001,0.20798325244205218,0.42863766662772346,0.375886524822695,115,2.75
fixed_50_50_logit_blend,book_name,DraftKings,0.0,110,73,32,78,110.0,-25.410829999999997,-0.23100754545454544,-0.4467400051731894,0.0028166700549450505,10000,26.59907,26.59907,0.1953147528320965,0.4176958582728626,0.2909090909090909,90,2.95
fixed_50_50_logit_blend,book_name,DraftKings,0.02,110,73,32,78,110.0,-26.4626134,-0.24056921272727272,-0.4530713994017093,-0.010215093402992769,10000,27.447088599999997,27.447088599999997,0.1953147528320965,0.4176958582728626,0.2909090909090909,90,2.95
fixed_50_50_logit_blend,book_name,DraftKings,0.05,110,73,32,78,110.0,-28.040288500000003,-0.25491171363636367,-0.46256849074448936,-0.029700880480769312,10000,28.719116499999995,28.719116499999995,0.1953147528320965,0.4176958582728626,0.2909090909090909,90,2.95
fixed_50_50_logit_blend,book_name,FanDuel,0.0,121,80,46,75,121.0,-4.389479999999997,-0.03627669421487601,-0.255135967987568,0.19419191901982072,10000,16.69442,16.694419999999997,0.19767686685603902,0.4556053682894978,0.38016528925619836,95,2.68
fixed_50_50_logit_blend,book_name,FanDuel,0.02,121,80,46,75,121.0,-5.8016904,-0.04794785454545455,-0.2638519877797806,0.17947214905470085,10000,17.1805316,17.180531600000002,0.19767686685603902,0.4556053682894978,0.38016528925619836,95,2.68
fixed_50_50_logit_blend,book_name,FanDuel,0.05,121,80,46,75,121.0,-7.920006000000001,-0.06545459504132232,-0.27695056526580464,0.15701564958333317,10000,17.909699000000003,17.909699000000003,0.19767686685603902,0.4556053682894978,0.38016528925619836,95,2.68
fixed_50_50_logit_blend,book_name,Unibet,0.0,2,2,0,2,2.0,-2.0,-1.0,-1.0,-1.0,10000,2.0,2.0,0.3008432988248021,0.3973138398138095,0.0,2,3.375
fixed_50_50_logit_blend,book_name,Unibet,0.02,2,2,0,2,2.0,-2.0,-1.0,-1.0,-1.0,10000,2.0,2.0,0.3008432988248021,0.3973138398138095,0.0,2,3.375
fixed_50_50_logit_blend,book_name,Unibet,0.05,2,2,0,2,2.0,-2.0,-1.0,-1.0,-1.0,10000,2.0,2.0,0.3008432988248021,0.3973138398138095,0.0,2,3.375
fixed_50_50_logit_blend,odds_band,1_to_2,0.0,130,94,86,44,130.0,17.83679,0.13720607692307693,0.002799667759018469,0.26942342429315475,10000,6.179410000000001,7.12281,0.09012883002809557,0.6373010450104549,0.6615384615384615,0,1.74074
fixed_50_50_logit_blend,odds_band,1_to_2,0.02,130,94,86,44,130.0,16.6000542,0.1276927246153846,-0.0055548306494513314,0.25858914309650016,10000,6.2158218000000005,7.1403538,0.09012883002809557,0.6373010450104549,0.6615384615384615,0,1.74074
fixed_50_50_logit_blend,odds_band,1_to_2,0.05,130,94,86,44,130.0,14.744950499999993,0.11342269615384609,-0.018006487627002486,0.24263796590105186,10000,6.2704395,7.1666695,0.09012883002809557,0.6373010450104549,0.6615384615384615,0,1.74074
fixed_50_50_logit_blend,odds_band,over_10,0.0,4,4,0,4,4.0,-4.0,-1.0,-1.0,-1.0,10000,4.0,4.0,0.7959797106749538,0.14689491471864752,0.0,4,12.0
fixed_50_50_logit_blend,odds_band,over_10,0.02,4,4,0,4,4.0,-4.0,-1.0,-1.0,-1.0,10000,4.0,4.0,0.7959797106749538,0.14689491471864752,0.0,4,12.0
fixed_50_50_logit_blend,odds_band,over_10,0.05,4,4,0,4,4.0,-4.0,-1.0,-1.0,-1.0,10000,4.0,4.0,0.7959797106749538,0.14689491471864752,0.0,4,12.0
fixed_50_50_logit_blend,odds_band,over_2_to_3,0.0,237,134,81,156,237.0,-36.660000000000004,-0.1546835443037975,-0.31467156091511495,0.004981329505471104,10000,41.13,41.13,0.15083800064684486,0.4597363510439284,0.34177215189873417,237,2.52
fixed_50_50_logit_blend,odds_band,over_2_to_3,0.02,237,134,81,156,237.0,-39.046800000000005,-0.16475443037974685,-0.3228425893270694,-0.0069649506051115825,10000,42.48739999999999,43.32819999999999,0.15083800064684486,0.4597363510439284,0.34177215189873417,237,2.52
fixed_50_50_logit_blend,odds_band,over_2_to_3,0.05,237,134,81,156,237.0,-42.62700000000001,-0.17986075949367092,-0.33513413576060347,-0.024883892167382016,10000,45.68549999999999,46.685500000000005,0.15083800064684486,0.4597363510439284,0.34177215189873417,237,2.52
fixed_50_50_logit_blend,odds_band,over_3_to_5,0.0,200,120,54,146,200.0,-0.7000000000000011,-0.0035000000000000053,-0.21904761904761905,0.2205546652179816,10000,21.7,21.7,0.25386144101323316,0.33205023187239435,0.27,200,3.75
fixed_50_50_logit_blend,odds_band,over_3_to_5,0.02,200,120,54,146,200.0,-3.606000000000005,-0.018030000000000025,-0.23052049206349207,0.20284177626079672,10000,22.326,22.326,0.25386144101323316,0.33205023187239435,0.27,200,3.75
fixed_50_50_logit_blend,odds_band,over_3_to_5,0.05,200,120,54,146,200.0,-7.965000000000009,-0.03982500000000004,-0.24752503867491737,0.1762713743382557,10000,23.265000000000004,23.265000000000004,0.25386144101323316,0.33205023187239435,0.27,200,3.75
fixed_50_50_logit_blend,odds_band,over_5_to_10,0.0,62,51,6,56,62.0,-27.35,-0.44112903225806455,-0.8193592489919355,0.010505865102638982,10000,29.3,29.3,0.4600183898680648,0.23348415448754534,0.0967741935483871,62,5.85
fixed_50_50_logit_blend,odds_band,over_5_to_10,0.02,62,51,6,56,62.0,-27.923,-0.45037096774193547,-0.8223274067540323,-0.00616124144672554,10000,29.474000000000004,29.474000000000004,0.4600183898680648,0.23348415448754534,0.0967741935483871,62,5.85
fixed_50_50_logit_blend,odds_band,over_5_to_10,0.05,62,51,6,56,62.0,-28.782500000000006,-0.46423387096774205,-0.8267796433971776,-0.031161901270772393,10000,29.735,29.735,0.4600183898680648,0.23348415448754534,0.0967741935483871,62,5.85
fixed_50_50_logit_blend,quote_age_band,0_to_1h,0.0,79,58,27,52,79.0,-5.95483,-0.07537759493670887,-0.37288386444444444,0.23096264687499982,10000,14.62354,15.62354,0.2169743583058982,0.4194411346894198,0.34177215189873417,65,3.0
fixed_50_50_logit_blend,quote_age_band,0_to_1h,0.02,79,58,27,52,79.0,-6.8757334,-0.08703459999999999,-0.38012392538377193,0.21474175262499978,10000,14.8510692,15.8510692,0.2169743583058982,0.4194411346894198,0.34177215189873417,65,3.0
fixed_50_50_logit_blend,quote_age_band,0_to_1h,0.05,79,58,27,52,79.0,-8.257088500000004,-0.10452010759493675,-0.391547123881579,0.19092122796874983,10000,15.192363,16.192363,0.2169743583058982,0.4194411346894198,0.34177215189873417,65,3.0
fixed_50_50_logit_blend,quote_age_band,over_12_to_24h,0.0,123,90,48,75,123.0,-5.362990000000001,-0.04360154471544716,-0.28896521925806457,0.22681173171698366,10000,19.65296,19.65296,0.17749143949513002,0.46117801440734163,0.3902439024390244,93,2.55
fixed_50_50_logit_blend,quote_age_band,over_12_to_24h,0.02,123,90,48,75,123.0,-6.7557302,-0.054924635772357726,-0.2968226609392126,0.21181575940249264,10000,20.2199008,20.2199008,0.17749143949513002,0.46117801440734163,0.3902439024390244,93,2.55
fixed_50_50_logit_blend,quote_age_band,over_12_to_24h,0.05,123,90,48,75,123.0,-8.844840500000004,-0.07190927235772361,-0.3088464064616489,0.18946129528611488,10000,21.070312000000005,21.070312000000005,0.17749143949513002,0.46117801440734163,0.3902439024390244,93,2.55
fixed_50_50_logit_blend,quote_age_band,over_1_to_6h,0.0,235,136,82,153,235.0,-32.39893,-0.13786778723404255,-0.2889556685855263,0.023625019906919384,10000,45.128859999999996,45.12886,0.2092240082747663,0.4361271486016374,0.34893617021276596,183,2.7
fixed_50_50_logit_blend,quote_age_band,over_1_to_6h,0.02,235,136,82,153,235.0,-34.81095140000001,-0.14813170808510642,-0.2972437680174595,0.011092319965223411,10000,46.6262828,46.6262828,0.2092240082747663,0.4361271486016374,0.34893617021276596,183,2.7
fixed_50_50_logit_blend,quote_age_band,over_1_to_6h,0.05,235,136,82,153,235.0,-38.42898350000001,-0.16352758936170217,-0.30967591716535936,-0.007562344457233352,10000,48.872417,48.872417,0.2092240082747663,0.4361271486016374,0.34893617021276596,183,2.7
fixed_50_50_logit_blend,quote_age_band,over_6_to_12h,0.0,196,121,70,126,196.0,-7.1564600000000045,-0.036512551020408186,-0.2350857289421004,0.16958315863881776,10000,25.26695,25.26695,0.2132787651300208,0.4129064761550993,0.35714285714285715,162,2.95
fixed_50_50_logit_blend,quote_age_band,over_6_to_12h,0.02,196,121,70,126,196.0,-9.533330800000012,-0.04863944285714292,-0.24440915295272564,0.15441247196922148,10000,25.661611,25.661611,0.2132787651300208,0.4129064761550993,0.35714285714285715,162,2.95
fixed_50_50_logit_blend,quote_age_band,over_6_to_12h,0.05,196,121,70,126,196.0,-13.098637000000005,-0.06682978061224493,-0.25861449475738507,0.13179534293211925,10000,26.2536025,26.253602500000003,0.2132787651300208,0.4129064761550993,0.35714285714285715,162,2.95
fixed_50_50_logit_blend,threshold_selection_status,fallback_5_percent_insufficient_history,0.0,119,39,41,78,119.0,-11.543170000000002,-0.09700142857142859,-0.33725594707207207,0.13551494975490194,10000,14.70301,15.81301,0.20838912008534535,0.4396917483835296,0.3445378151260504,94,2.76
fixed_50_50_logit_blend,threshold_selection_status,fallback_5_percent_insufficient_history,0.02,119,39,41,78,119.0,-12.872306599999998,-0.10817064369747897,-0.3454402736860445,0.12123357190394489,10000,15.6298174,16.637617400000003,0.20838912008534535,0.4396917483835296,0.3445378151260504,94,2.76
fixed_50_50_logit_blend,threshold_selection_status,fallback_5_percent_insufficient_history,0.05,119,39,41,78,119.0,-14.8660115,-0.12492446638655463,-0.3575747163888889,0.09990161214114804,10000,17.2635985,18.11809850000001,0.20838912008534535,0.4396917483835296,0.3445378151260504,94,2.76
fixed_50_50_logit_blend,threshold_selection_status,fallback_5_percent_no_profitable_earlier_threshold,0.0,350,101,120,230,350.0,-41.70742,-0.11916405714285715,-0.25740029530048086,0.02227475663343452,10000,54.687430000000006,56.40186000000002,0.23675549950346944,0.42005381104216255,0.34285714285714286,286,2.95
fixed_50_50_logit_blend,threshold_selection_status,fallback_5_percent_no_profitable_earlier_threshold,0.02,350,101,120,230,350.0,-45.473271600000004,-0.12992363314285715,-0.26634091017530825,0.009812074284731428,10000,57.81368140000001,59.75382280000001,0.23675549950346944,0.42005381104216255,0.34285714285714286,286,2.95
fixed_50_50_logit_blend,threshold_selection_status,fallback_5_percent_no_profitable_earlier_threshold,0.05,350,101,120,230,350.0,-51.12204900000002,-0.1460629971428572,-0.279760684345322,-0.009186324354920542,10000,62.696767000000015,64.781767,0.23675549950346944,0.42005381104216255,0.34285714285714286,286,2.95
fixed_50_50_logit_blend,threshold_selection_status,selected_on_earlier_flat_profit,0.0,164,41,66,98,164.0,2.3773800000000005,0.014496219512195124,-0.20838105208086666,0.26149749794407895,10000,23.30207,28.30207,0.13585348266921174,0.45084233376801547,0.4024390243902439,123,2.535
fixed_50_50_logit_blend,threshold_selection_status,selected_on_earlier_flat_profit,0.02,164,41,66,98,164.0,0.3698323999999982,0.0022550756097560864,-0.2176020417791411,0.24607199401301033,10000,24.0160286,28.9360286,0.13585348266921174,0.45084233376801547,0.4024390243902439,123,2.535
fixed_50_50_logit_blend,threshold_selection_status,selected_on_earlier_flat_profit,0.05,164,41,66,98,164.0,-2.641489000000007,-0.016106640243902483,-0.23128121099718674,0.2224372158859911,10000,25.086966500000003,29.8869665,0.13585348266921174,0.45084233376801547,0.4024390243902439,123,2.535
leave_one_out_market,year,2022,0.0,4,4,0,4,4.0,-4.0,-1.0,-1.0,-1.0,10000,4.0,4.0,0.08861276189043055,0.18103226709425224,0.0,4,6.35
leave_one_out_market,year,2022,0.02,4,4,0,4,4.0,-4.0,-1.0,-1.0,-1.0,10000,4.0,4.0,0.08861276189043055,0.18103226709425224,0.0,4,6.35
leave_one_out_market,year,2022,0.05,4,4,0,4,4.0,-4.0,-1.0,-1.0,-1.0,10000,4.0,4.0,0.08861276189043055,0.18103226709425224,0.0,4,6.35
leave_one_out_market,year,2023,0.0,4,4,1,3,4.0,-1.0,-0.25,-1.0,1.25,10000,3.0,3.0,0.1704379220791236,0.27410059662481373,0.25,4,3.5999999999999996
leave_one_out_market,year,2023,0.02,4,4,1,3,4.0,-1.04,-0.26,-1.0,1.22,10000,3.0,3.0,0.1704379220791236,0.27410059662481373,0.25,4,3.5999999999999996
leave_one_out_market,year,2023,0.05,4,4,1,3,4.0,-1.1,-0.275,-1.0,1.1749999999999998,10000,3.0,3.0,0.1704379220791236,0.27410059662481373,0.25,4,3.5999999999999996
leave_one_out_market,year,2024,0.0,7,5,0,7,7.0,-7.0,-1.0,-1.0,-1.0,10000,7.0,7.0,0.20851690595837039,0.1475084481497657,0.0,7,8.5
leave_one_out_market,year,2024,0.02,7,5,0,7,7.0,-7.0,-1.0,-1.0,-1.0,10000,7.0,7.0,0.20851690595837039,0.1475084481497657,0.0,7,8.5
leave_one_out_market,year,2024,0.05,7,5,0,7,7.0,-7.0,-1.0,-1.0,-1.0,10000,7.0,7.0,0.20851690595837039,0.1475084481497657,0.0,7,8.5
leave_one_out_market,year,2025,0.0,7,7,0,7,7.0,-7.0,-1.0,-1.0,-1.0,10000,7.0,7.0,0.1338760435983107,0.1901580315395733,0.0,7,8.5
leave_one_out_market,year,2025,0.02,7,7,0,7,7.0,-7.0,-1.0,-1.0,-1.0,10000,7.0,7.0,0.1338760435983107,0.1901580315395733,0.0,7,8.5
leave_one_out_market,year,2025,0.05,7,7,0,7,7.0,-7.0,-1.0,-1.0,-1.0,10000,7.0,7.0,0.1338760435983107,0.1901580315395733,0.0,7,8.5
leave_one_out_market,year,2026,0.0,5,5,1,4,5.0,4.0,0.8,-1.0,4.4,10000,4.0,4.0,0.18612922914232274,0.176467349848088,0.2,5,6.75
leave_one_out_market,year,2026,0.02,5,5,1,4,5.0,3.84,0.768,-1.0,4.304,10000,4.0,4.0,0.18612922914232274,0.176467349848088,0.2,5,6.75
leave_one_out_market,year,2026,0.05,5,5,1,4,5.0,3.5999999999999996,0.72,-1.0,4.159999999999999,10000,4.0,4.0,0.18612922914232274,0.176467349848088,0.2,5,6.75
leave_one_out_market,book_name,BetMGM,0.0,2,2,0,2,2.0,-2.0,-1.0,-1.0,-1.0,10000,2.0,2.0,0.09311497382688916,0.159188200011803,0.0,2,6.875
leave_one_out_market,book_name,BetMGM,0.02,2,2,0,2,2.0,-2.0,-1.0,-1.0,-1.0,10000,2.0,2.0,0.09311497382688916,0.159188200011803,0.0,2,6.875
leave_one_out_market,book_name,BetMGM,0.05,2,2,0,2,2.0,-2.0,-1.0,-1.0,-1.0,10000,2.0,2.0,0.09311497382688916,0.159188200011803,0.0,2,6.875
leave_one_out_market,book_name,BetRivers,0.0,9,9,1,8,9.0,0.0,0.0,-1.0,2.0,10000,8.0,8.0,0.31644545576758354,0.14555484099756574,0.1111111111111111,9,9.0
leave_one_out_market,book_name,BetRivers,0.02,9,9,1,8,9.0,-0.16000000000000014,-0.017777777777777795,-1.0,1.9466666666666665,10000,8.0,8.0,0.31644545576758354,0.14555484099756574,0.1111111111111111,9,9.0
leave_one_out_market,book_name,BetRivers,0.05,9,9,1,8,9.0,-0.40000000000000036,-0.04444444444444448,-1.0,1.8666666666666663,10000,8.0,8.0,0.31644545576758354,0.14555484099756574,0.1111111111111111,9,9.0
leave_one_out_market,book_name,BetWay,0.0,3,3,1,2,3.0,0.0,0.0,-1.0,2.0,10000,2.0,2.0,0.06683567191524016,0.3808947797300837,0.3333333333333333,3,3.0
leave_one_out_market,book_name,BetWay,0.02,3,3,1,2,3.0,-0.040000000000000036,-0.013333333333333345,-1.0,1.96,10000,2.0,2.0,0.06683567191524016,0.3808947797300837,0.3333333333333333,3,3.0
leave_one_out_market,book_name,BetWay,0.05,3,3,1,2,3.0,-0.10000000000000009,-0.03333333333333336,-1.0,1.8999999999999997,10000,2.0,2.0,0.06683567191524016,0.3808947797300837,0.3333333333333333,3,3.0
leave_one_out_market,book_name,Caesars,0.0,4,4,0,4,4.0,-4.0,-1.0,-1.0,-1.0,10000,4.0,4.0,0.1359105614686686,0.154143763820001,0.0,4,7.5
leave_one_out_market,book_name,Caesars,0.02,4,4,0,4,4.0,-4.0,-1.0,-1.0,-1.0,10000,4.0,4.0,0.1359105614686686,0.154143763820001,0.0,4,7.5
leave_one_out_market,book_name,Caesars,0.05,4,4,0,4,4.0,-4.0,-1.0,-1.0,-1.0,10000,4.0,4.0,0.1359105614686686,0.154143763820001,0.0,4,7.5
leave_one_out_market,book_name,DraftKings,0.0,6,6,0,6,6.0,-6.0,-1.0,-1.0,-1.0,10000,6.0,6.0,0.06413994407520171,0.17623353579049983,0.0,6,6.575
leave_one_out_market,book_name,DraftKings,0.02,6,6,0,6,6.0,-6.0,-1.0,-1.0,-1.0,10000,6.0,6.0,0.06413994407520171,0.17623353579049983,0.0,6,6.575
leave_one_out_market,book_name,DraftKings,0.05,6,6,0,6,6.0,-6.0,-1.0,-1.0,-1.0,10000,6.0,6.0,0.06413994407520171,0.17623353579049983,0.0,6,6.575
leave_one_out_market,book_name,FanDuel,0.0,3,3,0,3,3.0,-3.0,-1.0,-1.0,-1.0,10000,3.0,3.0,0.06679051761765427,0.20716766124237504,0.0,3,5.6
leave_one_out_market,book_name,FanDuel,0.02,3,3,0,3,3.0,-3.0,-1.0,-1.0,-1.0,10000,3.0,3.0,0.06679051761765427,0.20716766124237504,0.0,3,5.6
leave_one_out_market,book_name,FanDuel,0.05,3,3,0,3,3.0,-3.0,-1.0,-1.0,-1.0,10000,3.0,3.0,0.06679051761765427,0.20716766124237504,0.0,3,5.6
leave_one_out_market,odds_band,over_10,0.0,3,3,0,3,3.0,-3.0,-1.0,-1.0,-1.0,10000,3.0,3.0,0.3379234294481683,0.10939967100475156,0.0,3,12.5
leave_one_out_market,odds_band,over_10,0.02,3,3,0,3,3.0,-3.0,-1.0,-1.0,-1.0,10000,3.0,3.0,0.3379234294481683,0.10939967100475156,0.0,3,12.5
leave_one_out_market,odds_band,over_10,0.05,3,3,0,3,3.0,-3.0,-1.0,-1.0,-1.0,10000,3.0,3.0,0.3379234294481683,0.10939967100475156,0.0,3,12.5
leave_one_out_market,odds_band,over_2_to_3,0.0,2,2,1,1,2.0,1.0,0.5,-1.0,2.0,10000,1.0,1.0,0.05803871680195605,0.39643417247547896,0.5,2,2.7
leave_one_out_market,odds_band,over_2_to_3,0.02,2,2,1,1,2.0,0.96,0.48,-1.0,1.96,10000,1.0,1.0,0.05803871680195605,0.39643417247547896,0.5,2,2.7
leave_one_out_market,odds_band,over_2_to_3,0.05,2,2,1,1,2.0,0.8999999999999999,0.44999999999999996,-1.0,1.9,10000,1.0,1.0,0.05803871680195605,0.39643417247547896,0.5,2,2.7
leave_one_out_market,odds_band,over_3_to_5,0.0,4,4,0,4,4.0,-4.0,-1.0,-1.0,-1.0,10000,4.0,4.0,0.06934086347736453,0.2736708091826515,0.0,4,4.1
leave_one_out_market,odds_band,over_3_to_5,0.02,4,4,0,4,4.0,-4.0,-1.0,-1.0,-1.0,10000,4.0,4.0,0.06934086347736453,0.2736708091826515,0.0,4,4.1
leave_one_out_market,odds_band,over_3_to_5,0.05,4,4,0,4,4.0,-4.0,-1.0,-1.0,-1.0,10000,4.0,4.0,0.06934086347736453,0.2736708091826515,0.0,4,4.1
leave_one_out_market,odds_band,over_5_to_10,0.0,18,17,1,17,18.0,-9.0,-0.5,-1.0,0.5882352941176471,10000,17.0,17.0,0.1642437973682624,0.15837683151368098,0.05555555555555555,18,7.25
leave_one_out_market,odds_band,over_5_to_10,0.02,18,17,1,17,18.0,-9.16,-0.508888888888889,-1.0,0.5599999999999999,10000,17.0,17.0,0.1642437973682624,0.15837683151368098,0.05555555555555555,18,7.25
leave_one_out_market,odds_band,over_5_to_10,0.05,18,17,1,17,18.0,-9.4,-0.5222222222222223,-1.0,0.5176470588235293,10000,17.0,17.0,0.1642437973682624,0.15837683151368098,0.05555555555555555,18,7.25
leave_one_out_market,quote_age_band,0_to_1h,0.0,7,7,0,7,7.0,-7.0,-1.0,-1.0,-1.0,10000,7.0,7.0,0.08037504187380076,0.1629439911561237,0.0,7,6.5
leave_one_out_market,quote_age_band,0_to_1h,0.02,7,7,0,7,7.0,-7.0,-1.0,-1.0,-1.0,10000,7.0,7.0,0.08037504187380076,0.1629439911561237,0.0,7,6.5
leave_one_out_market,quote_age_band,0_to_1h,0.05,7,7,0,7,7.0,-7.0,-1.0,-1.0,-1.0,10000,7.0,7.0,0.08037504187380076,0.1629439911561237,0.0,7,6.5
leave_one_out_market,quote_age_band,over_12_to_24h,0.0,2,2,0,2,2.0,-2.0,-1.0,-1.0,-1.0,10000,2.0,2.0,0.17467027392683276,0.32027535595156753,0.0,2,4.4
leave_one_out_market,quote_age_band,over_12_to_24h,0.02,2,2,0,2,2.0,-2.0,-1.0,-1.0,-1.0,10000,2.0,2.0,0.17467027392683276,0.32027535595156753,0.0,2,4.4
leave_one_out_market,quote_age_band,over_12_to_24h,0.05,2,2,0,2,2.0,-2.0,-1.0,-1.0,-1.0,10000,2.0,2.0,0.17467027392683276,0.32027535595156753,0.0,2,4.4
leave_one_out_market,quote_age_band,over_1_to_6h,0.0,10,10,2,8,10.0,2.0,0.2,-1.0,2.0,10000,7.0,7.0,0.19052839783449618,0.20558787929409367,0.2,10,6.5
leave_one_out_market,quote_age_band,over_1_to_6h,0.02,10,10,2,8,10.0,1.7999999999999998,0.18,-1.0,1.948,10000,7.0,7.0,0.19052839783449618,0.20558787929409367,0.2,10,6.5
leave_one_out_market,quote_age_band,over_1_to_6h,0.05,10,10,2,8,10.0,1.5,0.15,-1.0,1.8700000000000003,10000,7.0,7.0,0.19052839783449618,0.20558787929409367,0.2,10,6.5
leave_one_out_market,quote_age_band,over_6_to_12h,0.0,8,8,0,8,8.0,-8.0,-1.0,-1.0,-1.0,10000,8.0,8.0,0.1932937136464207,0.15368701487564235,0.0,8,7.875
leave_one_out_market,quote_age_band,over_6_to_12h,0.02,8,8,0,8,8.0,-8.0,-1.0,-1.0,-1.0,10000,8.0,8.0,0.1932937136464207,0.15368701487564235,0.0,8,7.875
leave_one_out_market,quote_age_band,over_6_to_12h,0.05,8,8,0,8,8.0,-8.0,-1.0,-1.0,-1.0,10000,8.0,8.0,0.1932937136464207,0.15368701487564235,0.0,8,7.875
leave_one_out_market,threshold_selection_status,fallback_5_percent_insufficient_history,0.0,8,8,1,7,8.0,-5.0,-0.625,-1.0,0.125,10000,5.0,5.0,0.12952534198477705,0.22756643185953299,0.125,8,5.45
leave_one_out_market,threshold_selection_status,fallback_5_percent_insufficient_history,0.02,8,8,1,7,8.0,-5.04,-0.63,-1.0,0.10999999999999999,10000,5.04,5.04,0.12952534198477705,0.22756643185953299,0.125,8,5.45
leave_one_out_market,threshold_selection_status,fallback_5_percent_insufficient_history,0.05,8,8,1,7,8.0,-5.1,-0.6375,-1.0,0.08749999999999997,10000,5.1,5.1,0.12952534198477705,0.22756643185953299,0.125,8,5.45
leave_one_out_market,threshold_selection_status,fallback_5_percent_no_profitable_earlier_threshold,0.0,19,17,1,18,19.0,-10.0,-0.5263157894736842,-1.0,0.5882352941176471,10000,18.0,18.0,0.17512614697938847,0.17084221616135858,0.05263157894736842,19,8.5
leave_one_out_market,threshold_selection_status,fallback_5_percent_no_profitable_earlier_threshold,0.02,19,17,1,18,19.0,-10.16,-0.5347368421052632,-1.0,0.5599999999999999,10000,18.0,18.0,0.17512614697938847,0.17084221616135858,0.05263157894736842,19,8.5
leave_one_out_market,threshold_selection_status,fallback_5_percent_no_profitable_earlier_threshold,0.05,19,17,1,18,19.0,-10.4,-0.5473684210526316,-1.0,0.5176470588235293,10000,18.0,18.0,0.17512614697938847,0.17084221616135858,0.05263157894736842,19,8.5
market_first_candidate,year,2022,0.0,73,35,41,32,73.0,-1.6320599999999992,-0.02235698630136985,-0.2512819776785714,0.21223692394366184,10000,10.27101,10.27101,0.09393608506159784,0.6279835159107789,0.5616438356164384,19,1.71429
market_first_candidate,year,2022,0.02,73,35,41,32,73.0,-2.2394187999999993,-0.03067696986301369,-0.25745909375,0.20173749974581942,10000,10.4655898,10.4655898,0.09393608506159784,0.6279835159107789,0.5616438356164384,19,1.71429
market_first_candidate,year,2022,0.05,73,35,41,32,73.0,-3.150457000000001,-0.04315694520547947,-0.26678370406460633,0.18579375616312732,10000,10.7574595,10.7574595,0.09393608506159784,0.6279835159107789,0.5616438356164384,19,1.71429
market_first_candidate,year,2023,0.0,3,3,0,3,3.0,-3.0,-1.0,-1.0,-1.0,10000,3.0,3.0,0.1987899835911339,0.24668468711990102,0.0,3,4.1
market_first_candidate,year,2023,0.02,3,3,0,3,3.0,-3.0,-1.0,-1.0,-1.0,10000,3.0,3.0,0.1987899835911339,0.24668468711990102,0.0,3,4.1
market_first_candidate,year,2023,0.05,3,3,0,3,3.0,-3.0,-1.0,-1.0,-1.0,10000,3.0,3.0,0.1987899835911339,0.24668468711990102,0.0,3,4.1
market_first_candidate,year,2024,0.0,2,2,0,2,2.0,-2.0,-1.0,-1.0,-1.0,10000,2.0,2.0,0.494184073513788,0.1486713280406205,0.0,2,10.5
market_first_candidate,year,2024,0.02,2,2,0,2,2.0,-2.0,-1.0,-1.0,-1.0,10000,2.0,2.0,0.494184073513788,0.1486713280406205,0.0,2,10.5
market_first_candidate,year,2024,0.05,2,2,0,2,2.0,-2.0,-1.0,-1.0,-1.0,10000,2.0,2.0,0.494184073513788,0.1486713280406205,0.0,2,10.5
market_first_candidate,year,2025,0.0,30,22,17,13,30.0,1.2655600000000007,0.04218533333333336,-0.34372325462962966,0.4578161174242424,10000,4.76744,4.76744,0.02060982355263211,0.5136012069483678,0.5666666666666667,12,1.81989
market_first_candidate,year,2025,0.02,30,22,17,13,30.0,0.9802487999999996,0.03267495999999999,-0.34917808242912995,0.4430483130032465,10000,4.7720912,4.7720912,0.02060982355263211,0.5136012069483678,0.5666666666666667,12,1.81989
market_first_candidate,year,2025,0.05,30,22,17,13,30.0,0.5522819999999999,0.0184094,-0.35694251819403716,0.4204717098557691,10000,4.779068,4.779068,0.02060982355263211,0.5136012069483678,0.5666666666666667,12,1.81989
market_first_candidate,year,2026,0.0,5,5,2,3,5.0,-1.29574,-0.259148,-1.0,0.521804,10000,1.29574,1.29574,0.12118185366250607,0.42424864535896517,0.4,3,2.54
market_first_candidate,year,2026,0.02,5,5,2,3,5.0,-1.3298252000000002,-0.26596504000000004,-1.0,0.50736792,10000,1.3298252000000002,1.3298252000000002,0.12118185366250607,0.42424864535896517,0.4,3,2.54
market_first_candidate,year,2026,0.05,5,5,2,3,5.0,-1.380953,-0.2761906,-1.0,0.4857137999999999,10000,1.380953,1.380953,0.12118185366250607,0.42424864535896517,0.4,3,2.54
market_first_candidate,book_name,BetMGM,0.0,12,12,5,7,12.0,-2.825,-0.2354166666666667,-0.7291666666666666,0.31458333333333327,10000,6.0,6.0,0.07811985606722512,0.5753857407516724,0.4166666666666667,4,1.954545
market_first_candidate,book_name,BetMGM,0.02,12,12,5,7,12.0,-2.9085,-0.242375,-0.7312500000000001,0.301625,10000,6.0,6.0,0.07811985606722512,0.5753857407516724,0.4166666666666667,4,1.954545
market_first_candidate,book_name,BetMGM,0.05,12,12,5,7,12.0,-3.0337500000000004,-0.25281250000000005,-0.734375,0.284375,10000,6.0,6.0,0.07811985606722512,0.5753857407516724,0.4166666666666667,4,1.954545
market_first_candidate,book_name,BetRivers,0.0,15,15,6,9,15.0,-5.83596,-0.389064,-0.7777773333333333,0.008066516666666657,10000,5.975820000000001,5.975820000000001,0.16278074923441097,0.47659938435606974,0.4,7,1.80645
market_first_candidate,book_name,BetRivers,0.02,15,15,6,9,15.0,-5.899240799999999,-0.39328272,-0.7795551199999999,0.0012385196666666383,10000,6.036303599999999,6.036303599999999,0.16278074923441097,0.47659938435606974,0.4,7,1.80645
market_first_candidate,book_name,BetRivers,0.05,15,15,6,9,15.0,-5.994162,-0.3996108,-0.7822218,-0.009003475833333366,10000,6.127029,6.127029,0.16278074923441097,0.47659938435606974,0.4,7,1.80645
market_first_candidate,book_name,BetWay,0.0,10,9,7,3,10.0,3.0038400000000003,0.30038400000000004,-0.31115399999999993,0.8489528888888888,10000,1.0,1.0,0.07769592632481842,0.5865126096529509,0.7,4,1.73826
market_first_candidate,book_name,BetWay,0.02,10,9,7,3,10.0,2.8837632,0.28837632,-0.31693092,0.8300116909999995,10000,1.0,1.0,0.07769592632481842,0.5865126096529509,0.7,4,1.73826
market_first_candidate,book_name,BetWay,0.05,10,9,7,3,10.0,2.703648,0.27036479999999996,-0.3255963,0.8027444495454544,10000,1.0,1.0,0.07769592632481842,0.5865126096529509,0.7,4,1.73826
market_first_candidate,book_name,Caesars,0.0,26,21,13,13,26.0,-0.23216999999999977,-0.008929615384615376,-0.43142244097222215,0.4175807799999999,10000,5.65,5.65,0.07503780044483825,0.5113494429579298,0.5,12,1.97619
market_first_candidate,book_name,Caesars,0.02,26,21,13,13,26.0,-0.48752660000000037,-0.01875102307692309,-0.436870112,0.40340562709999994,10000,5.781614,5.781614,0.07503780044483825,0.5113494429579298,0.5,12,1.97619
market_first_candidate,book_name,Caesars,0.05,26,21,13,13,26.0,-0.8705615000000002,-0.03348313461538462,-0.4448958159722222,0.38141848099999953,10000,6.002585000000001,6.002585000000001,0.07503780044483825,0.5113494429579298,0.5,12,1.97619
market_first_candidate,book_name,DraftKings,0.0,37,29,23,14,37.0,2.3025600000000006,0.06223135135135137,-0.23901936585365852,0.3920132256097561,10000,5.59986,5.59986,0.07036459840495468,0.6264111615255645,0.6216216216216216,7,1.67568
market_first_candidate,book_name,DraftKings,0.02,37,29,23,14,37.0,1.9765087999999997,0.05341915675675675,-0.2440956680810811,0.37887850542569657,10000,5.6878627999999996,5.6878627999999996,0.07036459840495468,0.6264111615255645,0.6216216216216216,7,1.67568
market_first_candidate,book_name,DraftKings,0.05,37,29,23,14,37.0,1.4874319999999996,0.040200864864864856,-0.25204553924603174,0.36001286501547974,10000,5.819867,5.819867,0.07036459840495468,0.6264111615255645,0.6216216216216216,7,1.67568
market_first_candidate,book_name,FanDuel,0.0,13,12,6,7,13.0,-3.0755099999999995,-0.23657769230769227,-0.6787283333333333,0.16526018333333317,10000,3.58056,3.58056,0.07351496577453419,0.6168021976869984,0.46153846153846156,5,1.92593
market_first_candidate,book_name,FanDuel,0.02,13,12,6,7,13.0,-3.1539998000000002,-0.24261536923076926,-0.6801537666666667,0.15446810099999927,10000,3.6489488000000003,3.6489488000000003,0.07351496577453419,0.6168021976869984,0.46153846153846156,5,1.92593
market_first_candidate,book_name,FanDuel,0.05,13,12,6,7,13.0,-3.2717345,-0.2516718846153846,-0.6822919166666667,0.14162409134615367,10000,3.751532,3.751532,0.07351496577453419,0.6168021976869984,0.46153846153846156,5,1.92593
market_first_candidate,odds_band,1_to_2,0.0,74,46,50,24,74.0,5.38776,0.07280756756756757,-0.13371946180555555,0.28675913375733847,10000,5.802829999999999,5.802829999999999,0.06676942818966843,0.6800097369748906,0.6756756756756757,0,1.60606
market_first_candidate,odds_band,1_to_2,0.02,74,46,50,24,74.0,4.800004800000001,0.06486492972972974,-0.13996219852407096,0.27714830228025117,10000,6.0267734,6.0267734,0.06676942818966843,0.6800097369748906,0.6756756756756757,0,1.60606
market_first_candidate,odds_band,1_to_2,0.05,74,46,50,24,74.0,3.918371999999998,0.052950972972972944,-0.14917198653399494,0.2627498502010124,10000,6.362688500000001,6.3626885,0.06676942818966843,0.6800097369748906,0.6756756756756757,0,1.60606
market_first_candidate,odds_band,over_10,0.0,2,2,0,2,2.0,-2.0,-1.0,-1.0,-1.0,10000,2.0,2.0,0.4479351481054245,0.12377327078793049,0.0,2,11.75
market_first_candidate,odds_band,over_10,0.02,2,2,0,2,2.0,-2.0,-1.0,-1.0,-1.0,10000,2.0,2.0,0.4479351481054245,0.12377327078793049,0.0,2,11.75
market_first_candidate,odds_band,over_10,0.05,2,2,0,2,2.0,-2.0,-1.0,-1.0,-1.0,10000,2.0,2.0,0.4479351481054245,0.12377327078793049,0.0,2,11.75
market_first_candidate,odds_band,over_2_to_3,0.0,24,22,8,16,24.0,-4.8,-0.19999999999999998,-0.6804693675889328,0.26482905982905963,10000,9.1,9.1,0.09158994635414279,0.45658686338975957,0.3333333333333333,24,2.38
market_first_candidate,odds_band,over_2_to_3,0.02,24,22,8,16,24.0,-5.024,-0.20933333333333334,-0.6842483201581028,0.25014062499999984,10000,9.238,9.238,0.09158994635414279,0.45658686338975957,0.3333333333333333,24,2.38
market_first_candidate,odds_band,over_2_to_3,0.05,24,22,8,16,24.0,-5.36,-0.22333333333333336,-0.6899167490118578,0.22778459821428546,10000,9.445,9.445,0.09158994635414279,0.45658686338975957,0.3333333333333333,24,2.38
market_first_candidate,odds_band,over_3_to_5,0.0,7,7,2,5,7.0,0.75,0.10714285714285714,-1.0,1.5714285714285714,10000,4.0,4.0,0.06229822566536676,0.28187880906099483,0.2857142857142857,7,3.7
market_first_candidate,odds_band,over_3_to_5,0.02,7,7,2,5,7.0,0.6349999999999998,0.09071428571428568,-1.0,1.5314285714285714,10000,4.0,4.0,0.06229822566536676,0.28187880906099483,0.2857142857142857,7,3.7
market_first_candidate,odds_band,over_3_to_5,0.05,7,7,2,5,7.0,0.46249999999999947,0.06607142857142849,-1.0,1.4714285714285713,10000,4.0,4.0,0.06229822566536676,0.28187880906099483,0.2857142857142857,7,3.7
market_first_candidate,odds_band,over_5_to_10,0.0,6,6,0,6,6.0,-6.0,-1.0,-1.0,-1.0,10000,6.0,6.0,0.19920366796430125,0.15166155861244981,0.0,6,8.5
market_first_candidate,odds_band,over_5_to_10,0.02,6,6,0,6,6.0,-6.0,-1.0,-1.0,-1.0,10000,6.0,6.0,0.19920366796430125,0.15166155861244981,0.0,6,8.5
market_first_candidate,odds_band,over_5_to_10,0.05,6,6,0,6,6.0,-6.0,-1.0,-1.0,-1.0,10000,6.0,6.0,0.19920366796430125,0.15166155861244981,0.0,6,8.5
market_first_candidate,quote_age_band,0_to_1h,0.0,10,10,3,7,10.0,-5.554309999999999,-0.5554309999999999,-1.0,-0.09469999999999996,10000,6.05936,6.05936,0.06796330153609463,0.5606960268610999,0.3,3,1.78788
market_first_candidate,quote_age_band,0_to_1h,0.02,10,10,3,7,10.0,-5.583223800000001,-0.5583223800000001,-1.0,-0.10080599999999999,10000,6.0781728,6.0781728,0.06796330153609463,0.5606960268610999,0.3,3,1.78788
market_first_candidate,quote_age_band,0_to_1h,0.05,10,10,3,7,10.0,-5.6265944999999995,-0.56265945,-1.0,-0.10996500000000001,10000,6.106392,6.106392,0.06796330153609463,0.5606960268610999,0.3,3,1.78788
market_first_candidate,quote_age_band,over_12_to_24h,0.0,24,22,13,11,24.0,-0.27255999999999947,-0.011356666666666645,-0.3753091017391304,0.36329277964426865,10000,3.35003,4.01669,0.08969380840805108,0.5769821338280486,0.5416666666666666,11,1.897435
market_first_candidate,quote_age_band,over_12_to_24h,0.02,24,22,13,11,24.0,-0.48710880000000056,-0.020296200000000025,-0.3806044581826087,0.35057830745059265,10000,3.4430294,4.076356199999999,0.08969380840805108,0.5769821338280486,0.5416666666666666,11,1.897435
market_first_candidate,quote_age_band,over_12_to_24h,0.05,24,22,13,11,24.0,-0.8089319999999995,-0.03370549999999998,-0.3883855855,0.3306722227272724,10000,3.5825285000000004,4.1658555,0.08969380840805108,0.5769821338280486,0.5416666666666666,11,1.897435
market_first_candidate,quote_age_band,over_1_to_6h,0.0,57,43,32,25,57.0,-1.085979999999999,-0.019052280701754368,-0.2509825717155835,0.1990663911290322,10000,7.6053999999999995,7.77255,0.07944987062062993,0.5590765695738971,0.5614035087719298,20,1.80645
market_first_candidate,quote_age_band,over_1_to_6h,0.02,57,43,32,25,57.0,-1.5642603999999989,-0.02744316491228068,-0.25727843390810623,0.18841552991935476,10000,7.713291999999999,7.997098999999999,0.07944987062062993,0.5590765695738971,0.5614035087719298,20,1.80645
market_first_candidate,quote_age_band,over_1_to_6h,0.05,57,43,32,25,57.0,-2.281681,-0.040029491228070174,-0.26670974174528306,0.17239241058836993,10000,7.87513,8.3339225,0.07944987062062993,0.5590765695738971,0.5614035087719298,20,1.80645
market_first_candidate,quote_age_band,over_6_to_12h,0.0,22,19,12,10,22.0,0.25061,0.011391363636363637,-0.4070119008152174,0.5293565838744583,10000,3.0,3.0,0.10478860180268339,0.5948898576353353,0.5454545454545454,5,1.636365
market_first_candidate,quote_age_band,over_6_to_12h,0.02,22,19,12,10,22.0,0.04559779999999947,0.0020726272727272484,-0.4113635106249999,0.5131992548245613,10000,3.0,3.0,0.10478860180268339,0.5948898576353353,0.5454545454545454,5,1.636365
market_first_candidate,quote_age_band,over_6_to_12h,0.05,22,19,12,10,22.0,-0.2619205,-0.011905477272727272,-0.4177668289031621,0.4882153955200497,10000,3.0,3.0,0.10478860180268339,0.5948898576353353,0.5454545454545454,5,1.636365
market_first_candidate,threshold_selection_status,fallback_5_percent_insufficient_history,0.0,78,40,41,37,78.0,-6.632059999999999,-0.08502641025641025,-0.3082207763554217,0.14114321243606134,10000,13.522099999999998,13.522099999999998,0.10823169624740538,0.6010281202426642,0.5256410256410257,24,1.754985
market_first_candidate,threshold_selection_status,fallback_5_percent_insufficient_history,0.02,78,40,41,37,78.0,-7.239418799999999,-0.09281306153846153,-0.3137153890147059,0.13132974459117636,10000,13.891658,13.891658,0.10823169624740538,0.6010281202426642,0.5256410256410257,24,1.754985
market_first_candidate,threshold_selection_status,fallback_5_percent_insufficient_history,0.05,78,40,41,37,78.0,-8.150457000000001,-0.10449303846153847,-0.32213305740131576,0.11654363885957782,10000,14.445995,14.445995,0.10823169624740538,0.6010281202426642,0.5256410256410257,24,1.754985
market_first_candidate,threshold_selection_status,fallback_5_percent_no_profitable_earlier_threshold,0.0,5,5,2,3,5.0,-1.29574,-0.259148,-1.0,0.521804,10000,1.29574,1.29574,0.12118185366250607,0.42424864535896517,0.4,3,2.54
market_first_candidate,threshold_selection_status,fallback_5_percent_no_profitable_earlier_threshold,0.02,5,5,2,3,5.0,-1.3298252000000002,-0.26596504000000004,-1.0,0.50736792,10000,1.3298252000000002,1.3298252000000002,0.12118185366250607,0.42424864535896517,0.4,3,2.54
market_first_candidate,threshold_selection_status,fallback_5_percent_no_profitable_earlier_threshold,0.05,5,5,2,3,5.0,-1.380953,-0.2761906,-1.0,0.4857137999999999,10000,1.380953,1.380953,0.12118185366250607,0.42424864535896517,0.4,3,2.54
market_first_candidate,threshold_selection_status,selected_on_earlier_flat_profit,0.0,30,22,17,13,30.0,1.2655600000000007,0.04218533333333336,-0.34372325462962966,0.4578161174242424,10000,4.76744,4.76744,0.02060982355263211,0.5136012069483678,0.5666666666666667,12,1.81989
market_first_candidate,threshold_selection_status,selected_on_earlier_flat_profit,0.02,30,22,17,13,30.0,0.9802487999999996,0.03267495999999999,-0.34917808242912995,0.4430483130032465,10000,4.7720912,4.7720912,0.02060982355263211,0.5136012069483678,0.5666666666666667,12,1.81989
market_first_candidate,threshold_selection_status,selected_on_earlier_flat_profit,0.05,30,22,17,13,30.0,0.5522819999999999,0.0184094,-0.35694251819403716,0.4204717098557691,10000,4.779068,4.779068,0.02060982355263211,0.5136012069483678,0.5666666666666667,12,1.81989
