cohort,strategy,net_winning_payout_reduction,selections,events,wins,losses,risk_units,profit_units,roi,roi_ci_95_lower,roi_ci_95_upper,bootstrap_samples,event_close_drawdown_units,source_fight_id_order_drawdown_units,mean_estimated_return_before_stress,mean_selected_win_probability,observed_win_rate,underdog_bets,median_decimal_odds
all_scored_years,current_model,0.0,748,185,291,457,748.0,-42.59362,-0.056943342245989306,-0.15139976869263874,0.04187422587854703,10000,58.759640000000005,60.32328000000001,0.3827073513704865,0.5085558221062374,0.3890374331550802,558,2.64
all_scored_years,fixed_50_50_logit_blend,0.0,633,181,227,406,633.0,-50.87321000000001,-0.08036842022116905,-0.1900852561778545,0.029667181080507275,10000,58.54282,59.74282000000001,0.20528072871109185,0.43172242442393605,0.358609794628752,503,2.76
all_scored_years,leave_one_out_market,0.0,27,25,2,25,27.0,-15.0,-0.5555555555555556,-1.0,0.2413793103448276,10000,23.0,23.0,0.16161479735135545,0.1876493911830399,0.07407407407407407,27,6.75
all_scored_years,market_first_candidate,0.0,113,67,60,53,113.0,-6.662239999999998,-0.05895787610619467,-0.24830987624848666,0.13419509343434333,10000,14.272099999999998,14.272099999999998,0.08554226798397446,0.569995334638705,0.5309734513274337,39,1.8
all_scored_years,no_bets,0.0,0,0,0,0,0.0,0.0,,,,0,0.0,0.0,,,,0,
all_scored_years,current_model,0.02,748,185,291,457,748.0,-50.8817476,-0.06802372673796792,-0.1612576695921371,0.029516636128315937,10000,64.28444719999999,65.7968144,0.3827073513704865,0.5085558221062374,0.3890374331550802,558,2.64
all_scored_years,fixed_50_50_logit_blend,0.02,633,181,227,406,633.0,-57.9757458,-0.09158885592417061,-0.19990356987825572,0.016944157919404852,10000,63.271963600000035,64.4279636,0.20528072871109185,0.43172242442393605,0.358609794628752,503,2.76
all_scored_years,leave_one_out_market,0.02,27,25,2,25,27.0,-15.2,-0.5629629629629629,-1.0,0.21931034482758618,10000,23.04,23.04,0.16161479735135545,0.1876493911830399,0.07407407407407407,27,6.75
all_scored_years,market_first_candidate,0.02,113,67,60,53,113.0,-7.5889951999999985,-0.06715924955752212,-0.2547370448482143,0.12402458434894079,10000,14.686658000000001,14.686658,0.08554226798397446,0.569995334638705,0.5309734513274337,39,1.8
all_scored_years,no_bets,0.02,0,0,0,0,0.0,0.0,,,,0,0.0,0.0,,,,0,
all_scored_years,current_model,0.05,748,185,291,457,748.0,-63.313939000000026,-0.08464430347593586,-0.175988416026111,0.010945972309652979,10000,72.57165800000001,74.00711600000001,0.3827073513704865,0.5085558221062374,0.3890374331550802,558,2.64
all_scored_years,fixed_50_50_logit_blend,0.05,633,181,227,406,633.0,-68.62954950000002,-0.10841950947867303,-0.21464911603812828,-0.0023168687799834985,10000,70.36567900000001,71.45567899999998,0.20528072871109185,0.43172242442393605,0.358609794628752,503,2.76
all_scored_years,leave_one_out_market,0.05,27,25,2,25,27.0,-15.500000000000002,-0.5740740740740742,-1.0,0.1862068965517241,10000,23.1,23.1,0.16161479735135545,0.1876493911830399,0.07407407407407407,27,6.75
all_scored_years,market_first_candidate,0.05,113,67,60,53,113.0,-8.979128000000003,-0.0794613097345133,-0.26405105549089075,0.10887253405963296,10000,15.308495,15.308495,0.08554226798397446,0.569995334638705,0.5309734513274337,39,1.8
all_scored_years,no_bets,0.05,0,0,0,0,0.0,0.0,,,,0,0.0,0.0,,,,0,
enough_prior_threshold_examples,current_model,0.0,602,144,233,369,602.0,-39.80612000000001,-0.06612312292358805,-0.17379339787217826,0.0439426801190476,10000,58.75964,60.32328,0.3836319628249701,0.5066404080025007,0.38704318936877075,448,2.65
enough_prior_threshold_examples,fixed_50_50_logit_blend,0.0,514,142,186,328,514.0,-39.33004,-0.07651758754863813,-0.1944549014503689,0.04478953430008695,10000,58.54282,59.742819999999995,0.20456108168086584,0.4298773863865981,0.36186770428015563,409,2.8
enough_prior_threshold_examples,leave_one_out_market,0.0,19,17,1,18,19.0,-10.0,-0.5263157894736842,-1.0,0.5882352941176471,10000,18.0,18.0,0.17512614697938847,0.17084221616135858,0.05263157894736842,19,8.5
enough_prior_threshold_examples,market_first_candidate,0.0,35,27,19,16,35.0,-0.030180000000000096,-0.000862285714285717,-0.3502510892137097,0.3719498598345584,10000,5.47841,5.47841,0.03497725642547124,0.500836555292739,0.5428571428571428,15,1.83333
enough_prior_threshold_examples,no_bets,0.0,0,0,0,0,0.0,0.0,,,,0,0.0,0.0,,,,0,
enough_prior_threshold_examples,current_model,0.02,602,144,233,369,602.0,-46.38999760000001,-0.07705979667774088,-0.18319692248429584,0.03156451276920729,10000,64.28444720000002,65.7968144,0.3836319628249701,0.5066404080025007,0.38704318936877075,448,2.65
enough_prior_threshold_examples,fixed_50_50_logit_blend,0.02,514,142,186,328,514.0,-45.10343920000001,-0.08774988171206227,-0.2041348384657872,0.031983062316441005,10000,63.27196360000001,64.4279636,0.20456108168086584,0.4298773863865981,0.36186770428015563,409,2.8
enough_prior_threshold_examples,leave_one_out_market,0.02,19,17,1,18,19.0,-10.16,-0.5347368421052632,-1.0,0.5599999999999999,10000,18.0,18.0,0.17512614697938847,0.17084221616135858,0.05263157894736842,19,8.5
enough_prior_threshold_examples,market_first_candidate,0.02,35,27,19,16,35.0,-0.34957639999999957,-0.00998789714285713,-0.3551941014015152,0.3578080668571428,10000,5.5488418,5.5488418,0.03497725642547124,0.500836555292739,0.5428571428571428,15,1.83333
enough_prior_threshold_examples,no_bets,0.02,0,0,0,0,0.0,0.0,,,,0,0.0,0.0,,,,0,
enough_prior_threshold_examples,current_model,0.05,602,144,233,369,602.0,-56.26581400000003,-0.09346480730897014,-0.19749110962521974,0.013196611072672336,10000,72.57165800000001,74.00711600000001,0.3836319628249701,0.5066404080025007,0.38704318936877075,448,2.65
enough_prior_threshold_examples,fixed_50_50_logit_blend,0.05,514,142,186,328,514.0,-53.763538000000025,-0.1045983229571985,-0.21870345834697313,0.0127622831815697,10000,70.36567900000003,71.455679,0.20456108168086584,0.4298773863865981,0.36186770428015563,409,2.8
enough_prior_threshold_examples,leave_one_out_market,0.05,19,17,1,18,19.0,-10.4,-0.5473684210526316,-1.0,0.5176470588235293,10000,18.0,18.0,0.17512614697938847,0.17084221616135858,0.05263157894736842,19,8.5
enough_prior_threshold_examples,market_first_candidate,0.05,35,27,19,16,35.0,-0.8286710000000006,-0.023676314285714303,-0.36258881280080213,0.33743793100840325,10000,5.6544894999999995,5.6544894999999995,0.03497725642547124,0.500836555292739,0.5428571428571428,15,1.83333
enough_prior_threshold_examples,no_bets,0.05,0,0,0,0,0.0,0.0,,,,0,0.0,0.0,,,,0,
