strategy,event_date,event_id,matchup_id,decision_id,selected_fighter_id,selection,book,moneyline,recorded_probability,minimum_expected_return,recorded_ev,proportional_market_probability,power_market_probability,calibrated_market_probability,calibrated_lower_probability,proportional_market_ev,power_market_ev,calibrated_market_ev,omission_min_ev,omission_max_ev,other_book_count,comparison_mean_overround,target_quote_age_seconds,won,profit_units,final_status,final_quote_id,final_observed_at_utc,final_same_book_probability_movement,final_independent_probability_advantage,final_power_probability_advantage,longshot
locked_market,2026-08-22,a0a69dc9914ef6e1,matchup_f02d13336e28fd11d4d67ce3b551ef79a82807effcfdfa6987ffff00233b14ae,30dc1ca97b928526451beb2033f87f045d643f29f501c885265f518ee1dbdbe8,8061a3136026a673,Jeisla Chaves,Bovada,450,0.19367753285617323,0.05,0.06522643070895273,0.19367753285617323,0.16749732354731636,,,0.06522643070895273,-0.07876472048976002,,0.05573741022519618,0.0750118829648263,10,1.053832404095927,112.218293,0,-1.0,missing_final_same_book_quote,,,,,,True
locked_market,2026-08-22,a0a69dc9914ef6e1,matchup_fed9bd92cf25bf722674809712169440431c7630ef62bc2874998709ca4801e9,359c8bfcf414a032b5e773b1e19abe335bca6b71f84842bab37d209c1c05b425,23a81656507b56a3,Terrance Chatman,BetMGM,750,0.12693064026754047,0.05,0.07891044227409405,0.1269306402675405,0.09597663852220613,,,0.07891044227409427,-0.18419857256124794,,0.07236939928036779,0.08545604697121578,10,1.050089765231363,10.218293,0,-1.0,missing_final_same_book_quote,,,,,,True
locked_market,2026-09-19,8a0a35e7c74bebcc,matchup_24d2abb788a1cd512c495fdc548d6e73ba97540b84f658b9ddefdfce49e378d6,1f132569e602c443fea1d17200ee3286fa193b2748cd331e4b9792063b37f139,0f3a990526c5e706,Sean Sharaf,BetOnline.ag,1248,0.08431220737906908,0.05,0.1365285554698512,0.08431220737906908,0.04726465874219815,0.06360262743846559,0.04162189903770127,0.1365285554698512,-0.36287240015516886,-0.14263658212948382,0.10995570778795094,0.15377981008876795,9,1.050909469337428,290.71557,1,12.48,available,d5c0b67dfae51a46c326935ed01902f43f12b3621efbe827f83e9a5a31e2da22,2026-09-19T20:29:05.039584Z,0.002739100661949337,0.010893297360460838,-0.02514318544630157,True
locked_market,2026-09-26,7e654edcddd71550,matchup_34028b84a7ec0b53a2fa9219c106e593df1824e7fab7bcebd62d525afd645b53,54978399596cebafc0c34be98ced29a1121cb4095ebbff817e54880c48444ed0,2c483cf443f38ece,Vanessa Demopoulos,DraftKings,675,0.1392245745160823,0.05,0.07899045249963788,0.13922457451608233,0.11047881956025617,0.11259349881934058,0.08350061169339712,0.0789904524996381,-0.1437891484080147,-0.12740038415011046,0.0645416502877958,0.09059884125090001,8,1.048891043219076,35.317988,0,-1.0,available,fadaa48afec22ff2036faaa13544a3e4a37e8e86b0e02d48c96adc8344a1d544,2026-09-26T20:29:17.907609Z,0.013824884792626724,0.010304816447829213,-0.018323680729637942,True
market_first,2026-09-05,2144954270be834d,matchup_1fce52baf78bc8d3d8b338f10139cc7aeb18fe188c5bae17140a9dcc62f262e6,17fee00ad83952ec81e7b087f7d19e3149237f38f06999450f1bb072a5981b9b,9f5e3c20ce40b344,Klaudia Sygula,Hard Rock Bet,100,0.5297338497458179,0.025,0.059467699491635884,0.49997850164197793,0.499866419534134,0.49997537509698536,0.4999717282981492,-4.2996716044130245e-05,-0.0002671609317319579,-4.9249806029272314e-05,-0.005315518368250172,0.004937772463345258,9,1.0509885928202356,16.686757,0,-1.0,missing_final_same_book_quote,,,,,,False
market_first,2026-09-05,2144954270be834d,matchup_86b2eb61db67ca8fa121533f6e961a913c37fc9cd4cd9b044b5534cfa1159816,257f9d4eb82d2395145f14c7c52b9ceadb82aa395266c77b680eda7b6f49e5e2,70dd69b6a703257e,Daniil Donchenko,DraftKings,-230,0.7238820005823281,0.025,0.03861330518334016,0.6756207596941305,0.6886442853267001,0.6981634105333357,0.6721642028258524,-0.03063108391711722,-0.011945155835604293,0.0017127194608730356,-0.03161907874848757,-0.02919039759267339,10,1.0484070831505559,41.686757,1,0.43478260869565216,missing_final_same_book_quote,,,,,,False
market_first,2026-09-05,2144954270be834d,matchup_e77fa0e4f3862227418eef40fbbb1a99437034414985a81107bee615f9da08ca,3725276d11aafd1af4d482475b305374e4d4c487c682b045a76e92d9c514423a,9256f591b30c073e,Felipe Lima,BetAnything,-198,0.6845700285255212,0.025,0.030312467174774316,0.6421819067969445,0.652205956663856,0.6612659425181108,0.6392959102001614,-0.03348379684096214,-0.01839709552611568,-0.004761359240419094,-0.03449708032664989,-0.030692007192786308,10,1.046286584647307,39.686757,1,0.5050505050505051,missing_final_same_book_quote,,,,,,False
market_first,2026-09-05,2144954270be834d,matchup_a98b162dd2ff1d5415a572a5a20b0f37599fc71cd28b0ac30b961720373d1199,595d0e38ace34a0d1183c1585f101f84f093a318193c7c6beb12c87bc47cd9f7,46e2011d92463b7e,Oumar Sy,FanDuel,-230,0.7472023918216024,0.025,0.07207299696142955,0.6725913888207798,0.6848667896209547,0.6948454976867097,0.6691838059111356,-0.03497757256148981,-0.01736504097863023,-0.00304776418863395,-0.03735430767701775,-0.032670485058412524,10,1.0466293997454235,41.686757,0,-1.0,missing_final_same_book_quote,,,,,,False
market_first,2026-09-05,2144954270be834d,matchup_c4fdd2478b8f9bfba7f679889348ae3848153f5d11360f550d52e07349e29e17,612caf1fcbd1210a324edbd43b8c2adf6ba1266f92d0891d1ffd3dd9da7785fd,39d309957c5c210d,Mario Pinto,BetMGM,-325,0.8087642855795236,0.025,0.057614834988607866,0.7363816458383883,0.7530277943438,0.763472578109194,0.7320845791045215,-0.0370393862113384,-0.015271345858107743,-0.0016127824725924444,-0.038896633851720264,-0.03582154023482054,10,1.0457201160930958,41.686757,1,0.3076923076923077,missing_final_same_book_quote,,,,,,False
market_first,2026-09-05,2144954270be834d,matchup_5ba9978871b848d5b7445f82c33ad8b233afd688c6347983e72b3aec7be3e696,726bb53513a9f8e3751b5e5d0339702d73994ad2b44a4f1c4b70d2831ead9d0d,329e403448756217,Nathaniel Wood,Bovada,-290,0.802432315728526,0.025,0.07913311425560399,0.7196575269880054,0.7360666205619278,0.7457506477984753,0.7155620579102632,-0.03218470508509608,-0.010117303382234932,0.0029060435910530646,-0.03259673972685739,-0.031074876980628385,10,1.048408358839653,189.686757,0,-1.0,missing_final_same_book_quote,,,,,,False
market_first,2026-09-05,2144954270be834d,matchup_28fea7b40a742271baa73e0e4459f1d5777e4498f310623c111e7397e38f7183,73c2face3c0e1c82a43d27d68600a959603a405b9a455be56513091fb754eb44,33a86e839ad202d8,Luis Felipe Dias,BetOnline.ag,103,0.5982150406218145,0.025,0.21437653246228372,0.4849045920302289,0.48366473920232433,0.4827111540022735,0.48015298176960997,-0.015643678178635212,-0.01816057941928151,-0.020096357375384732,-0.020021346489868863,-0.013716998663781843,8,1.052460422584948,31.686757,0,-1.0,missing_final_same_book_quote,,,,,,False
market_first,2026-09-05,2144954270be834d,matchup_0dc64302fb9aa1e8a2fefa3fcd256374a63542df95f08a12b53d18c5af710d5b,c1a99656820e151f84794020bd93939b34f5c32bb4a1fd8aaf27ec4cebacd97b,193b9d1858bc4df3,Dan Hooker,BetOnline.ag,451,0.21044320312645592,0.025,0.15954204922677206,0.18348748277784482,0.1566434307117953,0.15489496099099342,0.12311568553074899,0.011016030105925001,-0.13689469677800803,-0.1465287649396263,-0.0031044042703602948,0.018810368456912308,7,1.0530739556224837,31.686757,0,-1.0,missing_final_same_book_quote,,,,,,True
market_first,2026-09-05,2144954270be834d,matchup_efceb8a2cf0faca403b487b7f86a45ed53496d69cfb44431d1fce10df1751431,d86a09a5667ea042cd7c47273b7cfb426ee8363d50e79bfdd0af99227a73c464,5b43d68174b6e2ab,Losene Keita,BetOnline.ag,-350,0.823823281003383,0.025,0.0592013612900637,0.7546887634847014,0.7754191438172297,0.7826232307302287,0.7502014218247838,-0.029685875519669724,-0.0030325293778477036,0.006229868081722545,-0.031835503804410026,-0.0264905326115622,9,1.0523398297771018,31.686757,1,0.2857142857142857,missing_final_same_book_quote,,,,,,False
market_first,2026-09-19,8a0a35e7c74bebcc,matchup_476907300c352a3007df1648d5891307dad34b5ffaf7f0940510328bb5dda3c1,1e78f442d5925669fa48390288017df53f6887de2885b9e012aaff5e79ffefdf,1c23ec2f1b71be40,Iwo Baraniewski,BetAnything,-245,0.7627458725509881,0.025,0.074070718490167,0.68417236176681,0.6979227910310022,0.7075006533983241,0.6805807745191127,-0.03657361302224715,-0.01721076365022145,-0.0037235697044006866,-0.038419033297792726,-0.03226348966872683,9,1.0487024466232184,128.71557,0,-1.0,available,043271d95c3992030343783da4f3ef01b4d3fc4e24cb6c860ac2f553299c9abe,2026-09-19T20:29:05.039584Z,0.01207729468599028,-0.03297251747097241,-0.019791698931326263,False
market_first,2026-09-19,8a0a35e7c74bebcc,matchup_c79dcc9635165d1f4a1e239bf9c5b598ecfcf90c75e2f49b00cff1c9260a3fd4,97e7ec717a487e7d083b3c5743248851bdd75e08c3dc3c7e657a656c5f86025f,e463ce0a2ca474f4,Ryan Gandra,BetOnline.ag,-500,0.883949704748731,0.025,0.06073964569847723,0.807459322474064,0.8337420536321495,0.8361865623093792,0.8026361504255137,-0.031048813031123168,0.0004904643585792456,0.0034238747712549422,-0.03251874714732306,-0.02676301023775962,9,1.053777242244977,290.71557,1,0.2,available,ae0c26b93cbff97be304b4bc482a1e5426113d936d91c648937d97f233ce7a59,2026-09-19T20:29:05.039584Z,0.004065040650406471,-0.031018986016309147,-0.006580072669230552,False
market_first,2026-09-19,8a0a35e7c74bebcc,matchup_46acdff5f3e3f7792daa1d5df06232e0e473168e2b7cb8890421fed3e858632b,c09464a7b909039de6c153f9d76c15c7da9b51d982499e00c831f13c53fa34ea,eae48ff31db420c2,Arman Tsarukyan,DraftKings,-310,0.7921980051253126,0.025,0.04774574871412307,0.7254868167981805,0.7440152065661554,0.7519513498212419,0.7213182430144272,-0.04048517778305161,-0.015979888089923566,-0.005483698623518829,-0.04345328291997419,-0.03920364049704439,9,1.0530859527056182,58.71557,1,0.3225806451612903,available,bb80642e2bc97f33f41f20fbf55803639b8d07bf141bc82132658cdecbf3b95b,2026-09-19T20:29:05.039584Z,0.0,-0.031949970571440556,-0.01431819713353899,False
market_first,2026-09-19,8a0a35e7c74bebcc,matchup_6e355a8ad7d197cbe29ce642d75d50d2a8e45844e42d87852e64e4bf6ec40b9c,c2cb741c83ef3ce96d4a89ac48f045894a40a4fe4d86a335cb48e189f6975de6,17e97649403ba428,Joshua Van,Bovada,-135,0.6189239633580331,0.025,0.07738615843805774,0.5553332822296984,0.5594528188456019,0.5632862665083747,0.5541565101204811,-0.03330873093348807,-0.02613768571321151,-0.01946464718912566,-0.03650544633329811,-0.03144532133585387,9,1.0496241791698184,125.71557,1,0.7407407407407407,available,3220de0d1fbb268367c235c53ecaf8caa8a96373647eeb6499bee095efe3921f,2026-09-19T20:29:05.039584Z,0.04530377801148766,0.011096005972681788,0.017482089085839037,False
market_first,2026-09-19,8a0a35e7c74bebcc,matchup_acd0e6b31a1c8fb3bae358145f988d378eaf334300bf13546996916eed3530b8,d815bdab20808440abdbf5bc64e004531ddb6e77da8ccb46ccec30003a1da698,4144798612ef96e5,Edmen Shahbazyan,BetOnline.ag,-180,0.6635638117348488,0.025,0.03221037380976477,0.6183088273453793,0.6265686518958165,0.6345954955730989,0.6158654284355111,-0.03818626857385443,-0.025337652606507777,-0.012851451330735064,-0.04080698267850935,-0.036706637038635304,8,1.04632318563001,290.71557,1,0.5555555555555556,available,498261e87d5d6b7ac972be73642944b32ca8b100c1ee74e704b8d718cb8959ac,2026-09-19T20:29:05.039584Z,-0.013227513227513255,-0.021575545521796857,-0.012647223281376685,False
market_first,2026-09-26,7e654edcddd71550,matchup_34028b84a7ec0b53a2fa9219c106e593df1824e7fab7bcebd62d525afd645b53,2bb18a96477a32da835b0fe29692cfffca602aa1a93e1a9e0db9dca7c502bcd4,40cb680ae1cd331f,Yazmin Jauregui,Hard Rock Bet,-900,0.9272480199826372,0.025,0.030275577758485772,0.862965477274719,0.8914224050097828,0.8894392104722895,0.858233235324858,-0.041149469694756635,-0.009530661100241367,-0.01173421058634494,-0.04324664126109723,-0.03873032956446265,8,1.0481319917412306,50.317988,1,0.1111111111111111,available,bad994d24bd9bac6018d4ab977af08adff046c3120660535573b13f3591729ac,2026-09-26T20:29:17.907609Z,0.0,-0.03885302397746948,-0.010553361635761815,False
market_first,2026-09-26,7e654edcddd71550,matchup_77abcf3c53b775efe29136d638e75a9874c26ecf33cd29728d274597c66b3704,4ef14056fb0c9fcae73a1a3c125c7fc81403d154817b942e3c3f29431624d8c4,5fa2974cbd18e05c,John Castaneda,Hard Rock Bet,-350,0.8195034788094533,0.025,0.05364732989786836,0.7560442931951821,0.7758687618294287,0.7840303495786684,0.7515442213093771,-0.02794305160619459,-0.0024544490764489835,0.00803902088685926,-0.03078284238864637,-0.025602919036816996,8,1.0499588507783653,50.317988,0,-1.0,available,18faa2d21863fd792e6a5e3cac088332c60f7b3fce5fc9fc37a575d1b59b8969,2026-09-26T20:29:17.907609Z,0.0,-0.0392291671428987,-0.022157101728569772,False
market_first,2026-09-26,7e654edcddd71550,matchup_7aa95ba68484517158ef35e7f68d68ddaa97e6998cad2e106c8088000ff50d60,c2cfe6b1f521322c592a8a9a3523a5d3f03182d77fa57d9f48618c7857c062d4,06e4245d16fc5315,Ailin Perez,Bally Bet,-143,0.6201518356495476,0.025,0.05382444799188835,0.577783130546714,0.5831519603078011,0.5888336603703985,0.576141882944105,-0.018172722217821624,-0.009049466050379928,0.0006054508392085989,-0.023345673656995136,-0.013779728383129464,8,1.0467365549027958,17.317988,1,0.6993006993006993,available,cdd0219f60820d77fec70d7413f1962cd854264d396538017b7a92b186a957d2,2026-09-26T20:29:17.907609Z,0.047886270108492335,0.008402828457641731,0.015299383732339966,False
market_first,2026-09-26,7e654edcddd71550,matchup_e6fbd5b4ed13b05288ca09bebeb9979c204884c0b08d8693b89a0d3ae9faae5a,c84b1db0072e4867e9b81e43fee94a3243540b907c99d50d38d1c1092a1b89ce,cc1a8b4b38b92c6d,Montel Jackson,Hard Rock Bet,-200,0.6835551043797148,0.025,0.025332656569572176,0.6491124561088415,0.6592755406266649,0.6689604417361795,0.6461030906438464,-0.026331315836737756,-0.011086689060002541,0.00344066260426934,-0.028123337998187337,-0.024097890880709905,8,1.0451446301476208,50.317988,1,0.5,available,c62212b12e3d59f00362f304285ff7acdc7a49556f9f7113874ca7191e089222,2026-09-26T20:29:17.907609Z,0.02564102564102566,-0.002355360153879049,0.009349752733105565,False
