event_id,day,fight_url,fighter,opponent,forecast_issued_at_utc,mechanics_profile_id,simulated_rounds,recorded_schedule,schedule_matches,target,winner_probability,decision_probability,actual_decision,ko_probability,actual_ko,submission_probability,actual_submission,predicted_seconds,actual_seconds
2144954270be834d,2026-09-05,http://ufcstats.com/fight-details/55f698e5c4ed2c47,Fares Ziam,Axel Sola,2026-09-04T01:45:24.823318+00:00,mechanics-8ba01f34444f,3,3 Rnd (5-5-5),True,0,0.3069825436408978,0.30810546875,0,0.527587890625,1,0.14111328125,0,526.3565713232422,100.0
7e654edcddd71550,2026-09-26,http://ufcstats.com/fight-details/5e5d01e437bced71,Norma Dumont,Ailin Perez,2026-09-04T01:45:24.823318+00:00,mechanics-8ba01f34444f,3,3 Rnd (5-5-5),True,0,0.4416624937406109,0.537353515625,1,0.296875,0,0.138427734375,0,676.5719597548829,900.0
2144954270be834d,2026-09-05,http://ufcstats.com/fight-details/94d411112ebe8fad,Oumar Sy,Modestas Bukauskas,2026-09-04T01:45:24.823318+00:00,mechanics-8ba01f34444f,3,3 Rnd (5-5-5),True,0,0.5824703207880778,0.68701171875,0,0.156982421875,1,0.1201171875,0,762.0045855385742,537.0
8a0a35e7c74bebcc,2026-09-19,http://ufcstats.com/fight-details/568ec6af4008355a,Joshua Van,Alexandre Pantoja,2026-09-04T01:45:24.823318+00:00,mechanics-8ba01f34444f,5,5 Rnd (5-5-5-5-5),True,1,0.6552917903066271,0.18408203125,1,0.576171875,0,0.223876953125,0,708.2371092236328,1500.0
638cfec7ec559d6e,2026-09-12,http://ufcstats.com/fight-details/034c04e480d87b8f,Jean Silva,Jose Delgado,2026-09-04T01:45:24.823318+00:00,mechanics-8ba01f34444f,5,5 Rnd (5-5-5-5-5),True,1,0.47377493228268897,0.05517578125,0,0.865966796875,0,0.068603515625,1,450.2706989091797,777.0
2144954270be834d,2026-09-05,http://ufcstats.com/fight-details/c23197c7e4f2fd9d,Michael Page,Nursulton Ruziboev,2026-09-04T01:45:24.823318+00:00,mechanics-8ba01f34444f,3,3 Rnd (5-5-5),True,1,0.24754963558683085,0.370849609375,1,0.528564453125,0,0.06982421875,0,570.1033852421875,900.0
638cfec7ec559d6e,2026-09-12,http://ufcstats.com/fight-details/51caa91f68873cf5,David Martinez,Dan Ige,2026-09-04T01:45:24.823318+00:00,mechanics-8ba01f34444f,3,3 Rnd (5-5-5),True,1,0.5472887767969735,0.521240234375,1,0.392578125,0,0.051513671875,0,669.1267010776368,900.0
638cfec7ec559d6e,2026-09-12,http://ufcstats.com/fight-details/1aa008d8597a73b8,Brandon Moreno,Joseph Morales,2026-09-04T01:45:24.823318+00:00,mechanics-8ba01f34444f,3,3 Rnd (5-5-5),True,1,0.5486265775798069,0.43310546875,1,0.291015625,0,0.259521484375,0,615.100704409912,900.0
7e654edcddd71550,2026-09-26,http://ufcstats.com/fight-details/5a5395d939bb3ff3,Rodolfo Vieira,Robert Bryczek,2026-09-04T01:45:24.823318+00:00,mechanics-8ba01f34444f,3,3 Rnd (5-5-5),True,1,0.7208083832335329,0.462646484375,1,0.21533203125,0,0.298583984375,0,634.1698682905273,900.0
8a0a35e7c74bebcc,2026-09-19,http://ufcstats.com/fight-details/9be47241c960d082,Edmen Shahbazyan,Brunno Ferreira,2026-09-04T01:45:24.823318+00:00,mechanics-8ba01f34444f,3,3 Rnd (5-5-5),True,1,0.6039089559623948,0.198486328125,1,0.676513671875,0,0.1103515625,0,453.86069175,900.0
8a0a35e7c74bebcc,2026-09-19,http://ufcstats.com/fight-details/d0361fe28d05a0b5,Marlon Vera,Charles Jourdain,2026-09-04T01:45:24.823318+00:00,mechanics-8ba01f34444f,3,3 Rnd (5-5-5),True,1,0.34095427435387676,0.380615234375,0,0.513671875,1,0.08544921875,0,581.0522082827148,722.0
638cfec7ec559d6e,2026-09-12,http://ufcstats.com/fight-details/606639bf387f60e2,Waldo Cortes Acosta,Curtis Blaydes,2026-09-04T01:45:24.823318+00:00,mechanics-8ba01f34444f,3,3 Rnd (5-5-5),True,0,0.5875930521091811,0.43603515625,1,0.496337890625,0,0.049560546875,0,607.6263648737793,900.0
8a0a35e7c74bebcc,2026-09-19,http://ufcstats.com/fight-details/f7810c98786c3dd8,Patricio Pitbull,Dooho Choi,2026-09-04T01:45:24.823318+00:00,mechanics-8ba01f34444f,3,3 Rnd (5-5-5),True,1,0.1260566882148185,0.4228515625,0,0.457275390625,1,0.099365234375,0,604.3557811257324,208.0
8a0a35e7c74bebcc,2026-09-19,http://ufcstats.com/fight-details/73304588cef4f88b,Casey O'Neill,Eduarda Moura,2026-09-04T01:45:24.823318+00:00,mechanics-8ba01f34444f,3,3 Rnd (5-5-5),True,1,0.8429957700920627,0.68505859375,0,0.12744140625,0,0.166259765625,1,751.5209656105957,202.0
7e654edcddd71550,2026-09-26,http://ufcstats.com/fight-details/29423f522e76f12e,Brady Hiestand,Rinya Nakamura,2026-09-04T01:45:24.823318+00:00,mechanics-8ba01f34444f,3,3 Rnd (5-5-5),True,1,0.2962962962962963,0.337890625,0,0.469970703125,0,0.1708984375,1,547.3788944526367,547.0
2144954270be834d,2026-09-05,http://ufcstats.com/fight-details/ad17c34e0cc7d702,Morgan Charriere,Felipe Lima,2026-09-04T01:45:24.823318+00:00,mechanics-8ba01f34444f,3,3 Rnd (5-5-5),True,0,0.7243798546730142,0.424072265625,1,0.423583984375,0,0.12451171875,0,607.5918679521484,900.0
8a0a35e7c74bebcc,2026-09-19,http://ufcstats.com/fight-details/196c64693a2ce308,Alonzo Menifield,Iwo Baraniewski,2026-09-04T01:45:24.823318+00:00,mechanics-8ba01f34444f,3,3 Rnd (5-5-5),True,1,0.22862043616760597,0.020263671875,1,0.953857421875,0,0.021728515625,0,213.42950953198243,900.0
638cfec7ec559d6e,2026-09-12,http://ufcstats.com/fight-details/f154037892b9fb94,Tim Elliott,Edgar Chairez,2026-09-04T01:45:24.823318+00:00,mechanics-8ba01f34444f,3,3 Rnd (5-5-5),True,1,0.44259443339960236,0.304443359375,1,0.375732421875,0,0.30029296875,0,525.5244631721191,900.0
7e654edcddd71550,2026-09-26,http://ufcstats.com/fight-details/577011f3bbcf7f91,John Castaneda,Alatengheili,2026-09-04T01:45:24.823318+00:00,mechanics-8ba01f34444f,3,3 Rnd (5-5-5),True,0,0.87425,0.518798828125,1,0.3896484375,0,0.065185546875,0,662.8946611853028,900.0
2144954270be834d,2026-09-05,http://ufcstats.com/fight-details/809ebb0cfdd01ce2,Nora Cornolle,Klaudia Sygula,2026-09-04T01:45:24.823318+00:00,mechanics-8ba01f34444f,3,3 Rnd (5-5-5),True,1,0.31273455091318486,0.704833984375,1,0.17236328125,0,0.096923828125,0,768.6645128955079,900.0
638cfec7ec559d6e,2026-09-12,http://ufcstats.com/fight-details/d0d48877bf3724d1,Rafa Garcia Jr.,Rongzhu,2026-09-04T01:45:24.823318+00:00,mechanics-8ba01f34444f,3,3 Rnd (5-5-5),True,0,0.4075841285786037,0.55224609375,1,0.28466796875,0,0.133056640625,0,689.3593814821777,900.0
8a0a35e7c74bebcc,2026-09-19,http://ufcstats.com/fight-details/3f2d637ffb324a51,Tai Tuivasa,Robelis Despaigne,2026-09-04T01:45:24.823318+00:00,mechanics-8ba01f34444f,3,3 Rnd (5-5-5),True,0,0.6514215080346106,0.176025390625,1,0.787841796875,0,0.022216796875,0,414.3517770593262,900.0
638cfec7ec559d6e,2026-09-12,http://ufcstats.com/fight-details/d9712b45c094730e,Manon Fiorot,Alexa Grasso,2026-09-04T01:45:24.823318+00:00,mechanics-8ba01f34444f,3,3 Rnd (5-5-5),True,0,0.6323119777158774,0.713623046875,1,0.18359375,0,0.0634765625,0,775.0779724428711,900.0
2144954270be834d,2026-09-05,http://ufcstats.com/fight-details/b1c6ea7d7d413bd5,Mario Pinto,Ryan Spann,2026-09-04T01:45:24.823318+00:00,mechanics-8ba01f34444f,3,3 Rnd (5-5-5),True,1,0.4839108910891089,0.179931640625,0,0.659423828125,1,0.144775390625,0,418.37240610693357,355.0
2144954270be834d,2026-09-05,http://ufcstats.com/fight-details/8300a095a4908ab1,Daniil Donchenko,Punahele Soriano,2026-09-04T01:45:24.823318+00:00,mechanics-8ba01f34444f,3,3 Rnd (5-5-5),True,1,0.7233833292353086,0.1171875,1,0.832275390625,0,0.04248046875,0,359.081832342041,900.0
7e654edcddd71550,2026-09-26,http://ufcstats.com/fight-details/0e55d8a3d7a73912,Raul Rosas Jr.,Raoni Barcelos,2026-09-04T01:45:24.823318+00:00,mechanics-8ba01f34444f,5,5 Rnd (5-5-5-5-5),True,1,0.4383833374659063,0.19287109375,0,0.491943359375,1,0.296630859375,0,724.3596833852539,1298.0
638cfec7ec559d6e,2026-09-12,http://ufcstats.com/fight-details/046c22f769fd8300,Ignacio Bahamondes,Muslim Salikhov,2026-09-04T01:45:24.823318+00:00,mechanics-8ba01f34444f,3,3 Rnd (5-5-5),True,1,0.6696318260439832,0.30615234375,1,0.60595703125,0,0.0732421875,0,533.9000244523926,900.0
8a0a35e7c74bebcc,2026-09-19,http://ufcstats.com/fight-details/fe612d20eec7ef35,Arman Tsarukyan,Mauricio Ruffy,2026-09-04T01:45:24.823318+00:00,mechanics-8ba01f34444f,3,5 Rnd (5-5-5-5-5),False,1,0.24821472543708445,0.111083984375,0,0.81787109375,1,0.061279296875,0,359.78954124780273,296.0
7e654edcddd71550,2026-09-26,http://ufcstats.com/fight-details/f34e58d365bb37b1,Vanessa Demopoulos,Yazmin Jauregui,2026-09-04T01:45:24.823318+00:00,mechanics-8ba01f34444f,3,3 Rnd (5-5-5),True,0,0.18874501992031872,0.474853515625,0,0.42431640625,1,0.080078125,0,627.0665862731934,62.0
7e654edcddd71550,2026-09-26,http://ufcstats.com/fight-details/9037b26e92e25357,Montel Jackson,Ricky Simon,2026-09-04T01:45:24.823318+00:00,mechanics-8ba01f34444f,3,3 Rnd (5-5-5),True,1,0.6224590976698067,0.23974609375,0,0.611572265625,1,0.13134765625,0,488.45717252685546,459.0
8a0a35e7c74bebcc,2026-09-19,http://ufcstats.com/fight-details/2e35163040eb3189,Giga Chikadze,Joanderson Brito,2026-09-04T01:45:24.823318+00:00,mechanics-8ba01f34444f,3,3 Rnd (5-5-5),True,0,0.5713929728382756,0.392333984375,0,0.407470703125,1,0.177490234375,0,587.0241247895508,117.0
