day,event id,fight id,fighter name,opponent name,target,model probability,market no-vig fighter probability,equal_blend,forecast issued at,odds observed at,model trained through
2026-09-26,7e654edcddd71550,5a5395d939bb3ff3,Rodolfo Vieira,Robert Bryczek,1,0.549106168,0.5835324669,0.5663994230587752,2026-09-24T02:51:41+00:00,2026-09-24T02:52:12+00:00,2026-09-19
2026-09-26,7e654edcddd71550,29423f522e76f12e,Brady Hiestand,Rinya Nakamura,1,0.5720518408,0.2598714951,0.40656002102975913,2026-09-24T02:51:41+00:00,2026-09-24T02:52:12+00:00,2026-09-19
2026-09-26,7e654edcddd71550,30b73c201daa089c,Rodolfo Bellato,Christian Edwards,0,0.4252103816,0.6127080113,0.5196510679174255,2026-09-24T02:51:41+00:00,2026-09-24T02:52:12+00:00,2026-09-19
2026-09-26,7e654edcddd71550,9037b26e92e25357,Montel Jackson,Ricky Simon,1,0.6433932696,0.6428598132,0.6431265857657175,2026-09-24T02:51:41+00:00,2026-09-24T02:52:12+00:00,2026-09-19
2026-09-26,7e654edcddd71550,5e5d01e437bced71,Norma Dumont,Ailin Perez,0,0.4146935365,0.4412157143,0.42790283431835396,2026-09-24T02:51:41+00:00,2026-09-24T02:52:12+00:00,2026-09-19
2026-09-26,7e654edcddd71550,577011f3bbcf7f91,John Castaneda,Alatengheili,0,0.6929021947,0.7439043107,0.7191081235789702,2026-09-24T02:51:41+00:00,2026-09-24T02:52:12+00:00,2026-09-19
2026-09-26,7e654edcddd71550,f34e58d365bb37b1,Vanessa Demopoulos,Yazmin Jauregui,0,0.1491701311,0.1375902407,0.14328279496507643,2026-09-24T02:51:41+00:00,2026-09-24T02:52:12+00:00,2026-09-19
2026-09-19,8a0a35e7c74bebcc,568ec6af4008355a,Joshua Van,Alexandre Pantoja,1,0.7779829299,0.5419010817,0.6706164143458023,2026-09-17T02:49:37+00:00,2026-09-17T02:49:41+00:00,2026-09-12
2026-09-19,8a0a35e7c74bebcc,fe612d20eec7ef35,Arman Tsarukyan,Mauricio Ruffy,1,0.7476876699,0.7308829869,0.7393730174923068,2026-09-17T02:49:37+00:00,2026-09-17T02:49:41+00:00,2026-09-12
2026-09-19,8a0a35e7c74bebcc,f7810c98786c3dd8,Patricio Pitbull,Dooho Choi,1,0.245331109,0.298084194,0.2709014295277755,2026-09-17T02:49:37+00:00,2026-09-17T02:49:41+00:00,2026-09-12
2026-09-19,8a0a35e7c74bebcc,023ce4fa7b7b76f9,Gable Steveson,Sean Sharaf,0,0.9131991738,0.9112093686,0.9122093659735522,2026-09-17T02:49:37+00:00,2026-09-17T02:49:41+00:00,2026-09-12
2026-09-19,8a0a35e7c74bebcc,196c64693a2ce308,Alonzo Menifield,Iwo Baraniewski,1,0.2915670779,0.3239045466,0.3074995324712751,2026-09-17T02:49:37+00:00,2026-09-17T02:49:41+00:00,2026-09-12
2026-09-19,8a0a35e7c74bebcc,d0361fe28d05a0b5,Marlon Vera,Charles Jourdain,1,0.2723364243,0.3370923509,0.30374240476974207,2026-09-17T02:49:37+00:00,2026-09-17T02:49:41+00:00,2026-09-12
2026-09-19,8a0a35e7c74bebcc,3f2d637ffb324a51,Tai Tuivasa,Robelis Despaigne,0,0.464622864,0.1624774064,0.290939122960124,2026-09-17T02:49:37+00:00,2026-09-17T02:49:41+00:00,2026-09-12
2026-09-19,8a0a35e7c74bebcc,51789f77811b1817,Ryan Gandra,Ozzy Diaz,1,0.6349236359,0.797845039,0.7237498488105902,2026-09-17T02:49:37+00:00,2026-09-17T02:49:41+00:00,2026-09-12
2026-09-19,8a0a35e7c74bebcc,9be47241c960d082,Edmen Shahbazyan,Brunno Ferreira,1,0.7069627321,0.5949316695,0.653063923728464,2026-09-17T02:49:37+00:00,2026-09-17T02:49:41+00:00,2026-09-12
2026-09-19,8a0a35e7c74bebcc,73304588cef4f88b,Casey O'Neill,Eduarda Moura,1,0.5531087991,0.6509738142,0.6030718383046907,2026-09-17T02:49:37+00:00,2026-09-17T02:49:41+00:00,2026-09-12
2026-09-19,8a0a35e7c74bebcc,2e35163040eb3189,Giga Chikadze,Joanderson Brito,0,0.2491676136,0.2379575388,0.2435188385570701,2026-09-17T02:49:37+00:00,2026-09-17T02:49:41+00:00,2026-09-12
2026-09-12,638cfec7ec559d6e,034c04e480d87b8f,Jean Silva,Jose Delgado,1,0.452494084,0.7709256208,0.6251517831824,2026-09-10T02:49:49+00:00,2026-09-10T02:49:54+00:00,2026-09-05
2026-09-12,638cfec7ec559d6e,1aa008d8597a73b8,Brandon Moreno,Joseph Morales,1,0.6692397581,0.4760830018,0.5755431313862938,2026-09-10T02:49:49+00:00,2026-09-10T02:49:54+00:00,2026-09-05
2026-09-12,638cfec7ec559d6e,1fca7dfa9e1e15cb,Tommy McMillen,Marwan Rahiki,1,0.6099133219,0.5976306843,0.6037883658732373,2026-09-10T02:49:49+00:00,2026-09-10T02:49:54+00:00,2026-09-05
2026-09-12,638cfec7ec559d6e,d9712b45c094730e,Manon Fiorot,Alexa Grasso,0,0.6586839008,0.6818583625,0.6703746438237199,2026-09-10T02:49:49+00:00,2026-09-10T02:49:54+00:00,2026-09-05
2026-09-12,638cfec7ec559d6e,606639bf387f60e2,Waldo Cortes Acosta,Curtis Blaydes,0,0.4051253556,0.6389477152,0.5233137927535874,2026-09-10T02:49:49+00:00,2026-09-10T02:49:54+00:00,2026-09-05
2026-09-12,638cfec7ec559d6e,51caa91f68873cf5,David Martinez,Dan Ige,1,0.7752280389,0.7619527645,0.7686569585015944,2026-09-10T02:49:49+00:00,2026-09-10T02:49:54+00:00,2026-09-05
2026-09-12,638cfec7ec559d6e,f154037892b9fb94,Tim Elliott,Edgar Chairez,1,0.4808630375,0.3498884042,0.41385354696311705,2026-09-10T02:49:49+00:00,2026-09-10T02:49:54+00:00,2026-09-05
2026-09-12,638cfec7ec559d6e,046c22f769fd8300,Ignacio Bahamondes,Muslim Salikhov,1,0.6842526559,0.807134727,0.7507173461109637,2026-09-10T02:49:49+00:00,2026-09-10T02:49:54+00:00,2026-09-05
2026-09-12,638cfec7ec559d6e,9a0e77ecd1b7f04e,Yousri Belgaroui,Djorden Santos,1,0.8921408299,0.8494413963,0.872306955176666,2026-09-10T02:49:49+00:00,2026-09-10T02:49:54+00:00,2026-09-05
2026-09-12,638cfec7ec559d6e,d0d48877bf3724d1,Rafa Garcia,Rongzhu,0,0.6305434807,0.3906213551,0.5112291018803544,2026-09-10T02:49:49+00:00,2026-09-10T02:49:54+00:00,2026-09-05
2026-09-12,638cfec7ec559d6e,64da2e60f1b472fa,JJ Aldrich,Regina Tarin,0,0.37247479,0.2900327141,0.3299480943265935,2026-09-10T02:49:49+00:00,2026-09-10T02:49:54+00:00,2026-09-05
2026-09-05,2144954270be834d,bba8c0ab999b9e6f,Dan Hooker,Salahdine Parnasse,0,0.8890807601,0.1820604299,0.5718658748628962,2026-09-05T03:46:55.074682+00:00,2026-09-04T01:42:12+00:00,2026-08-29
2026-09-05,2144954270be834d,55f698e5c4ed2c47,Fares Ziam,Axel Sola,0,0.6634583967,0.5771909347,0.6212832185461588,2026-09-05T03:46:55.074682+00:00,2026-09-04T01:42:12+00:00,2026-08-29
2026-09-05,2144954270be834d,1f973e21581b082a,Michael Aljarouj,Fabia Sintes,0,0.5,0.5245208722,0.5122678168496868,2026-09-05T03:46:55.074682+00:00,2026-09-04T01:42:12+00:00,2026-08-29
2026-09-05,2144954270be834d,809ebb0cfdd01ce2,Nora Cornolle,Klaudia Sygula,1,0.3446315664,0.5253492985,0.4327552058669572,2026-09-05T03:46:55.074682+00:00,2026-09-04T01:42:12+00:00,2026-08-29
2026-09-05,2144954270be834d,e5fd7ef7ccf955b8,Matthieu Duclos,Luis Felipe Dias,1,0.0752027293,0.5153780206,0.22724597530306653,2026-09-05T03:46:55.074682+00:00,2026-09-04T01:42:12+00:00,2026-08-29
2026-09-05,2144954270be834d,9226a13d001b49ec,Delphine Benouaich,Sofia Montenegro,1,0.5,0.5653121948,0.5327965992035292,2026-09-05T03:46:55.074682+00:00,2026-09-04T01:42:12+00:00,2026-08-29
2026-09-05,2144954270be834d,8300a095a4908ab1,Daniil Donchenko,Punahele Soriano,1,0.7579750883,0.6749248261,0.7183066212853879,2026-09-05T03:46:55.074682+00:00,2026-09-04T01:42:12+00:00,2026-08-29
2026-09-05,2144954270be834d,cbf9063d23513661,Kurtis Campbell,Trevor Peek,1,0.6400889294,0.7611450388,0.7041958182935268,2026-09-05T03:46:55.074682+00:00,2026-09-04T01:42:12+00:00,2026-08-29
2026-09-05,2144954270be834d,b90b099c1f47bb93,Losene Keita,Muhammad Naimov,1,0.6449791242,0.751723957,0.7010776197264139,2026-09-05T03:46:55.074682+00:00,2026-09-04T01:42:12+00:00,2026-08-29
2026-09-05,2144954270be834d,ad17c34e0cc7d702,Morgan Charriere,Felipe Lima,0,0.3502396275,0.3530455692,0.3516413175106204,2026-09-05T03:46:55.074682+00:00,2026-09-04T01:42:12+00:00,2026-08-29
2026-09-05,2144954270be834d,b1c6ea7d7d413bd5,Mario Pinto,Ryan Spann,1,0.8380788126,0.731912395,0.7898754327620466,2026-09-05T03:46:55.074682+00:00,2026-09-04T01:42:12+00:00,2026-08-29
2026-09-05,2144954270be834d,94d411112ebe8fad,Oumar Sy,Modestas Bukauskas,0,0.7513614164,0.6672092038,0.7111011387515099,2026-09-05T03:46:55.074682+00:00,2026-09-04T01:42:12+00:00,2026-08-29
2026-09-05,2144954270be834d,ac3af13ffe39b1d8,Nathaniel Wood,Pavel Andrusca,0,0.9371078453,0.7222504273,0.8615846654071682,2026-09-05T03:46:55.074682+00:00,2026-09-04T01:42:12+00:00,2026-08-29
2026-08-29,9d61d8cb1c354867,228fefc6923c40a5,Umar Nurmagomedov,Song Yadong,0,0.7250796118,0.7981518485,0.7635589722040061,2026-08-25T00:12:34+00:00,2026-08-25T00:12:35+00:00,2026-08-22
2026-08-29,9d61d8cb1c354867,73cb6c4e060c4ee9,Yan Xiaonan,Denise Gomes,0,0.2513055987,0.5906188371,0.41033795124894873,2026-08-25T00:12:34+00:00,2026-08-25T00:12:35+00:00,2026-08-22
2026-08-29,9d61d8cb1c354867,4af8cb715ac0d459,Aoriqileng,Kai Asakura,0,0.3055861269,0.2201471116,0.2606056839995725,2026-08-25T00:12:34+00:00,2026-08-25T00:12:35+00:00,2026-08-22
2026-08-29,9d61d8cb1c354867,48a5d9c4592d2f2a,Alex Perez,Sumudaerji,0,0.4040718895,0.3346007213,0.36865568256345654,2026-08-25T00:12:34+00:00,2026-08-25T00:12:35+00:00,2026-08-22
2026-08-29,9d61d8cb1c354867,f894989058f2bb05,Liu Ce,Levi Rodrigues Jr.,1,0.1632853008,0.6365785382,0.3689509720720523,2026-08-25T00:12:34+00:00,2026-08-25T00:12:35+00:00,2026-08-22
2026-08-29,9d61d8cb1c354867,1fe768d599c159dc,Bilal Hasan,Nilson Rojas,1,0.5,0.8236949059,0.6836922179091445,2026-08-25T00:12:34+00:00,2026-08-25T00:12:35+00:00,2026-08-22
2026-08-29,9d61d8cb1c354867,80f7f5405d5ffca0,Namsrai Batbayar,Andre Lima,0,0.0495418087,0.3106610934,0.13289752251967185,2026-08-25T00:12:34+00:00,2026-08-25T00:12:35+00:00,2026-08-22
2026-08-29,9d61d8cb1c354867,ec5281a72f09d8ac,Rei Tsuruya,Kevin Borjas,1,0.7718655784,0.8270785344,0.8009063575303582,2026-08-25T00:12:34+00:00,2026-08-25T00:12:35+00:00,2026-08-22
2026-08-29,9d61d8cb1c354867,8a980234dab7ae43,Jack Jenkins,Sean Woodson,0,0.372688145,0.4298031242,0.40090922037850335,2026-08-25T00:12:34+00:00,2026-08-25T00:12:35+00:00,2026-08-22
2026-08-29,9d61d8cb1c354867,636867bbc9f96739,Xiao Long,Francesco Nuzzi,0,0.9179402081,0.6162936989,0.8091142670549902,2026-08-25T00:12:34+00:00,2026-08-25T00:12:35+00:00,2026-08-22
2026-08-29,9d61d8cb1c354867,ab5922e10699e869,Lawrence Lui,Hector Santiago,0,0.925590295,0.7178803183,0.8490806257698054,2026-08-25T00:12:34+00:00,2026-08-25T00:12:35+00:00,2026-08-22
2026-08-29,9d61d8cb1c354867,6206c62fc8f0b71b,Xiong Jingnan,Julia Polastri,0,0.1551636561,0.3255130663,0.22941699100458168,2026-08-25T00:12:34+00:00,2026-08-25T00:12:35+00:00,2026-08-22
2026-08-29,9d61d8cb1c354867,6cd4457edf4089f9,Ding Meng,Cameron Nelson,0,0.8928065416,0.5625532918,0.7659590911257496,2026-08-25T00:12:34+00:00,2026-08-25T00:12:35+00:00,2026-08-22
2026-08-22,a0a69dc9914ef6e1,fb77b08a90b92d5b,Anthony Hernandez,Gregory Rodrigues,0,0.7227240645,0.6252925684,0.6759112143113165,2026-08-21T06:05:38+00:00,2026-08-21T06:05:38+00:00,2026-08-15
2026-08-22,a0a69dc9914ef6e1,a57ccf31c5f6f82b,Serghei Spivac,Vitor Petrino,0,0.3436622835,0.4356501794,0.38866545686729664,2026-08-21T06:05:38+00:00,2026-08-21T06:05:38+00:00,2026-08-15
2026-08-22,a0a69dc9914ef6e1,0eba299c9b6760fa,Reinier de Ridder,Roman Dolidze,1,0.6962394495,0.7629354677,0.7308909307962167,2026-08-21T06:05:38+00:00,2026-08-21T06:05:38+00:00,2026-08-15
2026-08-22,a0a69dc9914ef6e1,bf70d01518c80fba,MarQuel Mederos,Mason Jones,1,0.5063413588,0.2811364804,0.3877613133243957,2026-08-21T06:05:38+00:00,2026-08-21T06:05:38+00:00,2026-08-15
2026-08-22,a0a69dc9914ef6e1,a4b3becc0cc394d7,Carli Judice,Jeisla Chaves,1,0.6881408889,0.8090938427,0.7535780901081891,2026-08-21T06:05:38+00:00,2026-08-21T06:05:38+00:00,2026-08-15
2026-08-22,a0a69dc9914ef6e1,a6873fd459587d17,Anthony Wint,Terrance Chatman,1,0.5,0.874331829,0.7251010702716932,2026-08-21T06:05:38+00:00,2026-08-21T06:05:38+00:00,2026-08-15
2026-08-22,a0a69dc9914ef6e1,2bbacf9ed3c64184,Jamall Emmers,Lerryan Douglas,1,0.3736102656,0.2395953059,0.302413857197847,2026-08-21T06:05:38+00:00,2026-08-21T06:05:38+00:00,2026-08-15
2026-08-22,a0a69dc9914ef6e1,5d2c1c4dd444772f,Kennedy Nzechukwu,Shamil Gaziev,0,0.6387217002,0.4472995188,0.5446597219331414,2026-08-21T06:05:38+00:00,2026-08-21T06:05:38+00:00,2026-08-15
2026-08-22,a0a69dc9914ef6e1,bbd05484f8c8d739,Chris Padilla,Nasrat Haqparast,1,0.6266864566,0.4838441954,0.5564312901963152,2026-08-21T06:05:38+00:00,2026-08-21T06:05:38+00:00,2026-08-15
2026-08-22,a0a69dc9914ef6e1,7e86f774f19e5e59,Marcio Barbosa,Ryan Kuse,1,0.9241369229,0.8590291913,0.8960037825331677,2026-08-21T06:05:38+00:00,2026-08-21T06:05:38+00:00,2026-08-15
2026-08-22,a0a69dc9914ef6e1,116dc88b63113f61,Gauge Young,Stan Dorsainvil,0,0.9411180865,0.5886700152,0.8270699830443213,2026-08-21T06:05:38+00:00,2026-08-21T06:05:38+00:00,2026-08-15
2026-08-22,a0a69dc9914ef6e1,11e4a448ce1ae5e3,Wes Schultz,Jackson McVey,0,0.4070244258,0.3890945568,0.3980252861497461,2026-08-21T06:05:38+00:00,2026-08-21T06:05:38+00:00,2026-08-15
2026-08-22,a0a69dc9914ef6e1,97fb716bc7b8751a,Shanelle Dyer,Elise Reed,1,0.8356988981,0.8517589254,0.8438971675862331,2026-08-21T06:05:38+00:00,2026-08-21T06:05:38+00:00,2026-08-15
